window_id,src_event_id,dst_event_id,weight
0,0,1,0.3088400065898895
0,0,2,0.29713284969329834
0,1,2,0.19792653620243073
0,0,3,0.2827695608139038
0,1,3,0.19766834378242493
0,2,3,0.18241026997566223
0,0,4,0.33320146799087524
0,1,4,0.17515620589256287
0,3,4,0.15828143060207367
0,2,4,0.15581122040748596
0,0,5,0.24898661673069
0,2,5,0.248159721493721
0,4,5,0.24048486351966858
0,3,5,0.2360684871673584
0,1,5,0.22724473476409912
0,0,6,0.30050069093704224
0,2,6,0.2258969396352768
0,4,6,0.21981333196163177
0,3,6,0.21481095254421234
0,5,6,0.2145938277244568
0,0,7,0.28089651465415955
0,1,7,0.22279107570648193
0,6,7,0.22176244854927063
0,4,7,0.21978135406970978
0,3,7,0.21616610884666443
0,0,8,0.28496330976486206
0,7,8,0.1976138949394226
0,1,8,0.1963668167591095
0,6,8,0.19323080778121948
0,4,8,0.19247257709503174
0,0,9,0.3110837936401367
0,1,9,0.20720750093460083
0,7,9,0.20183618366718292
0,6,9,0.19970516860485077
0,8,9,0.199356809258461
0,0,10,0.3057876229286194
0,1,10,0.18466727435588837
0,7,10,0.17863723635673523
0,8,10,0.17743763327598572
0,6,10,0.17699648439884186
0,0,11,0.31065651774406433
0,7,11,0.2294268161058426
0,1,11,0.2283579707145691
0,6,11,0.2258494794368744
0,8,11,0.22508969902992249
0,0,12,0.2778160572052002
0,1,12,0.1866382211446762
0,11,12,0.18225856125354767
0,7,12,0.17825791239738464
0,8,12,0.178203284740448
0,0,13,0.27063751220703125
0,11,13,0.2440461367368698
0,7,13,0.24347913265228271
0,9,13,0.24183757603168488
0,8,13,0.24095220863819122
0,0,14,0.3185757100582123
0,1,14,0.18225187063217163
0,11,14,0.17651128768920898
0,6,14,0.17456673085689545
0,8,14,0.17347003519535065
0,0,15,0.3183000385761261
0,1,15,0.19624534249305725
0,11,15,0.19313478469848633
0,7,15,0.19219711422920227
0,8,15,0.1905938684940338
0,0,16,0.290556401014328
0,7,16,0.2072940468788147
0,11,16,0.20721134543418884
0,1,16,0.20694425702095032
0,8,16,0.2042320817708969
0,0,17,0.29777899384498596
0,1,17,0.190245121717453
0,11,17,0.18825627863407135
0,16,17,0.18718522787094116
0,7,17,0.1865665763616562
0,0,18,0.32683447003364563
0,1,18,0.1866368055343628
0,11,18,0.18376649916172028
0,7,18,0.18317477405071259
0,16,18,0.18141767382621765
0,0,19,0.35316455364227295
0,18,19,0.18060661852359772
0,1,19,0.1805221140384674
0,11,19,0.17576977610588074
0,6,19,0.172624871134758
0,0,20,0.3086599111557007
0,18,20,0.18394708633422852
0,1,20,0.18048593401908875
0,11,20,0.18047229945659637
0,7,20,0.18031705915927887
0,0,21,0.3123025894165039
0,18,21,0.1692071259021759
0,20,21,0.168876513838768
0,7,21,0.16708077490329742
0,1,21,0.16684353351593018
0,0,22,0.28796571493148804
0,18,22,0.19091041386127472
0,1,22,0.19010744988918304
0,20,22,0.1900518387556076
0,11,22,0.18603530526161194
0,0,23,0.31073758006095886
0,18,23,0.19334115087985992
0,20,23,0.19328057765960693
0,1,23,0.19133126735687256
0,11,23,0.19000525772571564
0,0,24,0.2673623859882355
0,7,24,0.23985213041305542
0,16,24,0.23979105055332184
0,11,24,0.23832955956459045
0,23,24,0.23655420541763306
0,0,25,0.30184298753738403
0,20,25,0.19931451976299286
0,18,25,0.19874197244644165
0,1,25,0.19625405967235565
0,11,25,0.1957852691411972
0,0,26,0.29279354214668274
0,20,26,0.21355676651000977
0,7,26,0.21318745613098145
0,18,26,0.21283088624477386
0,16,26,0.21254265308380127
0,0,27,0.3118210434913635
0,20,27,0.20871587097644806
0,18,27,0.20821386575698853
0,1,27,0.20520171523094177
0,7,27,0.20267876982688904
0,0,28,0.27710044384002686
0,20,28,0.2024087756872177
0,18,28,0.20230749249458313
0,11,28,0.19983145594596863
0,16,28,0.19944564998149872
0,0,29,0.2591172456741333
0,18,29,0.19903188943862915
0,20,29,0.19808679819107056
0,1,29,0.1975642591714859
0,11,29,0.19446125626564026
0,0,30,0.3259109556674957
0,18,30,0.18014661967754364
0,20,30,0.17936044931411743
0,1,30,0.17902269959449768
0,11,30,0.17559364438056946
0,0,31,0.32541486620903015
0,18,31,0.19388779997825623
0,1,31,0.19276225566864014
0,20,31,0.19240333139896393
0,11,31,0.18699124455451965
0,0,32,0.27665945887565613
0,27,32,0.22605647146701813
0,7,32,0.22565525770187378
0,16,32,0.22457192838191986
0,12,32,0.22360602021217346
0,0,33,0.28053194284439087
0,18,33,0.22351959347724915
0,7,33,0.22287794947624207
0,11,33,0.222195565700531
0,20,33,0.22195442020893097
0,0,34,0.30775418877601624
0,1,34,0.18135111033916473
0,18,34,0.18055683374404907
0,20,34,0.18027864396572113
0,11,34,0.17562802135944366
0,0,35,0.28493595123291016
0,18,35,0.20813289284706116
0,1,35,0.20726220309734344
0,20,35,0.20679020881652832
0,11,35,0.20197618007659912
0,0,36,0.2907981276512146
0,18,36,0.17763465642929077
0,20,36,0.17692096531391144
0,1,36,0.17648674547672272
0,11,36,0.17410393059253693
0,0,37,0.3085345923900604
0,18,37,0.17995303869247437
0,20,37,0.1787676364183426
0,1,37,0.1787165254354477
0,11,37,0.17483054101467133
0,0,38,0.3408398926258087
0,18,38,0.18262533843517303
0,20,38,0.18185293674468994
0,1,38,0.18096691370010376
0,11,38,0.17788103222846985
0,0,39,0.29769816994667053
0,18,39,0.188644140958786
0,20,39,0.18647858500480652
0,1,39,0.18601173162460327
0,11,39,0.18362045288085938
0,0,40,0.32826006412506104
0,18,40,0.17603765428066254
0,20,40,0.17575080692768097
0,1,40,0.17537906765937805
0,11,40,0.17139729857444763
0,0,41,0.3007577359676361
0,18,41,0.19737419486045837
0,20,41,0.1957409679889679
0,1,41,0.19440008699893951
0,7,41,0.19314682483673096
0,0,42,0.26717424392700195
0,20,42,0.1932053416967392
0,18,42,0.19292186200618744
0,7,42,0.1925235092639923
0,11,42,0.19132760167121887
0,0,43,0.288707971572876
0,12,43,0.22514817118644714
0,34,43,0.2224687933921814
0,13,43,0.221476212143898
0,19,43,0.22090022265911102
0,0,44,0.29309791326522827
0,20,44,0.20333637297153473
0,18,44,0.20332232117652893
0,43,44,0.2022171914577484
0,1,44,0.20218685269355774
0,0,45,0.2656943202018738
0,20,45,0.20301058888435364
0,18,45,0.2022235244512558
0,1,45,0.20065049827098846
0,43,45,0.20029465854167938
0,0,46,0.3332615792751312
0,43,46,0.1816965490579605
0,18,46,0.18160156905651093
0,1,46,0.18024620413780212
0,20,46,0.18004554510116577
0,0,47,0.29095545411109924
0,20,47,0.19010336697101593
0,18,47,0.18974222242832184
0,43,47,0.18930165469646454
0,1,47,0.18812939524650574
0,0,48,0.27499890327453613
0,20,48,0.18218131363391876
0,18,48,0.18154318630695343
0,1,48,0.18105629086494446
0,43,48,0.1805824637413025
0,0,49,0.28594428300857544
0,18,49,0.1963462084531784
0,20,49,0.19497831165790558
0,1,49,0.19440943002700806
0,43,49,0.194101020693779
8,400,401,0.3088400065898895
8,400,402,0.29713284969329834
8,401,402,0.19792653620243073
8,400,403,0.2827695608139038
8,401,403,0.19766834378242493
8,402,403,0.18241026997566223
8,400,404,0.33320146799087524
8,401,404,0.17515620589256287
8,403,404,0.15828143060207367
8,402,404,0.15581122040748596
8,400,405,0.24898661673069
8,402,405,0.248159721493721
8,404,405,0.24048486351966858
8,403,405,0.2360684871673584
8,401,405,0.22724473476409912
8,400,406,0.30050069093704224
8,402,406,0.2258969396352768
8,404,406,0.21981333196163177
8,403,406,0.21481095254421234
8,405,406,0.2145938277244568
8,400,407,0.28089651465415955
8,401,407,0.22279107570648193
8,406,407,0.22176244854927063
8,404,407,0.21978135406970978
8,403,407,0.21616610884666443
8,400,408,0.28496330976486206
8,407,408,0.1976138949394226
8,401,408,0.1963668167591095
8,406,408,0.19323080778121948
8,404,408,0.19247257709503174
8,400,409,0.3110837936401367
8,401,409,0.20720750093460083
8,407,409,0.20183618366718292
8,406,409,0.19970516860485077
8,408,409,0.199356809258461
8,400,410,0.3057876229286194
8,401,410,0.18466727435588837
8,407,410,0.17863723635673523
8,408,410,0.17743763327598572
8,406,410,0.17699648439884186
8,400,411,0.31065651774406433
8,407,411,0.2294268161058426
8,401,411,0.2283579707145691
8,406,411,0.2258494794368744
8,408,411,0.22508969902992249
8,400,412,0.2778160572052002
8,401,412,0.1866382211446762
8,411,412,0.18225856125354767
8,407,412,0.17825791239738464
8,408,412,0.178203284740448
8,400,413,0.27063751220703125
8,411,413,0.2440461367368698
8,407,413,0.24347913265228271
8,409,413,0.24183757603168488
8,408,413,0.24095220863819122
8,400,414,0.3185757100582123
8,401,414,0.18225187063217163
8,411,414,0.17651128768920898
8,406,414,0.17456673085689545
8,408,414,0.17347003519535065
8,400,415,0.3183000385761261
8,401,415,0.19624534249305725
8,411,415,0.19313478469848633
8,407,415,0.19219711422920227
8,408,415,0.1905938684940338
8,400,416,0.290556401014328
8,407,416,0.2072940468788147
8,411,416,0.20721134543418884
8,401,416,0.20694425702095032
8,408,416,0.2042320817708969
8,400,417,0.29777899384498596
8,401,417,0.190245121717453
8,411,417,0.18825627863407135
8,416,417,0.18718522787094116
8,407,417,0.1865665763616562
8,400,418,0.32683447003364563
8,401,418,0.1866368055343628
8,411,418,0.18376649916172028
8,407,418,0.18317477405071259
8,416,418,0.18141767382621765
8,400,419,0.35316455364227295
8,418,419,0.18060661852359772
8,401,419,0.1805221140384674
8,411,419,0.17576977610588074
8,406,419,0.172624871134758
8,400,420,0.3086599111557007
8,418,420,0.18394708633422852
8,401,420,0.18048593401908875
8,411,420,0.18047229945659637
8,407,420,0.18031705915927887
8,400,421,0.3123025894165039
8,418,421,0.1692071259021759
8,420,421,0.168876513838768
8,407,421,0.16708077490329742
8,401,421,0.16684353351593018
8,400,422,0.28796571493148804
8,418,422,0.19091041386127472
8,401,422,0.19010744988918304
8,420,422,0.1900518387556076
8,411,422,0.18603530526161194
8,400,423,0.31073758006095886
8,418,423,0.19334115087985992
8,420,423,0.19328057765960693
8,401,423,0.19133126735687256
8,411,423,0.19000525772571564
8,400,424,0.2673623859882355
8,407,424,0.23985213041305542
8,416,424,0.23979105055332184
8,411,424,0.23832955956459045
8,423,424,0.23655420541763306
8,400,425,0.30184298753738403
8,420,425,0.19931451976299286
8,418,425,0.19874197244644165
8,401,425,0.19625405967235565
8,411,425,0.1957852691411972
8,400,426,0.29279354214668274
8,420,426,0.21355676651000977
8,407,426,0.21318745613098145
8,418,426,0.21283088624477386
8,416,426,0.21254265308380127
8,400,427,0.3118210434913635
8,420,427,0.20871587097644806
8,418,427,0.20821386575698853
8,401,427,0.20520171523094177
8,407,427,0.20267876982688904
8,400,428,0.27710044384002686
8,420,428,0.2024087756872177
8,418,428,0.20230749249458313
8,411,428,0.19983145594596863
8,416,428,0.19944564998149872
8,400,429,0.2591172456741333
8,418,429,0.19903188943862915
8,420,429,0.19808679819107056
8,401,429,0.1975642591714859
8,411,429,0.19446125626564026
8,400,430,0.3259109556674957
8,418,430,0.18014661967754364
8,420,430,0.17936044931411743
8,401,430,0.17902269959449768
8,411,430,0.17559364438056946
8,400,431,0.32541486620903015
8,418,431,0.19388779997825623
8,401,431,0.19276225566864014
8,420,431,0.19240333139896393
8,411,431,0.18699124455451965
8,400,432,0.27665945887565613
8,427,432,0.22605647146701813
8,407,432,0.22565525770187378
8,416,432,0.22457192838191986
8,412,432,0.22360602021217346
8,400,433,0.28053194284439087
8,418,433,0.22351959347724915
8,407,433,0.22287794947624207
8,411,433,0.222195565700531
8,420,433,0.22195442020893097
8,400,434,0.30775418877601624
8,401,434,0.18135111033916473
8,418,434,0.18055683374404907
8,420,434,0.18027864396572113
8,411,434,0.17562802135944366
8,400,435,0.28493595123291016
8,418,435,0.20813289284706116
8,401,435,0.20726220309734344
8,420,435,0.20679020881652832
8,411,435,0.20197618007659912
8,400,436,0.2907981276512146
8,418,436,0.17763465642929077
8,420,436,0.17692096531391144
8,401,436,0.17648674547672272
8,411,436,0.17410393059253693
8,400,437,0.3085345923900604
8,418,437,0.17995303869247437
8,420,437,0.1787676364183426
8,401,437,0.1787165254354477
8,411,437,0.17483054101467133
8,400,438,0.3408398926258087
8,418,438,0.18262533843517303
8,420,438,0.18185293674468994
8,401,438,0.18096691370010376
8,411,438,0.17788103222846985
8,400,439,0.29769816994667053
8,418,439,0.188644140958786
8,420,439,0.18647858500480652
8,401,439,0.18601173162460327
8,411,439,0.18362045288085938
8,400,440,0.32826006412506104
8,418,440,0.17603765428066254
8,420,440,0.17575080692768097
8,401,440,0.17537906765937805
8,411,440,0.17139729857444763
8,400,441,0.3007577359676361
8,418,441,0.19737419486045837
8,420,441,0.1957409679889679
8,401,441,0.19440008699893951
8,407,441,0.19314682483673096
8,400,442,0.26717424392700195
8,420,442,0.1932053416967392
8,418,442,0.19292186200618744
8,407,442,0.1925235092639923
8,411,442,0.19132760167121887
8,400,443,0.288707971572876
8,412,443,0.22514817118644714
8,434,443,0.2224687933921814
8,413,443,0.221476212143898
8,419,443,0.22090022265911102
8,400,444,0.29309791326522827
8,420,444,0.20333637297153473
8,418,444,0.20332232117652893
8,443,444,0.2022171914577484
8,401,444,0.20218685269355774
8,400,445,0.2656943202018738
8,420,445,0.20301058888435364
8,418,445,0.2022235244512558
8,401,445,0.20065049827098846
8,443,445,0.20029465854167938
8,400,446,0.3332615792751312
8,443,446,0.1816965490579605
8,418,446,0.18160156905651093
8,401,446,0.18024620413780212
8,420,446,0.18004554510116577
8,400,447,0.29095545411109924
8,420,447,0.19010336697101593
8,418,447,0.18974222242832184
8,443,447,0.18930165469646454
8,401,447,0.18812939524650574
8,400,448,0.27499890327453613
8,420,448,0.18218131363391876
8,418,448,0.18154318630695343
8,401,448,0.18105629086494446
8,443,448,0.1805824637413025
8,400,449,0.28594428300857544
8,418,449,0.1963462084531784
8,420,449,0.19497831165790558
8,401,449,0.19440943002700806
8,443,449,0.194101020693779
10,500,501,0.2562234401702881
10,500,502,0.265375554561615
10,501,502,0.20249319076538086
10,500,503,0.2600530683994293
10,501,503,0.20093122124671936
10,502,503,0.17897376418113708
10,500,504,0.24539519846439362
10,501,504,0.1914728432893753
10,503,504,0.1702307164669037
10,502,504,0.16385585069656372
10,500,505,0.270865261554718
10,502,505,0.26790931820869446
10,504,505,0.25569218397140503
10,503,505,0.24897587299346924
10,501,505,0.23107817769050598
10,500,506,0.27232733368873596
10,502,506,0.24701665341854095
10,504,506,0.23836377263069153
10,505,506,0.23087090253829956
10,503,506,0.23079673945903778
10,500,507,0.25325578451156616
10,501,507,0.23130519688129425
10,506,507,0.22613707184791565
10,504,507,0.22315777838230133
10,503,507,0.2196405827999115
10,500,508,0.25591161847114563
10,507,508,0.20733529329299927
10,501,508,0.20720744132995605
10,504,508,0.20221243798732758
10,506,508,0.20219500362873077
10,500,509,0.2524203956127167
10,501,509,0.20605982840061188
10,507,509,0.19509296119213104
10,506,509,0.1948675662279129
10,508,509,0.19434179365634918
10,500,510,0.24924591183662415
10,501,510,0.1915493607521057
10,508,510,0.18110410869121552
10,506,510,0.1807374805212021
10,507,510,0.18036450445652008
10,500,511,0.26771923899650574
10,501,511,0.2392786741256714
10,507,511,0.2361767292022705
10,506,511,0.23380090296268463
10,508,511,0.23307649791240692
10,500,512,0.24152863025665283
10,501,512,0.19372396171092987
10,510,512,0.18436725437641144
10,511,512,0.1839088499546051
10,506,512,0.1814730316400528
10,500,513,0.26553335785865784
10,501,513,0.23833227157592773
10,511,513,0.23710139095783234
10,507,513,0.23662146925926208
10,508,513,0.23518818616867065
10,500,514,0.24619907140731812
10,501,514,0.18995754420757294
10,510,514,0.18295474350452423
10,506,514,0.17838577926158905
10,511,514,0.17736364901065826
10,500,515,0.2634983956813812
10,501,515,0.2023884505033493
10,511,515,0.19451318681240082
10,508,515,0.19343413412570953
10,506,515,0.19295448064804077
10,500,516,0.26491013169288635
10,501,516,0.21867309510707855
10,511,516,0.21498416364192963
10,507,516,0.21420800685882568
10,508,516,0.21359680593013763
10,500,517,0.25953209400177
10,501,517,0.19391986727714539
10,511,517,0.1878543645143509
10,516,517,0.18755310773849487
10,507,517,0.18581560254096985
10,500,518,0.2564562261104584
10,501,518,0.2019776850938797
10,511,518,0.19442030787467957
10,507,518,0.1931985318660736
10,516,518,0.1920882612466812
10,500,519,0.2588122487068176
10,501,519,0.19356557726860046
10,518,519,0.1914617270231247
10,510,519,0.18716008961200714
10,511,519,0.18201684951782227
10,500,520,0.24902456998825073
10,518,520,0.19766320288181305
10,501,520,0.1949787139892578
10,511,520,0.19084477424621582
10,507,520,0.1901172250509262
10,500,521,0.2480662763118744
10,518,521,0.1796516627073288
10,520,521,0.17902806401252747
10,501,521,0.17766839265823364
10,507,521,0.17569153010845184
10,500,522,0.24890758097171783
10,501,522,0.19574779272079468
10,518,522,0.195089191198349
10,520,522,0.1940549910068512
10,521,522,0.18732070922851562
10,500,523,0.2584308385848999
10,520,523,0.20156456530094147
10,518,523,0.20128460228443146
10,501,523,0.20050713419914246
10,521,523,0.19539298117160797
10,500,524,0.2533256709575653
10,507,524,0.23804709315299988
10,516,524,0.23756997287273407
10,518,524,0.23622708022594452
10,523,524,0.23563642799854279
10,500,525,0.2623169720172882
10,520,525,0.20101892948150635
10,518,525,0.20082005858421326
10,501,525,0.19864200055599213
10,511,525,0.19527217745780945
10,500,526,0.270413875579834
10,507,526,0.2178928256034851
10,516,526,0.2169596552848816
10,520,526,0.21695323288440704
10,518,526,0.21627144515514374
10,500,527,0.2735540568828583
10,520,527,0.21046586334705353
10,518,527,0.21018896996974945
10,501,527,0.2084638923406601
10,521,527,0.20423275232315063
10,500,528,0.266961932182312
10,518,528,0.20097655057907104
10,520,528,0.20060665905475616
10,501,528,0.19795551896095276
10,516,528,0.19667723774909973
10,500,529,0.24952690303325653
10,518,529,0.19668960571289062
10,501,529,0.19581282138824463
10,520,529,0.19518618285655975
10,522,529,0.18976259231567383
10,500,530,0.24725012481212616
10,501,530,0.19351187348365784
10,518,530,0.1925664246082306
10,520,530,0.19215916097164154
10,521,530,0.18683350086212158
10,500,531,0.25037312507629395
10,501,531,0.20770856738090515
10,518,531,0.2065442055463791
10,520,531,0.20538528263568878
10,521,531,0.19884803891181946
10,500,532,0.27208080887794495
10,507,532,0.2240641713142395
10,527,532,0.22286507487297058
10,516,532,0.2228599488735199
10,520,532,0.22144527733325958
10,500,533,0.25523871183395386
10,518,533,0.22710058093070984
10,501,533,0.22542275488376617
10,520,533,0.22501210868358612
10,507,533,0.22281160950660706
10,500,534,0.2500568628311157
10,501,534,0.18597780168056488
10,520,534,0.18289650976657867
10,518,534,0.18265382945537567
10,521,534,0.17841234803199768
10,500,535,0.2665117383003235
10,501,535,0.20444881916046143
10,518,535,0.20360822975635529
10,520,535,0.20218506455421448
10,521,535,0.19737757742404938
10,500,536,0.24803707003593445
10,501,536,0.18459083139896393
10,518,536,0.18411210179328918
10,520,536,0.1834147870540619
10,521,536,0.17773966491222382
10,500,537,0.25279557704925537
10,518,537,0.1845293790102005
10,501,537,0.18411710858345032
10,520,537,0.18288414180278778
10,511,537,0.17571382224559784
10,500,538,0.26175370812416077
10,518,538,0.1946163922548294
10,501,538,0.1945595145225525
10,520,538,0.1938512772321701
10,521,538,0.18692158162593842
10,500,539,0.2511206269264221
10,518,539,0.19472509622573853
10,501,539,0.19304218888282776
10,520,539,0.1916602998971939
10,511,539,0.18639114499092102
10,500,540,0.24744422733783722
10,501,540,0.19381596148014069
10,520,540,0.19245195388793945
10,518,540,0.19200491905212402
10,521,540,0.18714439868927002
10,500,541,0.2624981105327606
10,518,541,0.19772477447986603
10,520,541,0.19539684057235718
10,501,541,0.19501946866512299
10,507,541,0.19106268882751465
10,500,542,0.25840672850608826
10,518,542,0.19337745010852814
10,520,542,0.19333454966545105
10,507,542,0.19222819805145264
10,501,542,0.19000813364982605
10,500,543,0.25906819105148315
10,534,543,0.2587716579437256
10,512,543,0.25803348422050476
10,513,543,0.2542848587036133
10,519,543,0.25250494480133057
10,500,544,0.24805955588817596
10,501,544,0.21109695732593536
10,520,544,0.21028538048267365
10,518,544,0.21015752851963043
10,543,544,0.2099994271993637
10,500,545,0.2599959671497345
10,520,545,0.19849655032157898
10,518,545,0.19838736951351166
10,501,545,0.1971055120229721
10,543,545,0.19502341747283936
10,500,546,0.25280842185020447
10,543,546,0.18856889009475708
10,501,546,0.1875302493572235
10,518,546,0.18740053474903107
10,520,546,0.18592770397663116
10,500,547,0.2512887716293335
10,520,547,0.196783185005188
10,543,547,0.19634288549423218
10,501,547,0.1959991753101349
10,518,547,0.19577699899673462
10,500,548,0.2593115270137787
10,520,548,0.17608825862407684
10,501,548,0.17583829164505005
10,518,548,0.1756415218114853
10,543,548,0.17399568855762482
10,500,549,0.25105157494544983
10,518,549,0.19681218266487122
10,501,549,0.1959974616765976
10,520,549,0.1949058175086975
10,543,549,0.19419638812541962
16,800,801,0.2562234401702881
16,800,802,0.265375554561615
16,801,802,0.20249319076538086
16,800,803,0.2600530683994293
16,801,803,0.20093122124671936
16,802,803,0.17897376418113708
16,800,804,0.24539519846439362
16,801,804,0.1914728432893753
16,803,804,0.1702307164669037
16,802,804,0.16385585069656372
16,800,805,0.270865261554718
16,802,805,0.26790931820869446
16,804,805,0.25569218397140503
16,803,805,0.24897587299346924
16,801,805,0.23107817769050598
16,800,806,0.27232733368873596
16,802,806,0.24701665341854095
16,804,806,0.23836377263069153
16,805,806,0.23087090253829956
16,803,806,0.23079673945903778
16,800,807,0.25325578451156616
16,801,807,0.23130519688129425
16,806,807,0.22613707184791565
16,804,807,0.22315777838230133
16,803,807,0.2196405827999115
16,800,808,0.25591161847114563
16,807,808,0.20733529329299927
16,801,808,0.20720744132995605
16,804,808,0.20221243798732758
16,806,808,0.20219500362873077
16,800,809,0.2524203956127167
16,801,809,0.20605982840061188
16,807,809,0.19509296119213104
16,806,809,0.1948675662279129
16,808,809,0.19434179365634918
16,800,810,0.24924591183662415
16,801,810,0.1915493607521057
16,808,810,0.18110410869121552
16,806,810,0.1807374805212021
16,807,810,0.18036450445652008
16,800,811,0.26771923899650574
16,801,811,0.2392786741256714
16,807,811,0.2361767292022705
16,806,811,0.23380090296268463
16,808,811,0.23307649791240692
16,800,812,0.24152863025665283
16,801,812,0.19372396171092987
16,810,812,0.18436725437641144
16,811,812,0.1839088499546051
16,806,812,0.1814730316400528
16,800,813,0.26553335785865784
16,801,813,0.23833227157592773
16,811,813,0.23710139095783234
16,807,813,0.23662146925926208
16,808,813,0.23518818616867065
16,800,814,0.24619907140731812
16,801,814,0.18995754420757294
16,810,814,0.18295474350452423
16,806,814,0.17838577926158905
16,811,814,0.17736364901065826
16,800,815,0.2634983956813812
16,801,815,0.2023884505033493
16,811,815,0.19451318681240082
16,808,815,0.19343413412570953
16,806,815,0.19295448064804077
16,800,816,0.26491013169288635
16,801,816,0.21867309510707855
16,811,816,0.21498416364192963
16,807,816,0.21420800685882568
16,808,816,0.21359680593013763
16,800,817,0.25953209400177
16,801,817,0.19391986727714539
16,811,817,0.1878543645143509
16,816,817,0.18755310773849487
16,807,817,0.18581560254096985
16,800,818,0.2564562261104584
16,801,818,0.2019776850938797
16,811,818,0.19442030787467957
16,807,818,0.1931985318660736
16,816,818,0.1920882612466812
16,800,819,0.2588122487068176
16,801,819,0.19356557726860046
16,818,819,0.1914617270231247
16,810,819,0.18716008961200714
16,811,819,0.18201684951782227
16,800,820,0.24902456998825073
16,818,820,0.19766320288181305
16,801,820,0.1949787139892578
16,811,820,0.19084477424621582
16,807,820,0.1901172250509262
16,800,821,0.2480662763118744
16,818,821,0.1796516627073288
16,820,821,0.17902806401252747
16,801,821,0.17766839265823364
16,807,821,0.17569153010845184
16,800,822,0.24890758097171783
16,801,822,0.19574779272079468
16,818,822,0.195089191198349
16,820,822,0.1940549910068512
16,821,822,0.18732070922851562
16,800,823,0.2584308385848999
16,820,823,0.20156456530094147
16,818,823,0.20128460228443146
16,801,823,0.20050713419914246
16,821,823,0.19539298117160797
16,800,824,0.2533256709575653
16,807,824,0.23804709315299988
16,816,824,0.23756997287273407
16,818,824,0.23622708022594452
16,823,824,0.23563642799854279
16,800,825,0.2623169720172882
16,820,825,0.20101892948150635
16,818,825,0.20082005858421326
16,801,825,0.19864200055599213
16,811,825,0.19527217745780945
16,800,826,0.270413875579834
16,807,826,0.2178928256034851
16,816,826,0.2169596552848816
16,820,826,0.21695323288440704
16,818,826,0.21627144515514374
16,800,827,0.2735540568828583
16,820,827,0.21046586334705353
16,818,827,0.21018896996974945
16,801,827,0.2084638923406601
16,821,827,0.20423275232315063
16,800,828,0.266961932182312
16,818,828,0.20097655057907104
16,820,828,0.20060665905475616
16,801,828,0.19795551896095276
16,816,828,0.19667723774909973
16,800,829,0.24952690303325653
16,818,829,0.19668960571289062
16,801,829,0.19581282138824463
16,820,829,0.19518618285655975
16,822,829,0.18976259231567383
16,800,830,0.24725012481212616
16,801,830,0.19351187348365784
16,818,830,0.1925664246082306
16,820,830,0.19215916097164154
16,821,830,0.18683350086212158
16,800,831,0.25037312507629395
16,801,831,0.20770856738090515
16,818,831,0.2065442055463791
16,820,831,0.20538528263568878
16,821,831,0.19884803891181946
16,800,832,0.27208080887794495
16,807,832,0.2240641713142395
16,827,832,0.22286507487297058
16,816,832,0.2228599488735199
16,820,832,0.22144527733325958
16,800,833,0.25523871183395386
16,818,833,0.22710058093070984
16,801,833,0.22542275488376617
16,820,833,0.22501210868358612
16,807,833,0.22281160950660706
16,800,834,0.2500568628311157
16,801,834,0.18597780168056488
16,820,834,0.18289650976657867
16,818,834,0.18265382945537567
16,821,834,0.17841234803199768
16,800,835,0.2665117383003235
16,801,835,0.20444881916046143
16,818,835,0.20360822975635529
16,820,835,0.20218506455421448
16,821,835,0.19737757742404938
16,800,836,0.24803707003593445
16,801,836,0.18459083139896393
16,818,836,0.18411210179328918
16,820,836,0.1834147870540619
16,821,836,0.17773966491222382
16,800,837,0.25279557704925537
16,818,837,0.1845293790102005
16,801,837,0.18411710858345032
16,820,837,0.18288414180278778
16,811,837,0.17571382224559784
16,800,838,0.26175370812416077
16,818,838,0.1946163922548294
16,801,838,0.1945595145225525
16,820,838,0.1938512772321701
16,821,838,0.18692158162593842
16,800,839,0.2511206269264221
16,818,839,0.19472509622573853
16,801,839,0.19304218888282776
16,820,839,0.1916602998971939
16,811,839,0.18639114499092102
16,800,840,0.24744422733783722
16,801,840,0.19381596148014069
16,820,840,0.19245195388793945
16,818,840,0.19200491905212402
16,821,840,0.18714439868927002
16,800,841,0.2624981105327606
16,818,841,0.19772477447986603
16,820,841,0.19539684057235718
16,801,841,0.19501946866512299
16,807,841,0.19106268882751465
16,800,842,0.25840672850608826
16,818,842,0.19337745010852814
16,820,842,0.19333454966545105
16,807,842,0.19222819805145264
16,801,842,0.19000813364982605
16,800,843,0.25906819105148315
16,834,843,0.2587716579437256
16,812,843,0.25803348422050476
16,813,843,0.2542848587036133
16,819,843,0.25250494480133057
16,800,844,0.24805955588817596
16,801,844,0.21109695732593536
16,820,844,0.21028538048267365
16,818,844,0.21015752851963043
16,843,844,0.2099994271993637
16,800,845,0.2599959671497345
16,820,845,0.19849655032157898
16,818,845,0.19838736951351166
16,801,845,0.1971055120229721
16,843,845,0.19502341747283936
16,800,846,0.25280842185020447
16,843,846,0.18856889009475708
16,801,846,0.1875302493572235
16,818,846,0.18740053474903107
16,820,846,0.18592770397663116
16,800,847,0.2512887716293335
16,820,847,0.196783185005188
16,843,847,0.19634288549423218
16,801,847,0.1959991753101349
16,818,847,0.19577699899673462
16,800,848,0.2593115270137787
16,820,848,0.17608825862407684
16,801,848,0.17583829164505005
16,818,848,0.1756415218114853
16,843,848,0.17399568855762482
16,800,849,0.25105157494544983
16,818,849,0.19681218266487122
16,801,849,0.1959974616765976
16,820,849,0.1949058175086975
16,843,849,0.19419638812541962
17,850,851,0.3088400065898895
17,850,852,0.29713284969329834
17,851,852,0.19792653620243073
17,850,853,0.2827695608139038
17,851,853,0.19766834378242493
17,852,853,0.18241026997566223
17,850,854,0.33320146799087524
17,851,854,0.17515620589256287
17,853,854,0.15828143060207367
17,852,854,0.15581122040748596
17,850,855,0.24898661673069
17,852,855,0.248159721493721
17,854,855,0.24048486351966858
17,853,855,0.2360684871673584
17,851,855,0.22724473476409912
17,850,856,0.30050069093704224
17,852,856,0.2258969396352768
17,854,856,0.21981333196163177
17,853,856,0.21481095254421234
17,855,856,0.2145938277244568
17,850,857,0.28089651465415955
17,851,857,0.22279107570648193
17,856,857,0.22176244854927063
17,854,857,0.21978135406970978
17,853,857,0.21616610884666443
17,850,858,0.28496330976486206
17,857,858,0.1976138949394226
17,851,858,0.1963668167591095
17,856,858,0.19323080778121948
17,854,858,0.19247257709503174
17,850,859,0.3110837936401367
17,851,859,0.20720750093460083
17,857,859,0.20183618366718292
17,856,859,0.19970516860485077
17,858,859,0.199356809258461
17,850,860,0.3057876229286194
17,851,860,0.18466727435588837
17,857,860,0.17863723635673523
17,858,860,0.17743763327598572
17,856,860,0.17699648439884186
17,850,861,0.31065651774406433
17,857,861,0.2294268161058426
17,851,861,0.2283579707145691
17,856,861,0.2258494794368744
17,858,861,0.22508969902992249
17,850,862,0.2778160572052002
17,851,862,0.1866382211446762
17,861,862,0.18225856125354767
17,857,862,0.17825791239738464
17,858,862,0.178203284740448
17,850,863,0.27063751220703125
17,861,863,0.2440461367368698
17,857,863,0.24347913265228271
17,859,863,0.24183757603168488
17,858,863,0.24095220863819122
17,850,864,0.3185757100582123
17,851,864,0.18225187063217163
17,861,864,0.17651128768920898
17,856,864,0.17456673085689545
17,858,864,0.17347003519535065
17,850,865,0.3183000385761261
17,851,865,0.19624534249305725
17,861,865,0.19313478469848633
17,857,865,0.19219711422920227
17,858,865,0.1905938684940338
17,850,866,0.290556401014328
17,857,866,0.2072940468788147
17,861,866,0.20721134543418884
17,851,866,0.20694425702095032
17,858,866,0.2042320817708969
17,850,867,0.29777899384498596
17,851,867,0.190245121717453
17,861,867,0.18825627863407135
17,866,867,0.18718522787094116
17,857,867,0.1865665763616562
17,850,868,0.32683447003364563
17,851,868,0.1866368055343628
17,861,868,0.18376649916172028
17,857,868,0.18317477405071259
17,866,868,0.18141767382621765
17,850,869,0.35316455364227295
17,868,869,0.18060661852359772
17,851,869,0.1805221140384674
17,861,869,0.17576977610588074
17,856,869,0.172624871134758
17,850,870,0.3086599111557007
17,868,870,0.18394708633422852
17,851,870,0.18048593401908875
17,861,870,0.18047229945659637
17,857,870,0.18031705915927887
17,850,871,0.3123025894165039
17,868,871,0.1692071259021759
17,870,871,0.168876513838768
17,857,871,0.16708077490329742
17,851,871,0.16684353351593018
17,850,872,0.28796571493148804
17,868,872,0.19091041386127472
17,851,872,0.19010744988918304
17,870,872,0.1900518387556076
17,861,872,0.18603530526161194
17,850,873,0.31073758006095886
17,868,873,0.19334115087985992
17,870,873,0.19328057765960693
17,851,873,0.19133126735687256
17,861,873,0.19000525772571564
17,850,874,0.2673623859882355
17,857,874,0.23985213041305542
17,866,874,0.23979105055332184
17,861,874,0.23832955956459045
17,873,874,0.23655420541763306
17,850,875,0.30184298753738403
17,870,875,0.19931451976299286
17,868,875,0.19874197244644165
17,851,875,0.19625405967235565
17,861,875,0.1957852691411972
17,850,876,0.29279354214668274
17,870,876,0.21355676651000977
17,857,876,0.21318745613098145
17,868,876,0.21283088624477386
17,866,876,0.21254265308380127
17,850,877,0.3118210434913635
17,870,877,0.20871587097644806
17,868,877,0.20821386575698853
17,851,877,0.20520171523094177
17,857,877,0.20267876982688904
17,850,878,0.27710044384002686
17,870,878,0.2024087756872177
17,868,878,0.20230749249458313
17,861,878,0.19983145594596863
17,866,878,0.19944564998149872
17,850,879,0.2591172456741333
17,868,879,0.19903188943862915
17,870,879,0.19808679819107056
17,851,879,0.1975642591714859
17,861,879,0.19446125626564026
17,850,880,0.3259109556674957
17,868,880,0.18014661967754364
17,870,880,0.17936044931411743
17,851,880,0.17902269959449768
17,861,880,0.17559364438056946
17,850,881,0.32541486620903015
17,868,881,0.19388779997825623
17,851,881,0.19276225566864014
17,870,881,0.19240333139896393
17,861,881,0.18699124455451965
17,850,882,0.27665945887565613
17,877,882,0.22605647146701813
17,857,882,0.22565525770187378
17,866,882,0.22457192838191986
17,862,882,0.22360602021217346
17,850,883,0.28053194284439087
17,868,883,0.22351959347724915
17,857,883,0.22287794947624207
17,861,883,0.222195565700531
17,870,883,0.22195442020893097
17,850,884,0.30775418877601624
17,851,884,0.18135111033916473
17,868,884,0.18055683374404907
17,870,884,0.18027864396572113
17,861,884,0.17562802135944366
17,850,885,0.28493595123291016
17,868,885,0.20813289284706116
17,851,885,0.20726220309734344
17,870,885,0.20679020881652832
17,861,885,0.20197618007659912
17,850,886,0.2907981276512146
17,868,886,0.17763465642929077
17,870,886,0.17692096531391144
17,851,886,0.17648674547672272
17,861,886,0.17410393059253693
17,850,887,0.3085345923900604
17,868,887,0.17995303869247437
17,870,887,0.1787676364183426
17,851,887,0.1787165254354477
17,861,887,0.17483054101467133
17,850,888,0.3408398926258087
17,868,888,0.18262533843517303
17,870,888,0.18185293674468994
17,851,888,0.18096691370010376
17,861,888,0.17788103222846985
17,850,889,0.29769816994667053
17,868,889,0.188644140958786
17,870,889,0.18647858500480652
17,851,889,0.18601173162460327
17,861,889,0.18362045288085938
17,850,890,0.32826006412506104
17,868,890,0.17603765428066254
17,870,890,0.17575080692768097
17,851,890,0.17537906765937805
17,861,890,0.17139729857444763
17,850,891,0.3007577359676361
17,868,891,0.19737419486045837
17,870,891,0.1957409679889679
17,851,891,0.19440008699893951
17,857,891,0.19314682483673096
17,850,892,0.26717424392700195
17,870,892,0.1932053416967392
17,868,892,0.19292186200618744
17,857,892,0.1925235092639923
17,861,892,0.19132760167121887
17,850,893,0.288707971572876
17,862,893,0.22514817118644714
17,884,893,0.2224687933921814
17,863,893,0.221476212143898
17,869,893,0.22090022265911102
17,850,894,0.29309791326522827
17,870,894,0.20333637297153473
17,868,894,0.20332232117652893
17,893,894,0.2022171914577484
17,851,894,0.20218685269355774
17,850,895,0.2656943202018738
17,870,895,0.20301058888435364
17,868,895,0.2022235244512558
17,851,895,0.20065049827098846
17,893,895,0.20029465854167938
17,850,896,0.3332615792751312
17,893,896,0.1816965490579605
17,868,896,0.18160156905651093
17,851,896,0.18024620413780212
17,870,896,0.18004554510116577
17,850,897,0.29095545411109924
17,870,897,0.19010336697101593
17,868,897,0.18974222242832184
17,893,897,0.18930165469646454
17,851,897,0.18812939524650574
17,850,898,0.27499890327453613
17,870,898,0.18218131363391876
17,868,898,0.18154318630695343
17,851,898,0.18105629086494446
17,893,898,0.1805824637413025
17,850,899,0.28594428300857544
17,868,899,0.1963462084531784
17,870,899,0.19497831165790558
17,851,899,0.19440943002700806
17,893,899,0.194101020693779
19,950,951,0.3088400065898895
19,950,952,0.29713284969329834
19,951,952,0.19792653620243073
19,950,953,0.2827695608139038
19,951,953,0.19766834378242493
19,952,953,0.18241026997566223
19,950,954,0.33320146799087524
19,951,954,0.17515620589256287
19,953,954,0.15828143060207367
19,952,954,0.15581122040748596
19,950,955,0.24898661673069
19,952,955,0.248159721493721
19,954,955,0.24048486351966858
19,953,955,0.2360684871673584
19,951,955,0.22724473476409912
19,950,956,0.30050069093704224
19,952,956,0.2258969396352768
19,954,956,0.21981333196163177
19,953,956,0.21481095254421234
19,955,956,0.2145938277244568
19,950,957,0.28089651465415955
19,951,957,0.22279107570648193
19,956,957,0.22176244854927063
19,954,957,0.21978135406970978
19,953,957,0.21616610884666443
19,950,958,0.28496330976486206
19,957,958,0.1976138949394226
19,951,958,0.1963668167591095
19,956,958,0.19323080778121948
19,954,958,0.19247257709503174
19,950,959,0.3110837936401367
19,951,959,0.20720750093460083
19,957,959,0.20183618366718292
19,956,959,0.19970516860485077
19,958,959,0.199356809258461
19,950,960,0.3057876229286194
19,951,960,0.18466727435588837
19,957,960,0.17863723635673523
19,958,960,0.17743763327598572
19,956,960,0.17699648439884186
19,950,961,0.31065651774406433
19,957,961,0.2294268161058426
19,951,961,0.2283579707145691
19,956,961,0.2258494794368744
19,958,961,0.22508969902992249
19,950,962,0.2778160572052002
19,951,962,0.1866382211446762
19,961,962,0.18225856125354767
19,957,962,0.17825791239738464
19,958,962,0.178203284740448
19,950,963,0.27063751220703125
19,961,963,0.2440461367368698
19,957,963,0.24347913265228271
19,959,963,0.24183757603168488
19,958,963,0.24095220863819122
19,950,964,0.3185757100582123
19,951,964,0.18225187063217163
19,961,964,0.17651128768920898
19,956,964,0.17456673085689545
19,958,964,0.17347003519535065
19,950,965,0.3183000385761261
19,951,965,0.19624534249305725
19,961,965,0.19313478469848633
19,957,965,0.19219711422920227
19,958,965,0.1905938684940338
19,950,966,0.290556401014328
19,957,966,0.2072940468788147
19,961,966,0.20721134543418884
19,951,966,0.20694425702095032
19,958,966,0.2042320817708969
19,950,967,0.29777899384498596
19,951,967,0.190245121717453
19,961,967,0.18825627863407135
19,966,967,0.18718522787094116
19,957,967,0.1865665763616562
19,950,968,0.32683447003364563
19,951,968,0.1866368055343628
19,961,968,0.18376649916172028
19,957,968,0.18317477405071259
19,966,968,0.18141767382621765
19,950,969,0.35316455364227295
19,968,969,0.18060661852359772
19,951,969,0.1805221140384674
19,961,969,0.17576977610588074
19,956,969,0.172624871134758
19,950,970,0.3086599111557007
19,968,970,0.18394708633422852
19,951,970,0.18048593401908875
19,961,970,0.18047229945659637
19,957,970,0.18031705915927887
19,950,971,0.3123025894165039
19,968,971,0.1692071259021759
19,970,971,0.168876513838768
19,957,971,0.16708077490329742
19,951,971,0.16684353351593018
19,950,972,0.28796571493148804
19,968,972,0.19091041386127472
19,951,972,0.19010744988918304
19,970,972,0.1900518387556076
19,961,972,0.18603530526161194
19,950,973,0.31073758006095886
19,968,973,0.19334115087985992
19,970,973,0.19328057765960693
19,951,973,0.19133126735687256
19,961,973,0.19000525772571564
19,950,974,0.2673623859882355
19,957,974,0.23985213041305542
19,966,974,0.23979105055332184
19,961,974,0.23832955956459045
19,973,974,0.23655420541763306
19,950,975,0.30184298753738403
19,970,975,0.19931451976299286
19,968,975,0.19874197244644165
19,951,975,0.19625405967235565
19,961,975,0.1957852691411972
19,950,976,0.29279354214668274
19,970,976,0.21355676651000977
19,957,976,0.21318745613098145
19,968,976,0.21283088624477386
19,966,976,0.21254265308380127
19,950,977,0.3118210434913635
19,970,977,0.20871587097644806
19,968,977,0.20821386575698853
19,951,977,0.20520171523094177
19,957,977,0.20267876982688904
19,950,978,0.27710044384002686
19,970,978,0.2024087756872177
19,968,978,0.20230749249458313
19,961,978,0.19983145594596863
19,966,978,0.19944564998149872
19,950,979,0.2591172456741333
19,968,979,0.19903188943862915
19,970,979,0.19808679819107056
19,951,979,0.1975642591714859
19,961,979,0.19446125626564026
19,950,980,0.3259109556674957
19,968,980,0.18014661967754364
19,970,980,0.17936044931411743
19,951,980,0.17902269959449768
19,961,980,0.17559364438056946
19,950,981,0.32541486620903015
19,968,981,0.19388779997825623
19,951,981,0.19276225566864014
19,970,981,0.19240333139896393
19,961,981,0.18699124455451965
19,950,982,0.27665945887565613
19,977,982,0.22605647146701813
19,957,982,0.22565525770187378
19,966,982,0.22457192838191986
19,962,982,0.22360602021217346
19,950,983,0.28053194284439087
19,968,983,0.22351959347724915
19,957,983,0.22287794947624207
19,961,983,0.222195565700531
19,970,983,0.22195442020893097
19,950,984,0.30775418877601624
19,951,984,0.18135111033916473
19,968,984,0.18055683374404907
19,970,984,0.18027864396572113
19,961,984,0.17562802135944366
19,950,985,0.28493595123291016
19,968,985,0.20813289284706116
19,951,985,0.20726220309734344
19,970,985,0.20679020881652832
19,961,985,0.20197618007659912
19,950,986,0.2907981276512146
19,968,986,0.17763465642929077
19,970,986,0.17692096531391144
19,951,986,0.17648674547672272
19,961,986,0.17410393059253693
19,950,987,0.3085345923900604
19,968,987,0.17995303869247437
19,970,987,0.1787676364183426
19,951,987,0.1787165254354477
19,961,987,0.17483054101467133
19,950,988,0.3408398926258087
19,968,988,0.18262533843517303
19,970,988,0.18185293674468994
19,951,988,0.18096691370010376
19,961,988,0.17788103222846985
19,950,989,0.29769816994667053
19,968,989,0.188644140958786
19,970,989,0.18647858500480652
19,951,989,0.18601173162460327
19,961,989,0.18362045288085938
19,950,990,0.32826006412506104
19,968,990,0.17603765428066254
19,970,990,0.17575080692768097
19,951,990,0.17537906765937805
19,961,990,0.17139729857444763
19,950,991,0.3007577359676361
19,968,991,0.19737419486045837
19,970,991,0.1957409679889679
19,951,991,0.19440008699893951
19,957,991,0.19314682483673096
19,950,992,0.26717424392700195
19,970,992,0.1932053416967392
19,968,992,0.19292186200618744
19,957,992,0.1925235092639923
19,961,992,0.19132760167121887
19,950,993,0.288707971572876
19,962,993,0.22514817118644714
19,984,993,0.2224687933921814
19,963,993,0.221476212143898
19,969,993,0.22090022265911102
19,950,994,0.29309791326522827
19,970,994,0.20333637297153473
19,968,994,0.20332232117652893
19,993,994,0.2022171914577484
19,951,994,0.20218685269355774
19,950,995,0.2656943202018738
19,970,995,0.20301058888435364
19,968,995,0.2022235244512558
19,951,995,0.20065049827098846
19,993,995,0.20029465854167938
19,950,996,0.3332615792751312
19,993,996,0.1816965490579605
19,968,996,0.18160156905651093
19,951,996,0.18024620413780212
19,970,996,0.18004554510116577
19,950,997,0.29095545411109924
19,970,997,0.19010336697101593
19,968,997,0.18974222242832184
19,993,997,0.18930165469646454
19,951,997,0.18812939524650574
19,950,998,0.27499890327453613
19,970,998,0.18218131363391876
19,968,998,0.18154318630695343
19,951,998,0.18105629086494446
19,993,998,0.1805824637413025
19,950,999,0.28594428300857544
19,968,999,0.1963462084531784
19,970,999,0.19497831165790558
19,951,999,0.19440943002700806
19,993,999,0.194101020693779
23,1150,1151,0.3088400065898895
23,1150,1152,0.29713284969329834
23,1151,1152,0.19792653620243073
23,1150,1153,0.2827695608139038
23,1151,1153,0.19766834378242493
23,1152,1153,0.18241026997566223
23,1150,1154,0.33320146799087524
23,1151,1154,0.17515620589256287
23,1153,1154,0.15828143060207367
23,1152,1154,0.15581122040748596
23,1150,1155,0.24898661673069
23,1152,1155,0.248159721493721
23,1154,1155,0.24048486351966858
23,1153,1155,0.2360684871673584
23,1151,1155,0.22724473476409912
23,1150,1156,0.30050069093704224
23,1152,1156,0.2258969396352768
23,1154,1156,0.21981333196163177
23,1153,1156,0.21481095254421234
23,1155,1156,0.2145938277244568
23,1150,1157,0.28089651465415955
23,1151,1157,0.22279107570648193
23,1156,1157,0.22176244854927063
23,1154,1157,0.21978135406970978
23,1153,1157,0.21616610884666443
23,1150,1158,0.28496330976486206
23,1157,1158,0.1976138949394226
23,1151,1158,0.1963668167591095
23,1156,1158,0.19323080778121948
23,1154,1158,0.19247257709503174
23,1150,1159,0.3110837936401367
23,1151,1159,0.20720750093460083
23,1157,1159,0.20183618366718292
23,1156,1159,0.19970516860485077
23,1158,1159,0.199356809258461
23,1150,1160,0.3057876229286194
23,1151,1160,0.18466727435588837
23,1157,1160,0.17863723635673523
23,1158,1160,0.17743763327598572
23,1156,1160,0.17699648439884186
23,1150,1161,0.31065651774406433
23,1157,1161,0.2294268161058426
23,1151,1161,0.2283579707145691
23,1156,1161,0.2258494794368744
23,1158,1161,0.22508969902992249
23,1150,1162,0.2778160572052002
23,1151,1162,0.1866382211446762
23,1161,1162,0.18225856125354767
23,1157,1162,0.17825791239738464
23,1158,1162,0.178203284740448
23,1150,1163,0.27063751220703125
23,1161,1163,0.2440461367368698
23,1157,1163,0.24347913265228271
23,1159,1163,0.24183757603168488
23,1158,1163,0.24095220863819122
23,1150,1164,0.3185757100582123
23,1151,1164,0.18225187063217163
23,1161,1164,0.17651128768920898
23,1156,1164,0.17456673085689545
23,1158,1164,0.17347003519535065
23,1150,1165,0.3183000385761261
23,1151,1165,0.19624534249305725
23,1161,1165,0.19313478469848633
23,1157,1165,0.19219711422920227
23,1158,1165,0.1905938684940338
23,1150,1166,0.290556401014328
23,1157,1166,0.2072940468788147
23,1161,1166,0.20721134543418884
23,1151,1166,0.20694425702095032
23,1158,1166,0.2042320817708969
23,1150,1167,0.29777899384498596
23,1151,1167,0.190245121717453
23,1161,1167,0.18825627863407135
23,1166,1167,0.18718522787094116
23,1157,1167,0.1865665763616562
23,1150,1168,0.32683447003364563
23,1151,1168,0.1866368055343628
23,1161,1168,0.18376649916172028
23,1157,1168,0.18317477405071259
23,1166,1168,0.18141767382621765
23,1150,1169,0.35316455364227295
23,1168,1169,0.18060661852359772
23,1151,1169,0.1805221140384674
23,1161,1169,0.17576977610588074
23,1156,1169,0.172624871134758
23,1150,1170,0.3086599111557007
23,1168,1170,0.18394708633422852
23,1151,1170,0.18048593401908875
23,1161,1170,0.18047229945659637
23,1157,1170,0.18031705915927887
23,1150,1171,0.3123025894165039
23,1168,1171,0.1692071259021759
23,1170,1171,0.168876513838768
23,1157,1171,0.16708077490329742
23,1151,1171,0.16684353351593018
23,1150,1172,0.28796571493148804
23,1168,1172,0.19091041386127472
23,1151,1172,0.19010744988918304
23,1170,1172,0.1900518387556076
23,1161,1172,0.18603530526161194
23,1150,1173,0.31073758006095886
23,1168,1173,0.19334115087985992
23,1170,1173,0.19328057765960693
23,1151,1173,0.19133126735687256
23,1161,1173,0.19000525772571564
23,1150,1174,0.2673623859882355
23,1157,1174,0.23985213041305542
23,1166,1174,0.23979105055332184
23,1161,1174,0.23832955956459045
23,1173,1174,0.23655420541763306
23,1150,1175,0.30184298753738403
23,1170,1175,0.19931451976299286
23,1168,1175,0.19874197244644165
23,1151,1175,0.19625405967235565
23,1161,1175,0.1957852691411972
23,1150,1176,0.29279354214668274
23,1170,1176,0.21355676651000977
23,1157,1176,0.21318745613098145
23,1168,1176,0.21283088624477386
23,1166,1176,0.21254265308380127
23,1150,1177,0.3118210434913635
23,1170,1177,0.20871587097644806
23,1168,1177,0.20821386575698853
23,1151,1177,0.20520171523094177
23,1157,1177,0.20267876982688904
23,1150,1178,0.27710044384002686
23,1170,1178,0.2024087756872177
23,1168,1178,0.20230749249458313
23,1161,1178,0.19983145594596863
23,1166,1178,0.19944564998149872
23,1150,1179,0.2591172456741333
23,1168,1179,0.19903188943862915
23,1170,1179,0.19808679819107056
23,1151,1179,0.1975642591714859
23,1161,1179,0.19446125626564026
23,1150,1180,0.3259109556674957
23,1168,1180,0.18014661967754364
23,1170,1180,0.17936044931411743
23,1151,1180,0.17902269959449768
23,1161,1180,0.17559364438056946
23,1150,1181,0.32541486620903015
23,1168,1181,0.19388779997825623
23,1151,1181,0.19276225566864014
23,1170,1181,0.19240333139896393
23,1161,1181,0.18699124455451965
23,1150,1182,0.27665945887565613
23,1177,1182,0.22605647146701813
23,1157,1182,0.22565525770187378
23,1166,1182,0.22457192838191986
23,1162,1182,0.22360602021217346
23,1150,1183,0.28053194284439087
23,1168,1183,0.22351959347724915
23,1157,1183,0.22287794947624207
23,1161,1183,0.222195565700531
23,1170,1183,0.22195442020893097
23,1150,1184,0.30775418877601624
23,1151,1184,0.18135111033916473
23,1168,1184,0.18055683374404907
23,1170,1184,0.18027864396572113
23,1161,1184,0.17562802135944366
23,1150,1185,0.28493595123291016
23,1168,1185,0.20813289284706116
23,1151,1185,0.20726220309734344
23,1170,1185,0.20679020881652832
23,1161,1185,0.20197618007659912
23,1150,1186,0.2907981276512146
23,1168,1186,0.17763465642929077
23,1170,1186,0.17692096531391144
23,1151,1186,0.17648674547672272
23,1161,1186,0.17410393059253693
23,1150,1187,0.3085345923900604
23,1168,1187,0.17995303869247437
23,1170,1187,0.1787676364183426
23,1151,1187,0.1787165254354477
23,1161,1187,0.17483054101467133
23,1150,1188,0.3408398926258087
23,1168,1188,0.18262533843517303
23,1170,1188,0.18185293674468994
23,1151,1188,0.18096691370010376
23,1161,1188,0.17788103222846985
23,1150,1189,0.29769816994667053
23,1168,1189,0.188644140958786
23,1170,1189,0.18647858500480652
23,1151,1189,0.18601173162460327
23,1161,1189,0.18362045288085938
23,1150,1190,0.32826006412506104
23,1168,1190,0.17603765428066254
23,1170,1190,0.17575080692768097
23,1151,1190,0.17537906765937805
23,1161,1190,0.17139729857444763
23,1150,1191,0.3007577359676361
23,1168,1191,0.19737419486045837
23,1170,1191,0.1957409679889679
23,1151,1191,0.19440008699893951
23,1157,1191,0.19314682483673096
23,1150,1192,0.26717424392700195
23,1170,1192,0.1932053416967392
23,1168,1192,0.19292186200618744
23,1157,1192,0.1925235092639923
23,1161,1192,0.19132760167121887
23,1150,1193,0.288707971572876
23,1162,1193,0.22514817118644714
23,1184,1193,0.2224687933921814
23,1163,1193,0.221476212143898
23,1169,1193,0.22090022265911102
23,1150,1194,0.29309791326522827
23,1170,1194,0.20333637297153473
23,1168,1194,0.20332232117652893
23,1193,1194,0.2022171914577484
23,1151,1194,0.20218685269355774
23,1150,1195,0.2656943202018738
23,1170,1195,0.20301058888435364
23,1168,1195,0.2022235244512558
23,1151,1195,0.20065049827098846
23,1193,1195,0.20029465854167938
23,1150,1196,0.3332615792751312
23,1193,1196,0.1816965490579605
23,1168,1196,0.18160156905651093
23,1151,1196,0.18024620413780212
23,1170,1196,0.18004554510116577
23,1150,1197,0.29095545411109924
23,1170,1197,0.19010336697101593
23,1168,1197,0.18974222242832184
23,1193,1197,0.18930165469646454
23,1151,1197,0.18812939524650574
23,1150,1198,0.27499890327453613
23,1170,1198,0.18218131363391876
23,1168,1198,0.18154318630695343
23,1151,1198,0.18105629086494446
23,1193,1198,0.1805824637413025
23,1150,1199,0.28594428300857544
23,1168,1199,0.1963462084531784
23,1170,1199,0.19497831165790558
23,1151,1199,0.19440943002700806
23,1193,1199,0.194101020693779
30,1500,1501,0.3088400065898895
30,1500,1502,0.29713284969329834
30,1501,1502,0.19792653620243073
30,1500,1503,0.2827695608139038
30,1501,1503,0.19766834378242493
30,1502,1503,0.18241026997566223
30,1500,1504,0.33320146799087524
30,1501,1504,0.17515620589256287
30,1503,1504,0.15828143060207367
30,1502,1504,0.15581122040748596
30,1500,1505,0.24898661673069
30,1502,1505,0.248159721493721
30,1504,1505,0.24048486351966858
30,1503,1505,0.2360684871673584
30,1501,1505,0.22724473476409912
30,1500,1506,0.30050069093704224
30,1502,1506,0.2258969396352768
30,1504,1506,0.21981333196163177
30,1503,1506,0.21481095254421234
30,1505,1506,0.2145938277244568
30,1500,1507,0.28089651465415955
30,1501,1507,0.22279107570648193
30,1506,1507,0.22176244854927063
30,1504,1507,0.21978135406970978
30,1503,1507,0.21616610884666443
30,1500,1508,0.28496330976486206
30,1507,1508,0.1976138949394226
30,1501,1508,0.1963668167591095
30,1506,1508,0.19323080778121948
30,1504,1508,0.19247257709503174
30,1500,1509,0.3110837936401367
30,1501,1509,0.20720750093460083
30,1507,1509,0.20183618366718292
30,1506,1509,0.19970516860485077
30,1508,1509,0.199356809258461
30,1500,1510,0.3057876229286194
30,1501,1510,0.18466727435588837
30,1507,1510,0.17863723635673523
30,1508,1510,0.17743763327598572
30,1506,1510,0.17699648439884186
30,1500,1511,0.31065651774406433
30,1507,1511,0.2294268161058426
30,1501,1511,0.2283579707145691
30,1506,1511,0.2258494794368744
30,1508,1511,0.22508969902992249
30,1500,1512,0.2778160572052002
30,1501,1512,0.1866382211446762
30,1511,1512,0.18225856125354767
30,1507,1512,0.17825791239738464
30,1508,1512,0.178203284740448
30,1500,1513,0.27063751220703125
30,1511,1513,0.2440461367368698
30,1507,1513,0.24347913265228271
30,1509,1513,0.24183757603168488
30,1508,1513,0.24095220863819122
30,1500,1514,0.3185757100582123
30,1501,1514,0.18225187063217163
30,1511,1514,0.17651128768920898
30,1506,1514,0.17456673085689545
30,1508,1514,0.17347003519535065
30,1500,1515,0.3183000385761261
30,1501,1515,0.19624534249305725
30,1511,1515,0.19313478469848633
30,1507,1515,0.19219711422920227
30,1508,1515,0.1905938684940338
30,1500,1516,0.290556401014328
30,1507,1516,0.2072940468788147
30,1511,1516,0.20721134543418884
30,1501,1516,0.20694425702095032
30,1508,1516,0.2042320817708969
30,1500,1517,0.29777899384498596
30,1501,1517,0.190245121717453
30,1511,1517,0.18825627863407135
30,1516,1517,0.18718522787094116
30,1507,1517,0.1865665763616562
30,1500,1518,0.32683447003364563
30,1501,1518,0.1866368055343628
30,1511,1518,0.18376649916172028
30,1507,1518,0.18317477405071259
30,1516,1518,0.18141767382621765
30,1500,1519,0.35316455364227295
30,1518,1519,0.18060661852359772
30,1501,1519,0.1805221140384674
30,1511,1519,0.17576977610588074
30,1506,1519,0.172624871134758
30,1500,1520,0.3086599111557007
30,1518,1520,0.18394708633422852
30,1501,1520,0.18048593401908875
30,1511,1520,0.18047229945659637
30,1507,1520,0.18031705915927887
30,1500,1521,0.3123025894165039
30,1518,1521,0.1692071259021759
30,1520,1521,0.168876513838768
30,1507,1521,0.16708077490329742
30,1501,1521,0.16684353351593018
30,1500,1522,0.28796571493148804
30,1518,1522,0.19091041386127472
30,1501,1522,0.19010744988918304
30,1520,1522,0.1900518387556076
30,1511,1522,0.18603530526161194
30,1500,1523,0.31073758006095886
30,1518,1523,0.19334115087985992
30,1520,1523,0.19328057765960693
30,1501,1523,0.19133126735687256
30,1511,1523,0.19000525772571564
30,1500,1524,0.2673623859882355
30,1507,1524,0.23985213041305542
30,1516,1524,0.23979105055332184
30,1511,1524,0.23832955956459045
30,1523,1524,0.23655420541763306
30,1500,1525,0.30184298753738403
30,1520,1525,0.19931451976299286
30,1518,1525,0.19874197244644165
30,1501,1525,0.19625405967235565
30,1511,1525,0.1957852691411972
30,1500,1526,0.29279354214668274
30,1520,1526,0.21355676651000977
30,1507,1526,0.21318745613098145
30,1518,1526,0.21283088624477386
30,1516,1526,0.21254265308380127
30,1500,1527,0.3118210434913635
30,1520,1527,0.20871587097644806
30,1518,1527,0.20821386575698853
30,1501,1527,0.20520171523094177
30,1507,1527,0.20267876982688904
30,1500,1528,0.27710044384002686
30,1520,1528,0.2024087756872177
30,1518,1528,0.20230749249458313
30,1511,1528,0.19983145594596863
30,1516,1528,0.19944564998149872
30,1500,1529,0.2591172456741333
30,1518,1529,0.19903188943862915
30,1520,1529,0.19808679819107056
30,1501,1529,0.1975642591714859
30,1511,1529,0.19446125626564026
30,1500,1530,0.3259109556674957
30,1518,1530,0.18014661967754364
30,1520,1530,0.17936044931411743
30,1501,1530,0.17902269959449768
30,1511,1530,0.17559364438056946
30,1500,1531,0.32541486620903015
30,1518,1531,0.19388779997825623
30,1501,1531,0.19276225566864014
30,1520,1531,0.19240333139896393
30,1511,1531,0.18699124455451965
30,1500,1532,0.27665945887565613
30,1527,1532,0.22605647146701813
30,1507,1532,0.22565525770187378
30,1516,1532,0.22457192838191986
30,1512,1532,0.22360602021217346
30,1500,1533,0.28053194284439087
30,1518,1533,0.22351959347724915
30,1507,1533,0.22287794947624207
30,1511,1533,0.222195565700531
30,1520,1533,0.22195442020893097
30,1500,1534,0.30775418877601624
30,1501,1534,0.18135111033916473
30,1518,1534,0.18055683374404907
30,1520,1534,0.18027864396572113
30,1511,1534,0.17562802135944366
30,1500,1535,0.28493595123291016
30,1518,1535,0.20813289284706116
30,1501,1535,0.20726220309734344
30,1520,1535,0.20679020881652832
30,1511,1535,0.20197618007659912
30,1500,1536,0.2907981276512146
30,1518,1536,0.17763465642929077
30,1520,1536,0.17692096531391144
30,1501,1536,0.17648674547672272
30,1511,1536,0.17410393059253693
30,1500,1537,0.3085345923900604
30,1518,1537,0.17995303869247437
30,1520,1537,0.1787676364183426
30,1501,1537,0.1787165254354477
30,1511,1537,0.17483054101467133
30,1500,1538,0.3408398926258087
30,1518,1538,0.18262533843517303
30,1520,1538,0.18185293674468994
30,1501,1538,0.18096691370010376
30,1511,1538,0.17788103222846985
30,1500,1539,0.29769816994667053
30,1518,1539,0.188644140958786
30,1520,1539,0.18647858500480652
30,1501,1539,0.18601173162460327
30,1511,1539,0.18362045288085938
30,1500,1540,0.32826006412506104
30,1518,1540,0.17603765428066254
30,1520,1540,0.17575080692768097
30,1501,1540,0.17537906765937805
30,1511,1540,0.17139729857444763
30,1500,1541,0.3007577359676361
30,1518,1541,0.19737419486045837
30,1520,1541,0.1957409679889679
30,1501,1541,0.19440008699893951
30,1507,1541,0.19314682483673096
30,1500,1542,0.26717424392700195
30,1520,1542,0.1932053416967392
30,1518,1542,0.19292186200618744
30,1507,1542,0.1925235092639923
30,1511,1542,0.19132760167121887
30,1500,1543,0.288707971572876
30,1512,1543,0.22514817118644714
30,1534,1543,0.2224687933921814
30,1513,1543,0.221476212143898
30,1519,1543,0.22090022265911102
30,1500,1544,0.29309791326522827
30,1520,1544,0.20333637297153473
30,1518,1544,0.20332232117652893
30,1543,1544,0.2022171914577484
30,1501,1544,0.20218685269355774
30,1500,1545,0.2656943202018738
30,1520,1545,0.20301058888435364
30,1518,1545,0.2022235244512558
30,1501,1545,0.20065049827098846
30,1543,1545,0.20029465854167938
30,1500,1546,0.3332615792751312
30,1543,1546,0.1816965490579605
30,1518,1546,0.18160156905651093
30,1501,1546,0.18024620413780212
30,1520,1546,0.18004554510116577
30,1500,1547,0.29095545411109924
30,1520,1547,0.19010336697101593
30,1518,1547,0.18974222242832184
30,1543,1547,0.18930165469646454
30,1501,1547,0.18812939524650574
30,1500,1548,0.27499890327453613
30,1520,1548,0.18218131363391876
30,1518,1548,0.18154318630695343
30,1501,1548,0.18105629086494446
30,1543,1548,0.1805824637413025
30,1500,1549,0.28594428300857544
30,1518,1549,0.1963462084531784
30,1520,1549,0.19497831165790558
30,1501,1549,0.19440943002700806
30,1543,1549,0.194101020693779
37,1850,1851,0.3088400065898895
37,1850,1852,0.29713284969329834
37,1851,1852,0.19792653620243073
37,1850,1853,0.2827695608139038
37,1851,1853,0.19766834378242493
37,1852,1853,0.18241026997566223
37,1850,1854,0.33320146799087524
37,1851,1854,0.17515620589256287
37,1853,1854,0.15828143060207367
37,1852,1854,0.15581122040748596
37,1850,1855,0.24898661673069
37,1852,1855,0.248159721493721
37,1854,1855,0.24048486351966858
37,1853,1855,0.2360684871673584
37,1851,1855,0.22724473476409912
37,1850,1856,0.30050069093704224
37,1852,1856,0.2258969396352768
37,1854,1856,0.21981333196163177
37,1853,1856,0.21481095254421234
37,1855,1856,0.2145938277244568
37,1850,1857,0.28089651465415955
37,1851,1857,0.22279107570648193
37,1856,1857,0.22176244854927063
37,1854,1857,0.21978135406970978
37,1853,1857,0.21616610884666443
37,1850,1858,0.28496330976486206
37,1857,1858,0.1976138949394226
37,1851,1858,0.1963668167591095
37,1856,1858,0.19323080778121948
37,1854,1858,0.19247257709503174
37,1850,1859,0.3110837936401367
37,1851,1859,0.20720750093460083
37,1857,1859,0.20183618366718292
37,1856,1859,0.19970516860485077
37,1858,1859,0.199356809258461
37,1850,1860,0.3057876229286194
37,1851,1860,0.18466727435588837
37,1857,1860,0.17863723635673523
37,1858,1860,0.17743763327598572
37,1856,1860,0.17699648439884186
37,1850,1861,0.31065651774406433
37,1857,1861,0.2294268161058426
37,1851,1861,0.2283579707145691
37,1856,1861,0.2258494794368744
37,1858,1861,0.22508969902992249
37,1850,1862,0.2778160572052002
37,1851,1862,0.1866382211446762
37,1861,1862,0.18225856125354767
37,1857,1862,0.17825791239738464
37,1858,1862,0.178203284740448
37,1850,1863,0.27063751220703125
37,1861,1863,0.2440461367368698
37,1857,1863,0.24347913265228271
37,1859,1863,0.24183757603168488
37,1858,1863,0.24095220863819122
37,1850,1864,0.3185757100582123
37,1851,1864,0.18225187063217163
37,1861,1864,0.17651128768920898
37,1856,1864,0.17456673085689545
37,1858,1864,0.17347003519535065
37,1850,1865,0.3183000385761261
37,1851,1865,0.19624534249305725
37,1861,1865,0.19313478469848633
37,1857,1865,0.19219711422920227
37,1858,1865,0.1905938684940338
37,1850,1866,0.290556401014328
37,1857,1866,0.2072940468788147
37,1861,1866,0.20721134543418884
37,1851,1866,0.20694425702095032
37,1858,1866,0.2042320817708969
37,1850,1867,0.29777899384498596
37,1851,1867,0.190245121717453
37,1861,1867,0.18825627863407135
37,1866,1867,0.18718522787094116
37,1857,1867,0.1865665763616562
37,1850,1868,0.32683447003364563
37,1851,1868,0.1866368055343628
37,1861,1868,0.18376649916172028
37,1857,1868,0.18317477405071259
37,1866,1868,0.18141767382621765
37,1850,1869,0.35316455364227295
37,1868,1869,0.18060661852359772
37,1851,1869,0.1805221140384674
37,1861,1869,0.17576977610588074
37,1856,1869,0.172624871134758
37,1850,1870,0.3086599111557007
37,1868,1870,0.18394708633422852
37,1851,1870,0.18048593401908875
37,1861,1870,0.18047229945659637
37,1857,1870,0.18031705915927887
37,1850,1871,0.3123025894165039
37,1868,1871,0.1692071259021759
37,1870,1871,0.168876513838768
37,1857,1871,0.16708077490329742
37,1851,1871,0.16684353351593018
37,1850,1872,0.28796571493148804
37,1868,1872,0.19091041386127472
37,1851,1872,0.19010744988918304
37,1870,1872,0.1900518387556076
37,1861,1872,0.18603530526161194
37,1850,1873,0.31073758006095886
37,1868,1873,0.19334115087985992
37,1870,1873,0.19328057765960693
37,1851,1873,0.19133126735687256
37,1861,1873,0.19000525772571564
37,1850,1874,0.2673623859882355
37,1857,1874,0.23985213041305542
37,1866,1874,0.23979105055332184
37,1861,1874,0.23832955956459045
37,1873,1874,0.23655420541763306
37,1850,1875,0.30184298753738403
37,1870,1875,0.19931451976299286
37,1868,1875,0.19874197244644165
37,1851,1875,0.19625405967235565
37,1861,1875,0.1957852691411972
37,1850,1876,0.29279354214668274
37,1870,1876,0.21355676651000977
37,1857,1876,0.21318745613098145
37,1868,1876,0.21283088624477386
37,1866,1876,0.21254265308380127
37,1850,1877,0.3118210434913635
37,1870,1877,0.20871587097644806
37,1868,1877,0.20821386575698853
37,1851,1877,0.20520171523094177
37,1857,1877,0.20267876982688904
37,1850,1878,0.27710044384002686
37,1870,1878,0.2024087756872177
37,1868,1878,0.20230749249458313
37,1861,1878,0.19983145594596863
37,1866,1878,0.19944564998149872
37,1850,1879,0.2591172456741333
37,1868,1879,0.19903188943862915
37,1870,1879,0.19808679819107056
37,1851,1879,0.1975642591714859
37,1861,1879,0.19446125626564026
37,1850,1880,0.3259109556674957
37,1868,1880,0.18014661967754364
37,1870,1880,0.17936044931411743
37,1851,1880,0.17902269959449768
37,1861,1880,0.17559364438056946
37,1850,1881,0.32541486620903015
37,1868,1881,0.19388779997825623
37,1851,1881,0.19276225566864014
37,1870,1881,0.19240333139896393
37,1861,1881,0.18699124455451965
37,1850,1882,0.27665945887565613
37,1877,1882,0.22605647146701813
37,1857,1882,0.22565525770187378
37,1866,1882,0.22457192838191986
37,1862,1882,0.22360602021217346
37,1850,1883,0.28053194284439087
37,1868,1883,0.22351959347724915
37,1857,1883,0.22287794947624207
37,1861,1883,0.222195565700531
37,1870,1883,0.22195442020893097
37,1850,1884,0.30775418877601624
37,1851,1884,0.18135111033916473
37,1868,1884,0.18055683374404907
37,1870,1884,0.18027864396572113
37,1861,1884,0.17562802135944366
37,1850,1885,0.28493595123291016
37,1868,1885,0.20813289284706116
37,1851,1885,0.20726220309734344
37,1870,1885,0.20679020881652832
37,1861,1885,0.20197618007659912
37,1850,1886,0.2907981276512146
37,1868,1886,0.17763465642929077
37,1870,1886,0.17692096531391144
37,1851,1886,0.17648674547672272
37,1861,1886,0.17410393059253693
37,1850,1887,0.3085345923900604
37,1868,1887,0.17995303869247437
37,1870,1887,0.1787676364183426
37,1851,1887,0.1787165254354477
37,1861,1887,0.17483054101467133
37,1850,1888,0.3408398926258087
37,1868,1888,0.18262533843517303
37,1870,1888,0.18185293674468994
37,1851,1888,0.18096691370010376
37,1861,1888,0.17788103222846985
37,1850,1889,0.29769816994667053
37,1868,1889,0.188644140958786
37,1870,1889,0.18647858500480652
37,1851,1889,0.18601173162460327
37,1861,1889,0.18362045288085938
37,1850,1890,0.32826006412506104
37,1868,1890,0.17603765428066254
37,1870,1890,0.17575080692768097
37,1851,1890,0.17537906765937805
37,1861,1890,0.17139729857444763
37,1850,1891,0.3007577359676361
37,1868,1891,0.19737419486045837
37,1870,1891,0.1957409679889679
37,1851,1891,0.19440008699893951
37,1857,1891,0.19314682483673096
37,1850,1892,0.26717424392700195
37,1870,1892,0.1932053416967392
37,1868,1892,0.19292186200618744
37,1857,1892,0.1925235092639923
37,1861,1892,0.19132760167121887
37,1850,1893,0.288707971572876
37,1862,1893,0.22514817118644714
37,1884,1893,0.2224687933921814
37,1863,1893,0.221476212143898
37,1869,1893,0.22090022265911102
37,1850,1894,0.29309791326522827
37,1870,1894,0.20333637297153473
37,1868,1894,0.20332232117652893
37,1893,1894,0.2022171914577484
37,1851,1894,0.20218685269355774
37,1850,1895,0.2656943202018738
37,1870,1895,0.20301058888435364
37,1868,1895,0.2022235244512558
37,1851,1895,0.20065049827098846
37,1893,1895,0.20029465854167938
37,1850,1896,0.3332615792751312
37,1893,1896,0.1816965490579605
37,1868,1896,0.18160156905651093
37,1851,1896,0.18024620413780212
37,1870,1896,0.18004554510116577
37,1850,1897,0.29095545411109924
37,1870,1897,0.19010336697101593
37,1868,1897,0.18974222242832184
37,1893,1897,0.18930165469646454
37,1851,1897,0.18812939524650574
37,1850,1898,0.27499890327453613
37,1870,1898,0.18218131363391876
37,1868,1898,0.18154318630695343
37,1851,1898,0.18105629086494446
37,1893,1898,0.1805824637413025
37,1850,1899,0.28594428300857544
37,1868,1899,0.1963462084531784
37,1870,1899,0.19497831165790558
37,1851,1899,0.19440943002700806
37,1893,1899,0.194101020693779
72,3600,3601,0.3088400065898895
72,3600,3602,0.29713284969329834
72,3601,3602,0.19792653620243073
72,3600,3603,0.2827695608139038
72,3601,3603,0.19766834378242493
72,3602,3603,0.18241026997566223
72,3600,3604,0.33320146799087524
72,3601,3604,0.17515620589256287
72,3603,3604,0.15828143060207367
72,3602,3604,0.15581122040748596
72,3600,3605,0.24898661673069
72,3602,3605,0.248159721493721
72,3604,3605,0.24048486351966858
72,3603,3605,0.2360684871673584
72,3601,3605,0.22724473476409912
72,3600,3606,0.30050069093704224
72,3602,3606,0.2258969396352768
72,3604,3606,0.21981333196163177
72,3603,3606,0.21481095254421234
72,3605,3606,0.2145938277244568
72,3600,3607,0.28089651465415955
72,3601,3607,0.22279107570648193
72,3606,3607,0.22176244854927063
72,3604,3607,0.21978135406970978
72,3603,3607,0.21616610884666443
72,3600,3608,0.28496330976486206
72,3607,3608,0.1976138949394226
72,3601,3608,0.1963668167591095
72,3606,3608,0.19323080778121948
72,3604,3608,0.19247257709503174
72,3600,3609,0.3110837936401367
72,3601,3609,0.20720750093460083
72,3607,3609,0.20183618366718292
72,3606,3609,0.19970516860485077
72,3608,3609,0.199356809258461
72,3600,3610,0.3057876229286194
72,3601,3610,0.18466727435588837
72,3607,3610,0.17863723635673523
72,3608,3610,0.17743763327598572
72,3606,3610,0.17699648439884186
72,3600,3611,0.31065651774406433
72,3607,3611,0.2294268161058426
72,3601,3611,0.2283579707145691
72,3606,3611,0.2258494794368744
72,3608,3611,0.22508969902992249
72,3600,3612,0.2778160572052002
72,3601,3612,0.1866382211446762
72,3611,3612,0.18225856125354767
72,3607,3612,0.17825791239738464
72,3608,3612,0.178203284740448
72,3600,3613,0.27063751220703125
72,3611,3613,0.2440461367368698
72,3607,3613,0.24347913265228271
72,3609,3613,0.24183757603168488
72,3608,3613,0.24095220863819122
72,3600,3614,0.3185757100582123
72,3601,3614,0.18225187063217163
72,3611,3614,0.17651128768920898
72,3606,3614,0.17456673085689545
72,3608,3614,0.17347003519535065
72,3600,3615,0.3183000385761261
72,3601,3615,0.19624534249305725
72,3611,3615,0.19313478469848633
72,3607,3615,0.19219711422920227
72,3608,3615,0.1905938684940338
72,3600,3616,0.290556401014328
72,3607,3616,0.2072940468788147
72,3611,3616,0.20721134543418884
72,3601,3616,0.20694425702095032
72,3608,3616,0.2042320817708969
72,3600,3617,0.29777899384498596
72,3601,3617,0.190245121717453
72,3611,3617,0.18825627863407135
72,3616,3617,0.18718522787094116
72,3607,3617,0.1865665763616562
72,3600,3618,0.32683447003364563
72,3601,3618,0.1866368055343628
72,3611,3618,0.18376649916172028
72,3607,3618,0.18317477405071259
72,3616,3618,0.18141767382621765
72,3600,3619,0.35316455364227295
72,3618,3619,0.18060661852359772
72,3601,3619,0.1805221140384674
72,3611,3619,0.17576977610588074
72,3606,3619,0.172624871134758
72,3600,3620,0.3086599111557007
72,3618,3620,0.18394708633422852
72,3601,3620,0.18048593401908875
72,3611,3620,0.18047229945659637
72,3607,3620,0.18031705915927887
72,3600,3621,0.3123025894165039
72,3618,3621,0.1692071259021759
72,3620,3621,0.168876513838768
72,3607,3621,0.16708077490329742
72,3601,3621,0.16684353351593018
72,3600,3622,0.28796571493148804
72,3618,3622,0.19091041386127472
72,3601,3622,0.19010744988918304
72,3620,3622,0.1900518387556076
72,3611,3622,0.18603530526161194
72,3600,3623,0.31073758006095886
72,3618,3623,0.19334115087985992
72,3620,3623,0.19328057765960693
72,3601,3623,0.19133126735687256
72,3611,3623,0.19000525772571564
72,3600,3624,0.2673623859882355
72,3607,3624,0.23985213041305542
72,3616,3624,0.23979105055332184
72,3611,3624,0.23832955956459045
72,3623,3624,0.23655420541763306
72,3600,3625,0.30184298753738403
72,3620,3625,0.19931451976299286
72,3618,3625,0.19874197244644165
72,3601,3625,0.19625405967235565
72,3611,3625,0.1957852691411972
72,3600,3626,0.29279354214668274
72,3620,3626,0.21355676651000977
72,3607,3626,0.21318745613098145
72,3618,3626,0.21283088624477386
72,3616,3626,0.21254265308380127
72,3600,3627,0.3118210434913635
72,3620,3627,0.20871587097644806
72,3618,3627,0.20821386575698853
72,3601,3627,0.20520171523094177
72,3607,3627,0.20267876982688904
72,3600,3628,0.27710044384002686
72,3620,3628,0.2024087756872177
72,3618,3628,0.20230749249458313
72,3611,3628,0.19983145594596863
72,3616,3628,0.19944564998149872
72,3600,3629,0.2591172456741333
72,3618,3629,0.19903188943862915
72,3620,3629,0.19808679819107056
72,3601,3629,0.1975642591714859
72,3611,3629,0.19446125626564026
72,3600,3630,0.3259109556674957
72,3618,3630,0.18014661967754364
72,3620,3630,0.17936044931411743
72,3601,3630,0.17902269959449768
72,3611,3630,0.17559364438056946
72,3600,3631,0.32541486620903015
72,3618,3631,0.19388779997825623
72,3601,3631,0.19276225566864014
72,3620,3631,0.19240333139896393
72,3611,3631,0.18699124455451965
72,3600,3632,0.27665945887565613
72,3627,3632,0.22605647146701813
72,3607,3632,0.22565525770187378
72,3616,3632,0.22457192838191986
72,3612,3632,0.22360602021217346
72,3600,3633,0.28053194284439087
72,3618,3633,0.22351959347724915
72,3607,3633,0.22287794947624207
72,3611,3633,0.222195565700531
72,3620,3633,0.22195442020893097
72,3600,3634,0.30775418877601624
72,3601,3634,0.18135111033916473
72,3618,3634,0.18055683374404907
72,3620,3634,0.18027864396572113
72,3611,3634,0.17562802135944366
72,3600,3635,0.28493595123291016
72,3618,3635,0.20813289284706116
72,3601,3635,0.20726220309734344
72,3620,3635,0.20679020881652832
72,3611,3635,0.20197618007659912
72,3600,3636,0.2907981276512146
72,3618,3636,0.17763465642929077
72,3620,3636,0.17692096531391144
72,3601,3636,0.17648674547672272
72,3611,3636,0.17410393059253693
72,3600,3637,0.3085345923900604
72,3618,3637,0.17995303869247437
72,3620,3637,0.1787676364183426
72,3601,3637,0.1787165254354477
72,3611,3637,0.17483054101467133
72,3600,3638,0.3408398926258087
72,3618,3638,0.18262533843517303
72,3620,3638,0.18185293674468994
72,3601,3638,0.18096691370010376
72,3611,3638,0.17788103222846985
72,3600,3639,0.29769816994667053
72,3618,3639,0.188644140958786
72,3620,3639,0.18647858500480652
72,3601,3639,0.18601173162460327
72,3611,3639,0.18362045288085938
72,3600,3640,0.32826006412506104
72,3618,3640,0.17603765428066254
72,3620,3640,0.17575080692768097
72,3601,3640,0.17537906765937805
72,3611,3640,0.17139729857444763
72,3600,3641,0.3007577359676361
72,3618,3641,0.19737419486045837
72,3620,3641,0.1957409679889679
72,3601,3641,0.19440008699893951
72,3607,3641,0.19314682483673096
72,3600,3642,0.26717424392700195
72,3620,3642,0.1932053416967392
72,3618,3642,0.19292186200618744
72,3607,3642,0.1925235092639923
72,3611,3642,0.19132760167121887
72,3600,3643,0.288707971572876
72,3612,3643,0.22514817118644714
72,3634,3643,0.2224687933921814
72,3613,3643,0.221476212143898
72,3619,3643,0.22090022265911102
72,3600,3644,0.29309791326522827
72,3620,3644,0.20333637297153473
72,3618,3644,0.20332232117652893
72,3643,3644,0.2022171914577484
72,3601,3644,0.20218685269355774
72,3600,3645,0.2656943202018738
72,3620,3645,0.20301058888435364
72,3618,3645,0.2022235244512558
72,3601,3645,0.20065049827098846
72,3643,3645,0.20029465854167938
72,3600,3646,0.3332615792751312
72,3643,3646,0.1816965490579605
72,3618,3646,0.18160156905651093
72,3601,3646,0.18024620413780212
72,3620,3646,0.18004554510116577
72,3600,3647,0.29095545411109924
72,3620,3647,0.19010336697101593
72,3618,3647,0.18974222242832184
72,3643,3647,0.18930165469646454
72,3601,3647,0.18812939524650574
72,3600,3648,0.27499890327453613
72,3620,3648,0.18218131363391876
72,3618,3648,0.18154318630695343
72,3601,3648,0.18105629086494446
72,3643,3648,0.1805824637413025
72,3600,3649,0.28594428300857544
72,3618,3649,0.1963462084531784
72,3620,3649,0.19497831165790558
72,3601,3649,0.19440943002700806
72,3643,3649,0.194101020693779
114,5700,5701,0.3088400065898895
114,5700,5702,0.29713284969329834
114,5701,5702,0.19792653620243073
114,5700,5703,0.2827695608139038
114,5701,5703,0.19766834378242493
114,5702,5703,0.18241026997566223
114,5700,5704,0.33320146799087524
114,5701,5704,0.17515620589256287
114,5703,5704,0.15828143060207367
114,5702,5704,0.15581122040748596
114,5700,5705,0.24898661673069
114,5702,5705,0.248159721493721
114,5704,5705,0.24048486351966858
114,5703,5705,0.2360684871673584
114,5701,5705,0.22724473476409912
114,5700,5706,0.30050069093704224
114,5702,5706,0.2258969396352768
114,5704,5706,0.21981333196163177
114,5703,5706,0.21481095254421234
114,5705,5706,0.2145938277244568
114,5700,5707,0.28089651465415955
114,5701,5707,0.22279107570648193
114,5706,5707,0.22176244854927063
114,5704,5707,0.21978135406970978
114,5703,5707,0.21616610884666443
114,5700,5708,0.28496330976486206
114,5707,5708,0.1976138949394226
114,5701,5708,0.1963668167591095
114,5706,5708,0.19323080778121948
114,5704,5708,0.19247257709503174
114,5700,5709,0.3110837936401367
114,5701,5709,0.20720750093460083
114,5707,5709,0.20183618366718292
114,5706,5709,0.19970516860485077
114,5708,5709,0.199356809258461
114,5700,5710,0.3057876229286194
114,5701,5710,0.18466727435588837
114,5707,5710,0.17863723635673523
114,5708,5710,0.17743763327598572
114,5706,5710,0.17699648439884186
114,5700,5711,0.31065651774406433
114,5707,5711,0.2294268161058426
114,5701,5711,0.2283579707145691
114,5706,5711,0.2258494794368744
114,5708,5711,0.22508969902992249
114,5700,5712,0.2778160572052002
114,5701,5712,0.1866382211446762
114,5711,5712,0.18225856125354767
114,5707,5712,0.17825791239738464
114,5708,5712,0.178203284740448
114,5700,5713,0.27063751220703125
114,5711,5713,0.2440461367368698
114,5707,5713,0.24347913265228271
114,5709,5713,0.24183757603168488
114,5708,5713,0.24095220863819122
114,5700,5714,0.3185757100582123
114,5701,5714,0.18225187063217163
114,5711,5714,0.17651128768920898
114,5706,5714,0.17456673085689545
114,5708,5714,0.17347003519535065
114,5700,5715,0.3183000385761261
114,5701,5715,0.19624534249305725
114,5711,5715,0.19313478469848633
114,5707,5715,0.19219711422920227
114,5708,5715,0.1905938684940338
114,5700,5716,0.290556401014328
114,5707,5716,0.2072940468788147
114,5711,5716,0.20721134543418884
114,5701,5716,0.20694425702095032
114,5708,5716,0.2042320817708969
114,5700,5717,0.29777899384498596
114,5701,5717,0.190245121717453
114,5711,5717,0.18825627863407135
114,5716,5717,0.18718522787094116
114,5707,5717,0.1865665763616562
114,5700,5718,0.32683447003364563
114,5701,5718,0.1866368055343628
114,5711,5718,0.18376649916172028
114,5707,5718,0.18317477405071259
114,5716,5718,0.18141767382621765
114,5700,5719,0.35316455364227295
114,5718,5719,0.18060661852359772
114,5701,5719,0.1805221140384674
114,5711,5719,0.17576977610588074
114,5706,5719,0.172624871134758
114,5700,5720,0.3086599111557007
114,5718,5720,0.18394708633422852
114,5701,5720,0.18048593401908875
114,5711,5720,0.18047229945659637
114,5707,5720,0.18031705915927887
114,5700,5721,0.3123025894165039
114,5718,5721,0.1692071259021759
114,5720,5721,0.168876513838768
114,5707,5721,0.16708077490329742
114,5701,5721,0.16684353351593018
114,5700,5722,0.28796571493148804
114,5718,5722,0.19091041386127472
114,5701,5722,0.19010744988918304
114,5720,5722,0.1900518387556076
114,5711,5722,0.18603530526161194
114,5700,5723,0.31073758006095886
114,5718,5723,0.19334115087985992
114,5720,5723,0.19328057765960693
114,5701,5723,0.19133126735687256
114,5711,5723,0.19000525772571564
114,5700,5724,0.2673623859882355
114,5707,5724,0.23985213041305542
114,5716,5724,0.23979105055332184
114,5711,5724,0.23832955956459045
114,5723,5724,0.23655420541763306
114,5700,5725,0.30184298753738403
114,5720,5725,0.19931451976299286
114,5718,5725,0.19874197244644165
114,5701,5725,0.19625405967235565
114,5711,5725,0.1957852691411972
114,5700,5726,0.29279354214668274
114,5720,5726,0.21355676651000977
114,5707,5726,0.21318745613098145
114,5718,5726,0.21283088624477386
114,5716,5726,0.21254265308380127
114,5700,5727,0.3118210434913635
114,5720,5727,0.20871587097644806
114,5718,5727,0.20821386575698853
114,5701,5727,0.20520171523094177
114,5707,5727,0.20267876982688904
114,5700,5728,0.27710044384002686
114,5720,5728,0.2024087756872177
114,5718,5728,0.20230749249458313
114,5711,5728,0.19983145594596863
114,5716,5728,0.19944564998149872
114,5700,5729,0.2591172456741333
114,5718,5729,0.19903188943862915
114,5720,5729,0.19808679819107056
114,5701,5729,0.1975642591714859
114,5711,5729,0.19446125626564026
114,5700,5730,0.3259109556674957
114,5718,5730,0.18014661967754364
114,5720,5730,0.17936044931411743
114,5701,5730,0.17902269959449768
114,5711,5730,0.17559364438056946
114,5700,5731,0.32541486620903015
114,5718,5731,0.19388779997825623
114,5701,5731,0.19276225566864014
114,5720,5731,0.19240333139896393
114,5711,5731,0.18699124455451965
114,5700,5732,0.27665945887565613
114,5727,5732,0.22605647146701813
114,5707,5732,0.22565525770187378
114,5716,5732,0.22457192838191986
114,5712,5732,0.22360602021217346
114,5700,5733,0.28053194284439087
114,5718,5733,0.22351959347724915
114,5707,5733,0.22287794947624207
114,5711,5733,0.222195565700531
114,5720,5733,0.22195442020893097
114,5700,5734,0.30775418877601624
114,5701,5734,0.18135111033916473
114,5718,5734,0.18055683374404907
114,5720,5734,0.18027864396572113
114,5711,5734,0.17562802135944366
114,5700,5735,0.28493595123291016
114,5718,5735,0.20813289284706116
114,5701,5735,0.20726220309734344
114,5720,5735,0.20679020881652832
114,5711,5735,0.20197618007659912
114,5700,5736,0.2907981276512146
114,5718,5736,0.17763465642929077
114,5720,5736,0.17692096531391144
114,5701,5736,0.17648674547672272
114,5711,5736,0.17410393059253693
114,5700,5737,0.3085345923900604
114,5718,5737,0.17995303869247437
114,5720,5737,0.1787676364183426
114,5701,5737,0.1787165254354477
114,5711,5737,0.17483054101467133
114,5700,5738,0.3408398926258087
114,5718,5738,0.18262533843517303
114,5720,5738,0.18185293674468994
114,5701,5738,0.18096691370010376
114,5711,5738,0.17788103222846985
114,5700,5739,0.29769816994667053
114,5718,5739,0.188644140958786
114,5720,5739,0.18647858500480652
114,5701,5739,0.18601173162460327
114,5711,5739,0.18362045288085938
114,5700,5740,0.32826006412506104
114,5718,5740,0.17603765428066254
114,5720,5740,0.17575080692768097
114,5701,5740,0.17537906765937805
114,5711,5740,0.17139729857444763
114,5700,5741,0.3007577359676361
114,5718,5741,0.19737419486045837
114,5720,5741,0.1957409679889679
114,5701,5741,0.19440008699893951
114,5707,5741,0.19314682483673096
114,5700,5742,0.26717424392700195
114,5720,5742,0.1932053416967392
114,5718,5742,0.19292186200618744
114,5707,5742,0.1925235092639923
114,5711,5742,0.19132760167121887
114,5700,5743,0.288707971572876
114,5712,5743,0.22514817118644714
114,5734,5743,0.2224687933921814
114,5713,5743,0.221476212143898
114,5719,5743,0.22090022265911102
114,5700,5744,0.29309791326522827
114,5720,5744,0.20333637297153473
114,5718,5744,0.20332232117652893
114,5743,5744,0.2022171914577484
114,5701,5744,0.20218685269355774
114,5700,5745,0.2656943202018738
114,5720,5745,0.20301058888435364
114,5718,5745,0.2022235244512558
114,5701,5745,0.20065049827098846
114,5743,5745,0.20029465854167938
114,5700,5746,0.3332615792751312
114,5743,5746,0.1816965490579605
114,5718,5746,0.18160156905651093
114,5701,5746,0.18024620413780212
114,5720,5746,0.18004554510116577
114,5700,5747,0.29095545411109924
114,5720,5747,0.19010336697101593
114,5718,5747,0.18974222242832184
114,5743,5747,0.18930165469646454
114,5701,5747,0.18812939524650574
114,5700,5748,0.27499890327453613
114,5720,5748,0.18218131363391876
114,5718,5748,0.18154318630695343
114,5701,5748,0.18105629086494446
114,5743,5748,0.1805824637413025
114,5700,5749,0.28594428300857544
114,5718,5749,0.1963462084531784
114,5720,5749,0.19497831165790558
114,5701,5749,0.19440943002700806
114,5743,5749,0.194101020693779
115,5750,5751,0.3088400065898895
115,5750,5752,0.29713284969329834
115,5751,5752,0.19792653620243073
115,5750,5753,0.2827695608139038
115,5751,5753,0.19766834378242493
115,5752,5753,0.18241026997566223
115,5750,5754,0.33320146799087524
115,5751,5754,0.17515620589256287
115,5753,5754,0.15828143060207367
115,5752,5754,0.15581122040748596
115,5750,5755,0.24898661673069
115,5752,5755,0.248159721493721
115,5754,5755,0.24048486351966858
115,5753,5755,0.2360684871673584
115,5751,5755,0.22724473476409912
115,5750,5756,0.30050069093704224
115,5752,5756,0.2258969396352768
115,5754,5756,0.21981333196163177
115,5753,5756,0.21481095254421234
115,5755,5756,0.2145938277244568
115,5750,5757,0.28089651465415955
115,5751,5757,0.22279107570648193
115,5756,5757,0.22176244854927063
115,5754,5757,0.21978135406970978
115,5753,5757,0.21616610884666443
115,5750,5758,0.28496330976486206
115,5757,5758,0.1976138949394226
115,5751,5758,0.1963668167591095
115,5756,5758,0.19323080778121948
115,5754,5758,0.19247257709503174
115,5750,5759,0.3110837936401367
115,5751,5759,0.20720750093460083
115,5757,5759,0.20183618366718292
115,5756,5759,0.19970516860485077
115,5758,5759,0.199356809258461
115,5750,5760,0.3057876229286194
115,5751,5760,0.18466727435588837
115,5757,5760,0.17863723635673523
115,5758,5760,0.17743763327598572
115,5756,5760,0.17699648439884186
115,5750,5761,0.31065651774406433
115,5757,5761,0.2294268161058426
115,5751,5761,0.2283579707145691
115,5756,5761,0.2258494794368744
115,5758,5761,0.22508969902992249
115,5750,5762,0.2778160572052002
115,5751,5762,0.1866382211446762
115,5761,5762,0.18225856125354767
115,5757,5762,0.17825791239738464
115,5758,5762,0.178203284740448
115,5750,5763,0.27063751220703125
115,5761,5763,0.2440461367368698
115,5757,5763,0.24347913265228271
115,5759,5763,0.24183757603168488
115,5758,5763,0.24095220863819122
115,5750,5764,0.3185757100582123
115,5751,5764,0.18225187063217163
115,5761,5764,0.17651128768920898
115,5756,5764,0.17456673085689545
115,5758,5764,0.17347003519535065
115,5750,5765,0.3183000385761261
115,5751,5765,0.19624534249305725
115,5761,5765,0.19313478469848633
115,5757,5765,0.19219711422920227
115,5758,5765,0.1905938684940338
115,5750,5766,0.290556401014328
115,5757,5766,0.2072940468788147
115,5761,5766,0.20721134543418884
115,5751,5766,0.20694425702095032
115,5758,5766,0.2042320817708969
115,5750,5767,0.29777899384498596
115,5751,5767,0.190245121717453
115,5761,5767,0.18825627863407135
115,5766,5767,0.18718522787094116
115,5757,5767,0.1865665763616562
115,5750,5768,0.32683447003364563
115,5751,5768,0.1866368055343628
115,5761,5768,0.18376649916172028
115,5757,5768,0.18317477405071259
115,5766,5768,0.18141767382621765
115,5750,5769,0.35316455364227295
115,5768,5769,0.18060661852359772
115,5751,5769,0.1805221140384674
115,5761,5769,0.17576977610588074
115,5756,5769,0.172624871134758
115,5750,5770,0.3086599111557007
115,5768,5770,0.18394708633422852
115,5751,5770,0.18048593401908875
115,5761,5770,0.18047229945659637
115,5757,5770,0.18031705915927887
115,5750,5771,0.3123025894165039
115,5768,5771,0.1692071259021759
115,5770,5771,0.168876513838768
115,5757,5771,0.16708077490329742
115,5751,5771,0.16684353351593018
115,5750,5772,0.28796571493148804
115,5768,5772,0.19091041386127472
115,5751,5772,0.19010744988918304
115,5770,5772,0.1900518387556076
115,5761,5772,0.18603530526161194
115,5750,5773,0.31073758006095886
115,5768,5773,0.19334115087985992
115,5770,5773,0.19328057765960693
115,5751,5773,0.19133126735687256
115,5761,5773,0.19000525772571564
115,5750,5774,0.2673623859882355
115,5757,5774,0.23985213041305542
115,5766,5774,0.23979105055332184
115,5761,5774,0.23832955956459045
115,5773,5774,0.23655420541763306
115,5750,5775,0.30184298753738403
115,5770,5775,0.19931451976299286
115,5768,5775,0.19874197244644165
115,5751,5775,0.19625405967235565
115,5761,5775,0.1957852691411972
115,5750,5776,0.29279354214668274
115,5770,5776,0.21355676651000977
115,5757,5776,0.21318745613098145
115,5768,5776,0.21283088624477386
115,5766,5776,0.21254265308380127
115,5750,5777,0.3118210434913635
115,5770,5777,0.20871587097644806
115,5768,5777,0.20821386575698853
115,5751,5777,0.20520171523094177
115,5757,5777,0.20267876982688904
115,5750,5778,0.27710044384002686
115,5770,5778,0.2024087756872177
115,5768,5778,0.20230749249458313
115,5761,5778,0.19983145594596863
115,5766,5778,0.19944564998149872
115,5750,5779,0.2591172456741333
115,5768,5779,0.19903188943862915
115,5770,5779,0.19808679819107056
115,5751,5779,0.1975642591714859
115,5761,5779,0.19446125626564026
115,5750,5780,0.3259109556674957
115,5768,5780,0.18014661967754364
115,5770,5780,0.17936044931411743
115,5751,5780,0.17902269959449768
115,5761,5780,0.17559364438056946
115,5750,5781,0.32541486620903015
115,5768,5781,0.19388779997825623
115,5751,5781,0.19276225566864014
115,5770,5781,0.19240333139896393
115,5761,5781,0.18699124455451965
115,5750,5782,0.27665945887565613
115,5777,5782,0.22605647146701813
115,5757,5782,0.22565525770187378
115,5766,5782,0.22457192838191986
115,5762,5782,0.22360602021217346
115,5750,5783,0.28053194284439087
115,5768,5783,0.22351959347724915
115,5757,5783,0.22287794947624207
115,5761,5783,0.222195565700531
115,5770,5783,0.22195442020893097
115,5750,5784,0.30775418877601624
115,5751,5784,0.18135111033916473
115,5768,5784,0.18055683374404907
115,5770,5784,0.18027864396572113
115,5761,5784,0.17562802135944366
115,5750,5785,0.28493595123291016
115,5768,5785,0.20813289284706116
115,5751,5785,0.20726220309734344
115,5770,5785,0.20679020881652832
115,5761,5785,0.20197618007659912
115,5750,5786,0.2907981276512146
115,5768,5786,0.17763465642929077
115,5770,5786,0.17692096531391144
115,5751,5786,0.17648674547672272
115,5761,5786,0.17410393059253693
115,5750,5787,0.3085345923900604
115,5768,5787,0.17995303869247437
115,5770,5787,0.1787676364183426
115,5751,5787,0.1787165254354477
115,5761,5787,0.17483054101467133
115,5750,5788,0.3408398926258087
115,5768,5788,0.18262533843517303
115,5770,5788,0.18185293674468994
115,5751,5788,0.18096691370010376
115,5761,5788,0.17788103222846985
115,5750,5789,0.29769816994667053
115,5768,5789,0.188644140958786
115,5770,5789,0.18647858500480652
115,5751,5789,0.18601173162460327
115,5761,5789,0.18362045288085938
115,5750,5790,0.32826006412506104
115,5768,5790,0.17603765428066254
115,5770,5790,0.17575080692768097
115,5751,5790,0.17537906765937805
115,5761,5790,0.17139729857444763
115,5750,5791,0.3007577359676361
115,5768,5791,0.19737419486045837
115,5770,5791,0.1957409679889679
115,5751,5791,0.19440008699893951
115,5757,5791,0.19314682483673096
115,5750,5792,0.26717424392700195
115,5770,5792,0.1932053416967392
115,5768,5792,0.19292186200618744
115,5757,5792,0.1925235092639923
115,5761,5792,0.19132760167121887
115,5750,5793,0.288707971572876
115,5762,5793,0.22514817118644714
115,5784,5793,0.2224687933921814
115,5763,5793,0.221476212143898
115,5769,5793,0.22090022265911102
115,5750,5794,0.29309791326522827
115,5770,5794,0.20333637297153473
115,5768,5794,0.20332232117652893
115,5793,5794,0.2022171914577484
115,5751,5794,0.20218685269355774
115,5750,5795,0.2656943202018738
115,5770,5795,0.20301058888435364
115,5768,5795,0.2022235244512558
115,5751,5795,0.20065049827098846
115,5793,5795,0.20029465854167938
115,5750,5796,0.3332615792751312
115,5793,5796,0.1816965490579605
115,5768,5796,0.18160156905651093
115,5751,5796,0.18024620413780212
115,5770,5796,0.18004554510116577
115,5750,5797,0.29095545411109924
115,5770,5797,0.19010336697101593
115,5768,5797,0.18974222242832184
115,5793,5797,0.18930165469646454
115,5751,5797,0.18812939524650574
115,5750,5798,0.27499890327453613
115,5770,5798,0.18218131363391876
115,5768,5798,0.18154318630695343
115,5751,5798,0.18105629086494446
115,5793,5798,0.1805824637413025
115,5750,5799,0.28594428300857544
115,5768,5799,0.1963462084531784
115,5770,5799,0.19497831165790558
115,5751,5799,0.19440943002700806
115,5793,5799,0.194101020693779
120,6000,6001,0.3088400065898895
120,6000,6002,0.29713284969329834
120,6001,6002,0.19792653620243073
120,6000,6003,0.2827695608139038
120,6001,6003,0.19766834378242493
120,6002,6003,0.18241026997566223
120,6000,6004,0.33320146799087524
120,6001,6004,0.17515620589256287
120,6003,6004,0.15828143060207367
120,6002,6004,0.15581122040748596
120,6000,6005,0.24898661673069
120,6002,6005,0.248159721493721
120,6004,6005,0.24048486351966858
120,6003,6005,0.2360684871673584
120,6001,6005,0.22724473476409912
120,6000,6006,0.30050069093704224
120,6002,6006,0.2258969396352768
120,6004,6006,0.21981333196163177
120,6003,6006,0.21481095254421234
120,6005,6006,0.2145938277244568
120,6000,6007,0.28089651465415955
120,6001,6007,0.22279107570648193
120,6006,6007,0.22176244854927063
120,6004,6007,0.21978135406970978
120,6003,6007,0.21616610884666443
120,6000,6008,0.28496330976486206
120,6007,6008,0.1976138949394226
120,6001,6008,0.1963668167591095
120,6006,6008,0.19323080778121948
120,6004,6008,0.19247257709503174
120,6000,6009,0.3110837936401367
120,6001,6009,0.20720750093460083
120,6007,6009,0.20183618366718292
120,6006,6009,0.19970516860485077
120,6008,6009,0.199356809258461
120,6000,6010,0.3057876229286194
120,6001,6010,0.18466727435588837
120,6007,6010,0.17863723635673523
120,6008,6010,0.17743763327598572
120,6006,6010,0.17699648439884186
120,6000,6011,0.31065651774406433
120,6007,6011,0.2294268161058426
120,6001,6011,0.2283579707145691
120,6006,6011,0.2258494794368744
120,6008,6011,0.22508969902992249
120,6000,6012,0.2778160572052002
120,6001,6012,0.1866382211446762
120,6011,6012,0.18225856125354767
120,6007,6012,0.17825791239738464
120,6008,6012,0.178203284740448
120,6000,6013,0.27063751220703125
120,6011,6013,0.2440461367368698
120,6007,6013,0.24347913265228271
120,6009,6013,0.24183757603168488
120,6008,6013,0.24095220863819122
120,6000,6014,0.3185757100582123
120,6001,6014,0.18225187063217163
120,6011,6014,0.17651128768920898
120,6006,6014,0.17456673085689545
120,6008,6014,0.17347003519535065
120,6000,6015,0.3183000385761261
120,6001,6015,0.19624534249305725
120,6011,6015,0.19313478469848633
120,6007,6015,0.19219711422920227
120,6008,6015,0.1905938684940338
120,6000,6016,0.290556401014328
120,6007,6016,0.2072940468788147
120,6011,6016,0.20721134543418884
120,6001,6016,0.20694425702095032
120,6008,6016,0.2042320817708969
120,6000,6017,0.29777899384498596
120,6001,6017,0.190245121717453
120,6011,6017,0.18825627863407135
120,6016,6017,0.18718522787094116
120,6007,6017,0.1865665763616562
120,6000,6018,0.32683447003364563
120,6001,6018,0.1866368055343628
120,6011,6018,0.18376649916172028
120,6007,6018,0.18317477405071259
120,6016,6018,0.18141767382621765
120,6000,6019,0.35316455364227295
120,6018,6019,0.18060661852359772
120,6001,6019,0.1805221140384674
120,6011,6019,0.17576977610588074
120,6006,6019,0.172624871134758
120,6000,6020,0.3086599111557007
120,6018,6020,0.18394708633422852
120,6001,6020,0.18048593401908875
120,6011,6020,0.18047229945659637
120,6007,6020,0.18031705915927887
120,6000,6021,0.3123025894165039
120,6018,6021,0.1692071259021759
120,6020,6021,0.168876513838768
120,6007,6021,0.16708077490329742
120,6001,6021,0.16684353351593018
120,6000,6022,0.28796571493148804
120,6018,6022,0.19091041386127472
120,6001,6022,0.19010744988918304
120,6020,6022,0.1900518387556076
120,6011,6022,0.18603530526161194
120,6000,6023,0.31073758006095886
120,6018,6023,0.19334115087985992
120,6020,6023,0.19328057765960693
120,6001,6023,0.19133126735687256
120,6011,6023,0.19000525772571564
120,6000,6024,0.2673623859882355
120,6007,6024,0.23985213041305542
120,6016,6024,0.23979105055332184
120,6011,6024,0.23832955956459045
120,6023,6024,0.23655420541763306
120,6000,6025,0.30184298753738403
120,6020,6025,0.19931451976299286
120,6018,6025,0.19874197244644165
120,6001,6025,0.19625405967235565
120,6011,6025,0.1957852691411972
120,6000,6026,0.29279354214668274
120,6020,6026,0.21355676651000977
120,6007,6026,0.21318745613098145
120,6018,6026,0.21283088624477386
120,6016,6026,0.21254265308380127
120,6000,6027,0.3118210434913635
120,6020,6027,0.20871587097644806
120,6018,6027,0.20821386575698853
120,6001,6027,0.20520171523094177
120,6007,6027,0.20267876982688904
120,6000,6028,0.27710044384002686
120,6020,6028,0.2024087756872177
120,6018,6028,0.20230749249458313
120,6011,6028,0.19983145594596863
120,6016,6028,0.19944564998149872
120,6000,6029,0.2591172456741333
120,6018,6029,0.19903188943862915
120,6020,6029,0.19808679819107056
120,6001,6029,0.1975642591714859
120,6011,6029,0.19446125626564026
120,6000,6030,0.3259109556674957
120,6018,6030,0.18014661967754364
120,6020,6030,0.17936044931411743
120,6001,6030,0.17902269959449768
120,6011,6030,0.17559364438056946
120,6000,6031,0.32541486620903015
120,6018,6031,0.19388779997825623
120,6001,6031,0.19276225566864014
120,6020,6031,0.19240333139896393
120,6011,6031,0.18699124455451965
120,6000,6032,0.27665945887565613
120,6027,6032,0.22605647146701813
120,6007,6032,0.22565525770187378
120,6016,6032,0.22457192838191986
120,6012,6032,0.22360602021217346
120,6000,6033,0.28053194284439087
120,6018,6033,0.22351959347724915
120,6007,6033,0.22287794947624207
120,6011,6033,0.222195565700531
120,6020,6033,0.22195442020893097
120,6000,6034,0.30775418877601624
120,6001,6034,0.18135111033916473
120,6018,6034,0.18055683374404907
120,6020,6034,0.18027864396572113
120,6011,6034,0.17562802135944366
120,6000,6035,0.28493595123291016
120,6018,6035,0.20813289284706116
120,6001,6035,0.20726220309734344
120,6020,6035,0.20679020881652832
120,6011,6035,0.20197618007659912
120,6000,6036,0.2907981276512146
120,6018,6036,0.17763465642929077
120,6020,6036,0.17692096531391144
120,6001,6036,0.17648674547672272
120,6011,6036,0.17410393059253693
120,6000,6037,0.3085345923900604
120,6018,6037,0.17995303869247437
120,6020,6037,0.1787676364183426
120,6001,6037,0.1787165254354477
120,6011,6037,0.17483054101467133
120,6000,6038,0.3408398926258087
120,6018,6038,0.18262533843517303
120,6020,6038,0.18185293674468994
120,6001,6038,0.18096691370010376
120,6011,6038,0.17788103222846985
120,6000,6039,0.29769816994667053
120,6018,6039,0.188644140958786
120,6020,6039,0.18647858500480652
120,6001,6039,0.18601173162460327
120,6011,6039,0.18362045288085938
120,6000,6040,0.32826006412506104
120,6018,6040,0.17603765428066254
120,6020,6040,0.17575080692768097
120,6001,6040,0.17537906765937805
120,6011,6040,0.17139729857444763
120,6000,6041,0.3007577359676361
120,6018,6041,0.19737419486045837
120,6020,6041,0.1957409679889679
120,6001,6041,0.19440008699893951
120,6007,6041,0.19314682483673096
120,6000,6042,0.26717424392700195
120,6020,6042,0.1932053416967392
120,6018,6042,0.19292186200618744
120,6007,6042,0.1925235092639923
120,6011,6042,0.19132760167121887
120,6000,6043,0.288707971572876
120,6012,6043,0.22514817118644714
120,6034,6043,0.2224687933921814
120,6013,6043,0.221476212143898
120,6019,6043,0.22090022265911102
120,6000,6044,0.29309791326522827
120,6020,6044,0.20333637297153473
120,6018,6044,0.20332232117652893
120,6043,6044,0.2022171914577484
120,6001,6044,0.20218685269355774
120,6000,6045,0.2656943202018738
120,6020,6045,0.20301058888435364
120,6018,6045,0.2022235244512558
120,6001,6045,0.20065049827098846
120,6043,6045,0.20029465854167938
120,6000,6046,0.3332615792751312
120,6043,6046,0.1816965490579605
120,6018,6046,0.18160156905651093
120,6001,6046,0.18024620413780212
120,6020,6046,0.18004554510116577
120,6000,6047,0.29095545411109924
120,6020,6047,0.19010336697101593
120,6018,6047,0.18974222242832184
120,6043,6047,0.18930165469646454
120,6001,6047,0.18812939524650574
120,6000,6048,0.27499890327453613
120,6020,6048,0.18218131363391876
120,6018,6048,0.18154318630695343
120,6001,6048,0.18105629086494446
120,6043,6048,0.1805824637413025
120,6000,6049,0.28594428300857544
120,6018,6049,0.1963462084531784
120,6020,6049,0.19497831165790558
120,6001,6049,0.19440943002700806
120,6043,6049,0.194101020693779
130,6500,6501,0.3088400065898895
130,6500,6502,0.29713284969329834
130,6501,6502,0.19792653620243073
130,6500,6503,0.2827695608139038
130,6501,6503,0.19766834378242493
130,6502,6503,0.18241026997566223
130,6500,6504,0.33320146799087524
130,6501,6504,0.17515620589256287
130,6503,6504,0.15828143060207367
130,6502,6504,0.15581122040748596
130,6500,6505,0.24898661673069
130,6502,6505,0.248159721493721
130,6504,6505,0.24048486351966858
130,6503,6505,0.2360684871673584
130,6501,6505,0.22724473476409912
130,6500,6506,0.30050069093704224
130,6502,6506,0.2258969396352768
130,6504,6506,0.21981333196163177
130,6503,6506,0.21481095254421234
130,6505,6506,0.2145938277244568
130,6500,6507,0.28089651465415955
130,6501,6507,0.22279107570648193
130,6506,6507,0.22176244854927063
130,6504,6507,0.21978135406970978
130,6503,6507,0.21616610884666443
130,6500,6508,0.28496330976486206
130,6507,6508,0.1976138949394226
130,6501,6508,0.1963668167591095
130,6506,6508,0.19323080778121948
130,6504,6508,0.19247257709503174
130,6500,6509,0.3110837936401367
130,6501,6509,0.20720750093460083
130,6507,6509,0.20183618366718292
130,6506,6509,0.19970516860485077
130,6508,6509,0.199356809258461
130,6500,6510,0.3057876229286194
130,6501,6510,0.18466727435588837
130,6507,6510,0.17863723635673523
130,6508,6510,0.17743763327598572
130,6506,6510,0.17699648439884186
130,6500,6511,0.31065651774406433
130,6507,6511,0.2294268161058426
130,6501,6511,0.2283579707145691
130,6506,6511,0.2258494794368744
130,6508,6511,0.22508969902992249
130,6500,6512,0.2778160572052002
130,6501,6512,0.1866382211446762
130,6511,6512,0.18225856125354767
130,6507,6512,0.17825791239738464
130,6508,6512,0.178203284740448
130,6500,6513,0.27063751220703125
130,6511,6513,0.2440461367368698
130,6507,6513,0.24347913265228271
130,6509,6513,0.24183757603168488
130,6508,6513,0.24095220863819122
130,6500,6514,0.3185757100582123
130,6501,6514,0.18225187063217163
130,6511,6514,0.17651128768920898
130,6506,6514,0.17456673085689545
130,6508,6514,0.17347003519535065
130,6500,6515,0.3183000385761261
130,6501,6515,0.19624534249305725
130,6511,6515,0.19313478469848633
130,6507,6515,0.19219711422920227
130,6508,6515,0.1905938684940338
130,6500,6516,0.290556401014328
130,6507,6516,0.2072940468788147
130,6511,6516,0.20721134543418884
130,6501,6516,0.20694425702095032
130,6508,6516,0.2042320817708969
130,6500,6517,0.29777899384498596
130,6501,6517,0.190245121717453
130,6511,6517,0.18825627863407135
130,6516,6517,0.18718522787094116
130,6507,6517,0.1865665763616562
130,6500,6518,0.32683447003364563
130,6501,6518,0.1866368055343628
130,6511,6518,0.18376649916172028
130,6507,6518,0.18317477405071259
130,6516,6518,0.18141767382621765
130,6500,6519,0.35316455364227295
130,6518,6519,0.18060661852359772
130,6501,6519,0.1805221140384674
130,6511,6519,0.17576977610588074
130,6506,6519,0.172624871134758
130,6500,6520,0.3086599111557007
130,6518,6520,0.18394708633422852
130,6501,6520,0.18048593401908875
130,6511,6520,0.18047229945659637
130,6507,6520,0.18031705915927887
130,6500,6521,0.3123025894165039
130,6518,6521,0.1692071259021759
130,6520,6521,0.168876513838768
130,6507,6521,0.16708077490329742
130,6501,6521,0.16684353351593018
130,6500,6522,0.28796571493148804
130,6518,6522,0.19091041386127472
130,6501,6522,0.19010744988918304
130,6520,6522,0.1900518387556076
130,6511,6522,0.18603530526161194
130,6500,6523,0.31073758006095886
130,6518,6523,0.19334115087985992
130,6520,6523,0.19328057765960693
130,6501,6523,0.19133126735687256
130,6511,6523,0.19000525772571564
130,6500,6524,0.2673623859882355
130,6507,6524,0.23985213041305542
130,6516,6524,0.23979105055332184
130,6511,6524,0.23832955956459045
130,6523,6524,0.23655420541763306
130,6500,6525,0.30184298753738403
130,6520,6525,0.19931451976299286
130,6518,6525,0.19874197244644165
130,6501,6525,0.19625405967235565
130,6511,6525,0.1957852691411972
130,6500,6526,0.29279354214668274
130,6520,6526,0.21355676651000977
130,6507,6526,0.21318745613098145
130,6518,6526,0.21283088624477386
130,6516,6526,0.21254265308380127
130,6500,6527,0.3118210434913635
130,6520,6527,0.20871587097644806
130,6518,6527,0.20821386575698853
130,6501,6527,0.20520171523094177
130,6507,6527,0.20267876982688904
130,6500,6528,0.27710044384002686
130,6520,6528,0.2024087756872177
130,6518,6528,0.20230749249458313
130,6511,6528,0.19983145594596863
130,6516,6528,0.19944564998149872
130,6500,6529,0.2591172456741333
130,6518,6529,0.19903188943862915
130,6520,6529,0.19808679819107056
130,6501,6529,0.1975642591714859
130,6511,6529,0.19446125626564026
130,6500,6530,0.3259109556674957
130,6518,6530,0.18014661967754364
130,6520,6530,0.17936044931411743
130,6501,6530,0.17902269959449768
130,6511,6530,0.17559364438056946
130,6500,6531,0.32541486620903015
130,6518,6531,0.19388779997825623
130,6501,6531,0.19276225566864014
130,6520,6531,0.19240333139896393
130,6511,6531,0.18699124455451965
130,6500,6532,0.27665945887565613
130,6527,6532,0.22605647146701813
130,6507,6532,0.22565525770187378
130,6516,6532,0.22457192838191986
130,6512,6532,0.22360602021217346
130,6500,6533,0.28053194284439087
130,6518,6533,0.22351959347724915
130,6507,6533,0.22287794947624207
130,6511,6533,0.222195565700531
130,6520,6533,0.22195442020893097
130,6500,6534,0.30775418877601624
130,6501,6534,0.18135111033916473
130,6518,6534,0.18055683374404907
130,6520,6534,0.18027864396572113
130,6511,6534,0.17562802135944366
130,6500,6535,0.28493595123291016
130,6518,6535,0.20813289284706116
130,6501,6535,0.20726220309734344
130,6520,6535,0.20679020881652832
130,6511,6535,0.20197618007659912
130,6500,6536,0.2907981276512146
130,6518,6536,0.17763465642929077
130,6520,6536,0.17692096531391144
130,6501,6536,0.17648674547672272
130,6511,6536,0.17410393059253693
130,6500,6537,0.3085345923900604
130,6518,6537,0.17995303869247437
130,6520,6537,0.1787676364183426
130,6501,6537,0.1787165254354477
130,6511,6537,0.17483054101467133
130,6500,6538,0.3408398926258087
130,6518,6538,0.18262533843517303
130,6520,6538,0.18185293674468994
130,6501,6538,0.18096691370010376
130,6511,6538,0.17788103222846985
130,6500,6539,0.29769816994667053
130,6518,6539,0.188644140958786
130,6520,6539,0.18647858500480652
130,6501,6539,0.18601173162460327
130,6511,6539,0.18362045288085938
130,6500,6540,0.32826006412506104
130,6518,6540,0.17603765428066254
130,6520,6540,0.17575080692768097
130,6501,6540,0.17537906765937805
130,6511,6540,0.17139729857444763
130,6500,6541,0.3007577359676361
130,6518,6541,0.19737419486045837
130,6520,6541,0.1957409679889679
130,6501,6541,0.19440008699893951
130,6507,6541,0.19314682483673096
130,6500,6542,0.26717424392700195
130,6520,6542,0.1932053416967392
130,6518,6542,0.19292186200618744
130,6507,6542,0.1925235092639923
130,6511,6542,0.19132760167121887
130,6500,6543,0.288707971572876
130,6512,6543,0.22514817118644714
130,6534,6543,0.2224687933921814
130,6513,6543,0.221476212143898
130,6519,6543,0.22090022265911102
130,6500,6544,0.29309791326522827
130,6520,6544,0.20333637297153473
130,6518,6544,0.20332232117652893
130,6543,6544,0.2022171914577484
130,6501,6544,0.20218685269355774
130,6500,6545,0.2656943202018738
130,6520,6545,0.20301058888435364
130,6518,6545,0.2022235244512558
130,6501,6545,0.20065049827098846
130,6543,6545,0.20029465854167938
130,6500,6546,0.3332615792751312
130,6543,6546,0.1816965490579605
130,6518,6546,0.18160156905651093
130,6501,6546,0.18024620413780212
130,6520,6546,0.18004554510116577
130,6500,6547,0.29095545411109924
130,6520,6547,0.19010336697101593
130,6518,6547,0.18974222242832184
130,6543,6547,0.18930165469646454
130,6501,6547,0.18812939524650574
130,6500,6548,0.27499890327453613
130,6520,6548,0.18218131363391876
130,6518,6548,0.18154318630695343
130,6501,6548,0.18105629086494446
130,6543,6548,0.1805824637413025
130,6500,6549,0.28594428300857544
130,6518,6549,0.1963462084531784
130,6520,6549,0.19497831165790558
130,6501,6549,0.19440943002700806
130,6543,6549,0.194101020693779
134,6700,6701,0.3088400065898895
134,6700,6702,0.29713284969329834
134,6701,6702,0.19792653620243073
134,6700,6703,0.2827695608139038
134,6701,6703,0.19766834378242493
134,6702,6703,0.18241026997566223
134,6700,6704,0.33320146799087524
134,6701,6704,0.17515620589256287
134,6703,6704,0.15828143060207367
134,6702,6704,0.15581122040748596
134,6700,6705,0.24898661673069
134,6702,6705,0.248159721493721
134,6704,6705,0.24048486351966858
134,6703,6705,0.2360684871673584
134,6701,6705,0.22724473476409912
134,6700,6706,0.30050069093704224
134,6702,6706,0.2258969396352768
134,6704,6706,0.21981333196163177
134,6703,6706,0.21481095254421234
134,6705,6706,0.2145938277244568
134,6700,6707,0.28089651465415955
134,6701,6707,0.22279107570648193
134,6706,6707,0.22176244854927063
134,6704,6707,0.21978135406970978
134,6703,6707,0.21616610884666443
134,6700,6708,0.28496330976486206
134,6707,6708,0.1976138949394226
134,6701,6708,0.1963668167591095
134,6706,6708,0.19323080778121948
134,6704,6708,0.19247257709503174
134,6700,6709,0.3110837936401367
134,6701,6709,0.20720750093460083
134,6707,6709,0.20183618366718292
134,6706,6709,0.19970516860485077
134,6708,6709,0.199356809258461
134,6700,6710,0.3057876229286194
134,6701,6710,0.18466727435588837
134,6707,6710,0.17863723635673523
134,6708,6710,0.17743763327598572
134,6706,6710,0.17699648439884186
134,6700,6711,0.31065651774406433
134,6707,6711,0.2294268161058426
134,6701,6711,0.2283579707145691
134,6706,6711,0.2258494794368744
134,6708,6711,0.22508969902992249
134,6700,6712,0.2778160572052002
134,6701,6712,0.1866382211446762
134,6711,6712,0.18225856125354767
134,6707,6712,0.17825791239738464
134,6708,6712,0.178203284740448
134,6700,6713,0.27063751220703125
134,6711,6713,0.2440461367368698
134,6707,6713,0.24347913265228271
134,6709,6713,0.24183757603168488
134,6708,6713,0.24095220863819122
134,6700,6714,0.3185757100582123
134,6701,6714,0.18225187063217163
134,6711,6714,0.17651128768920898
134,6706,6714,0.17456673085689545
134,6708,6714,0.17347003519535065
134,6700,6715,0.3183000385761261
134,6701,6715,0.19624534249305725
134,6711,6715,0.19313478469848633
134,6707,6715,0.19219711422920227
134,6708,6715,0.1905938684940338
134,6700,6716,0.290556401014328
134,6707,6716,0.2072940468788147
134,6711,6716,0.20721134543418884
134,6701,6716,0.20694425702095032
134,6708,6716,0.2042320817708969
134,6700,6717,0.29777899384498596
134,6701,6717,0.190245121717453
134,6711,6717,0.18825627863407135
134,6716,6717,0.18718522787094116
134,6707,6717,0.1865665763616562
134,6700,6718,0.32683447003364563
134,6701,6718,0.1866368055343628
134,6711,6718,0.18376649916172028
134,6707,6718,0.18317477405071259
134,6716,6718,0.18141767382621765
134,6700,6719,0.35316455364227295
134,6718,6719,0.18060661852359772
134,6701,6719,0.1805221140384674
134,6711,6719,0.17576977610588074
134,6706,6719,0.172624871134758
134,6700,6720,0.3086599111557007
134,6718,6720,0.18394708633422852
134,6701,6720,0.18048593401908875
134,6711,6720,0.18047229945659637
134,6707,6720,0.18031705915927887
134,6700,6721,0.3123025894165039
134,6718,6721,0.1692071259021759
134,6720,6721,0.168876513838768
134,6707,6721,0.16708077490329742
134,6701,6721,0.16684353351593018
134,6700,6722,0.28796571493148804
134,6718,6722,0.19091041386127472
134,6701,6722,0.19010744988918304
134,6720,6722,0.1900518387556076
134,6711,6722,0.18603530526161194
134,6700,6723,0.31073758006095886
134,6718,6723,0.19334115087985992
134,6720,6723,0.19328057765960693
134,6701,6723,0.19133126735687256
134,6711,6723,0.19000525772571564
134,6700,6724,0.2673623859882355
134,6707,6724,0.23985213041305542
134,6716,6724,0.23979105055332184
134,6711,6724,0.23832955956459045
134,6723,6724,0.23655420541763306
134,6700,6725,0.30184298753738403
134,6720,6725,0.19931451976299286
134,6718,6725,0.19874197244644165
134,6701,6725,0.19625405967235565
134,6711,6725,0.1957852691411972
134,6700,6726,0.29279354214668274
134,6720,6726,0.21355676651000977
134,6707,6726,0.21318745613098145
134,6718,6726,0.21283088624477386
134,6716,6726,0.21254265308380127
134,6700,6727,0.3118210434913635
134,6720,6727,0.20871587097644806
134,6718,6727,0.20821386575698853
134,6701,6727,0.20520171523094177
134,6707,6727,0.20267876982688904
134,6700,6728,0.27710044384002686
134,6720,6728,0.2024087756872177
134,6718,6728,0.20230749249458313
134,6711,6728,0.19983145594596863
134,6716,6728,0.19944564998149872
134,6700,6729,0.2591172456741333
134,6718,6729,0.19903188943862915
134,6720,6729,0.19808679819107056
134,6701,6729,0.1975642591714859
134,6711,6729,0.19446125626564026
134,6700,6730,0.3259109556674957
134,6718,6730,0.18014661967754364
134,6720,6730,0.17936044931411743
134,6701,6730,0.17902269959449768
134,6711,6730,0.17559364438056946
134,6700,6731,0.32541486620903015
134,6718,6731,0.19388779997825623
134,6701,6731,0.19276225566864014
134,6720,6731,0.19240333139896393
134,6711,6731,0.18699124455451965
134,6700,6732,0.27665945887565613
134,6727,6732,0.22605647146701813
134,6707,6732,0.22565525770187378
134,6716,6732,0.22457192838191986
134,6712,6732,0.22360602021217346
134,6700,6733,0.28053194284439087
134,6718,6733,0.22351959347724915
134,6707,6733,0.22287794947624207
134,6711,6733,0.222195565700531
134,6720,6733,0.22195442020893097
134,6700,6734,0.30775418877601624
134,6701,6734,0.18135111033916473
134,6718,6734,0.18055683374404907
134,6720,6734,0.18027864396572113
134,6711,6734,0.17562802135944366
134,6700,6735,0.28493595123291016
134,6718,6735,0.20813289284706116
134,6701,6735,0.20726220309734344
134,6720,6735,0.20679020881652832
134,6711,6735,0.20197618007659912
134,6700,6736,0.2907981276512146
134,6718,6736,0.17763465642929077
134,6720,6736,0.17692096531391144
134,6701,6736,0.17648674547672272
134,6711,6736,0.17410393059253693
134,6700,6737,0.3085345923900604
134,6718,6737,0.17995303869247437
134,6720,6737,0.1787676364183426
134,6701,6737,0.1787165254354477
134,6711,6737,0.17483054101467133
134,6700,6738,0.3408398926258087
134,6718,6738,0.18262533843517303
134,6720,6738,0.18185293674468994
134,6701,6738,0.18096691370010376
134,6711,6738,0.17788103222846985
134,6700,6739,0.29769816994667053
134,6718,6739,0.188644140958786
134,6720,6739,0.18647858500480652
134,6701,6739,0.18601173162460327
134,6711,6739,0.18362045288085938
134,6700,6740,0.32826006412506104
134,6718,6740,0.17603765428066254
134,6720,6740,0.17575080692768097
134,6701,6740,0.17537906765937805
134,6711,6740,0.17139729857444763
134,6700,6741,0.3007577359676361
134,6718,6741,0.19737419486045837
134,6720,6741,0.1957409679889679
134,6701,6741,0.19440008699893951
134,6707,6741,0.19314682483673096
134,6700,6742,0.26717424392700195
134,6720,6742,0.1932053416967392
134,6718,6742,0.19292186200618744
134,6707,6742,0.1925235092639923
134,6711,6742,0.19132760167121887
134,6700,6743,0.288707971572876
134,6712,6743,0.22514817118644714
134,6734,6743,0.2224687933921814
134,6713,6743,0.221476212143898
134,6719,6743,0.22090022265911102
134,6700,6744,0.29309791326522827
134,6720,6744,0.20333637297153473
134,6718,6744,0.20332232117652893
134,6743,6744,0.2022171914577484
134,6701,6744,0.20218685269355774
134,6700,6745,0.2656943202018738
134,6720,6745,0.20301058888435364
134,6718,6745,0.2022235244512558
134,6701,6745,0.20065049827098846
134,6743,6745,0.20029465854167938
134,6700,6746,0.3332615792751312
134,6743,6746,0.1816965490579605
134,6718,6746,0.18160156905651093
134,6701,6746,0.18024620413780212
134,6720,6746,0.18004554510116577
134,6700,6747,0.29095545411109924
134,6720,6747,0.19010336697101593
134,6718,6747,0.18974222242832184
134,6743,6747,0.18930165469646454
134,6701,6747,0.18812939524650574
134,6700,6748,0.27499890327453613
134,6720,6748,0.18218131363391876
134,6718,6748,0.18154318630695343
134,6701,6748,0.18105629086494446
134,6743,6748,0.1805824637413025
134,6700,6749,0.28594428300857544
134,6718,6749,0.1963462084531784
134,6720,6749,0.19497831165790558
134,6701,6749,0.19440943002700806
134,6743,6749,0.194101020693779
140,7000,7001,0.3088400065898895
140,7000,7002,0.29713284969329834
140,7001,7002,0.19792653620243073
140,7000,7003,0.2827695608139038
140,7001,7003,0.19766834378242493
140,7002,7003,0.18241026997566223
140,7000,7004,0.33320146799087524
140,7001,7004,0.17515620589256287
140,7003,7004,0.15828143060207367
140,7002,7004,0.15581122040748596
140,7000,7005,0.24898661673069
140,7002,7005,0.248159721493721
140,7004,7005,0.24048486351966858
140,7003,7005,0.2360684871673584
140,7001,7005,0.22724473476409912
140,7000,7006,0.30050069093704224
140,7002,7006,0.2258969396352768
140,7004,7006,0.21981333196163177
140,7003,7006,0.21481095254421234
140,7005,7006,0.2145938277244568
140,7000,7007,0.28089651465415955
140,7001,7007,0.22279107570648193
140,7006,7007,0.22176244854927063
140,7004,7007,0.21978135406970978
140,7003,7007,0.21616610884666443
140,7000,7008,0.28496330976486206
140,7007,7008,0.1976138949394226
140,7001,7008,0.1963668167591095
140,7006,7008,0.19323080778121948
140,7004,7008,0.19247257709503174
140,7000,7009,0.3110837936401367
140,7001,7009,0.20720750093460083
140,7007,7009,0.20183618366718292
140,7006,7009,0.19970516860485077
140,7008,7009,0.199356809258461
140,7000,7010,0.3057876229286194
140,7001,7010,0.18466727435588837
140,7007,7010,0.17863723635673523
140,7008,7010,0.17743763327598572
140,7006,7010,0.17699648439884186
140,7000,7011,0.31065651774406433
140,7007,7011,0.2294268161058426
140,7001,7011,0.2283579707145691
140,7006,7011,0.2258494794368744
140,7008,7011,0.22508969902992249
140,7000,7012,0.2778160572052002
140,7001,7012,0.1866382211446762
140,7011,7012,0.18225856125354767
140,7007,7012,0.17825791239738464
140,7008,7012,0.178203284740448
140,7000,7013,0.27063751220703125
140,7011,7013,0.2440461367368698
140,7007,7013,0.24347913265228271
140,7009,7013,0.24183757603168488
140,7008,7013,0.24095220863819122
140,7000,7014,0.3185757100582123
140,7001,7014,0.18225187063217163
140,7011,7014,0.17651128768920898
140,7006,7014,0.17456673085689545
140,7008,7014,0.17347003519535065
140,7000,7015,0.3183000385761261
140,7001,7015,0.19624534249305725
140,7011,7015,0.19313478469848633
140,7007,7015,0.19219711422920227
140,7008,7015,0.1905938684940338
140,7000,7016,0.290556401014328
140,7007,7016,0.2072940468788147
140,7011,7016,0.20721134543418884
140,7001,7016,0.20694425702095032
140,7008,7016,0.2042320817708969
140,7000,7017,0.29777899384498596
140,7001,7017,0.190245121717453
140,7011,7017,0.18825627863407135
140,7016,7017,0.18718522787094116
140,7007,7017,0.1865665763616562
140,7000,7018,0.32683447003364563
140,7001,7018,0.1866368055343628
140,7011,7018,0.18376649916172028
140,7007,7018,0.18317477405071259
140,7016,7018,0.18141767382621765
140,7000,7019,0.35316455364227295
140,7018,7019,0.18060661852359772
140,7001,7019,0.1805221140384674
140,7011,7019,0.17576977610588074
140,7006,7019,0.172624871134758
140,7000,7020,0.3086599111557007
140,7018,7020,0.18394708633422852
140,7001,7020,0.18048593401908875
140,7011,7020,0.18047229945659637
140,7007,7020,0.18031705915927887
140,7000,7021,0.3123025894165039
140,7018,7021,0.1692071259021759
140,7020,7021,0.168876513838768
140,7007,7021,0.16708077490329742
140,7001,7021,0.16684353351593018
140,7000,7022,0.28796571493148804
140,7018,7022,0.19091041386127472
140,7001,7022,0.19010744988918304
140,7020,7022,0.1900518387556076
140,7011,7022,0.18603530526161194
140,7000,7023,0.31073758006095886
140,7018,7023,0.19334115087985992
140,7020,7023,0.19328057765960693
140,7001,7023,0.19133126735687256
140,7011,7023,0.19000525772571564
140,7000,7024,0.2673623859882355
140,7007,7024,0.23985213041305542
140,7016,7024,0.23979105055332184
140,7011,7024,0.23832955956459045
140,7023,7024,0.23655420541763306
140,7000,7025,0.30184298753738403
140,7020,7025,0.19931451976299286
140,7018,7025,0.19874197244644165
140,7001,7025,0.19625405967235565
140,7011,7025,0.1957852691411972
140,7000,7026,0.29279354214668274
140,7020,7026,0.21355676651000977
140,7007,7026,0.21318745613098145
140,7018,7026,0.21283088624477386
140,7016,7026,0.21254265308380127
140,7000,7027,0.3118210434913635
140,7020,7027,0.20871587097644806
140,7018,7027,0.20821386575698853
140,7001,7027,0.20520171523094177
140,7007,7027,0.20267876982688904
140,7000,7028,0.27710044384002686
140,7020,7028,0.2024087756872177
140,7018,7028,0.20230749249458313
140,7011,7028,0.19983145594596863
140,7016,7028,0.19944564998149872
140,7000,7029,0.2591172456741333
140,7018,7029,0.19903188943862915
140,7020,7029,0.19808679819107056
140,7001,7029,0.1975642591714859
140,7011,7029,0.19446125626564026
140,7000,7030,0.3259109556674957
140,7018,7030,0.18014661967754364
140,7020,7030,0.17936044931411743
140,7001,7030,0.17902269959449768
140,7011,7030,0.17559364438056946
140,7000,7031,0.32541486620903015
140,7018,7031,0.19388779997825623
140,7001,7031,0.19276225566864014
140,7020,7031,0.19240333139896393
140,7011,7031,0.18699124455451965
140,7000,7032,0.27665945887565613
140,7027,7032,0.22605647146701813
140,7007,7032,0.22565525770187378
140,7016,7032,0.22457192838191986
140,7012,7032,0.22360602021217346
140,7000,7033,0.28053194284439087
140,7018,7033,0.22351959347724915
140,7007,7033,0.22287794947624207
140,7011,7033,0.222195565700531
140,7020,7033,0.22195442020893097
140,7000,7034,0.30775418877601624
140,7001,7034,0.18135111033916473
140,7018,7034,0.18055683374404907
140,7020,7034,0.18027864396572113
140,7011,7034,0.17562802135944366
140,7000,7035,0.28493595123291016
140,7018,7035,0.20813289284706116
140,7001,7035,0.20726220309734344
140,7020,7035,0.20679020881652832
140,7011,7035,0.20197618007659912
140,7000,7036,0.2907981276512146
140,7018,7036,0.17763465642929077
140,7020,7036,0.17692096531391144
140,7001,7036,0.17648674547672272
140,7011,7036,0.17410393059253693
140,7000,7037,0.3085345923900604
140,7018,7037,0.17995303869247437
140,7020,7037,0.1787676364183426
140,7001,7037,0.1787165254354477
140,7011,7037,0.17483054101467133
140,7000,7038,0.3408398926258087
140,7018,7038,0.18262533843517303
140,7020,7038,0.18185293674468994
140,7001,7038,0.18096691370010376
140,7011,7038,0.17788103222846985
140,7000,7039,0.29769816994667053
140,7018,7039,0.188644140958786
140,7020,7039,0.18647858500480652
140,7001,7039,0.18601173162460327
140,7011,7039,0.18362045288085938
140,7000,7040,0.32826006412506104
140,7018,7040,0.17603765428066254
140,7020,7040,0.17575080692768097
140,7001,7040,0.17537906765937805
140,7011,7040,0.17139729857444763
140,7000,7041,0.3007577359676361
140,7018,7041,0.19737419486045837
140,7020,7041,0.1957409679889679
140,7001,7041,0.19440008699893951
140,7007,7041,0.19314682483673096
140,7000,7042,0.26717424392700195
140,7020,7042,0.1932053416967392
140,7018,7042,0.19292186200618744
140,7007,7042,0.1925235092639923
140,7011,7042,0.19132760167121887
140,7000,7043,0.288707971572876
140,7012,7043,0.22514817118644714
140,7034,7043,0.2224687933921814
140,7013,7043,0.221476212143898
140,7019,7043,0.22090022265911102
140,7000,7044,0.29309791326522827
140,7020,7044,0.20333637297153473
140,7018,7044,0.20332232117652893
140,7043,7044,0.2022171914577484
140,7001,7044,0.20218685269355774
140,7000,7045,0.2656943202018738
140,7020,7045,0.20301058888435364
140,7018,7045,0.2022235244512558
140,7001,7045,0.20065049827098846
140,7043,7045,0.20029465854167938
140,7000,7046,0.3332615792751312
140,7043,7046,0.1816965490579605
140,7018,7046,0.18160156905651093
140,7001,7046,0.18024620413780212
140,7020,7046,0.18004554510116577
140,7000,7047,0.29095545411109924
140,7020,7047,0.19010336697101593
140,7018,7047,0.18974222242832184
140,7043,7047,0.18930165469646454
140,7001,7047,0.18812939524650574
140,7000,7048,0.27499890327453613
140,7020,7048,0.18218131363391876
140,7018,7048,0.18154318630695343
140,7001,7048,0.18105629086494446
140,7043,7048,0.1805824637413025
140,7000,7049,0.28594428300857544
140,7018,7049,0.1963462084531784
140,7020,7049,0.19497831165790558
140,7001,7049,0.19440943002700806
140,7043,7049,0.194101020693779
153,7650,7651,0.3088400065898895
153,7650,7652,0.29713284969329834
153,7651,7652,0.19792653620243073
153,7650,7653,0.2827695608139038
153,7651,7653,0.19766834378242493
153,7652,7653,0.18241026997566223
153,7650,7654,0.33320146799087524
153,7651,7654,0.17515620589256287
153,7653,7654,0.15828143060207367
153,7652,7654,0.15581122040748596
153,7650,7655,0.24898661673069
153,7652,7655,0.248159721493721
153,7654,7655,0.24048486351966858
153,7653,7655,0.2360684871673584
153,7651,7655,0.22724473476409912
153,7650,7656,0.30050069093704224
153,7652,7656,0.2258969396352768
153,7654,7656,0.21981333196163177
153,7653,7656,0.21481095254421234
153,7655,7656,0.2145938277244568
153,7650,7657,0.28089651465415955
153,7651,7657,0.22279107570648193
153,7656,7657,0.22176244854927063
153,7654,7657,0.21978135406970978
153,7653,7657,0.21616610884666443
153,7650,7658,0.28496330976486206
153,7657,7658,0.1976138949394226
153,7651,7658,0.1963668167591095
153,7656,7658,0.19323080778121948
153,7654,7658,0.19247257709503174
153,7650,7659,0.3110837936401367
153,7651,7659,0.20720750093460083
153,7657,7659,0.20183618366718292
153,7656,7659,0.19970516860485077
153,7658,7659,0.199356809258461
153,7650,7660,0.3057876229286194
153,7651,7660,0.18466727435588837
153,7657,7660,0.17863723635673523
153,7658,7660,0.17743763327598572
153,7656,7660,0.17699648439884186
153,7650,7661,0.31065651774406433
153,7657,7661,0.2294268161058426
153,7651,7661,0.2283579707145691
153,7656,7661,0.2258494794368744
153,7658,7661,0.22508969902992249
153,7650,7662,0.2778160572052002
153,7651,7662,0.1866382211446762
153,7661,7662,0.18225856125354767
153,7657,7662,0.17825791239738464
153,7658,7662,0.178203284740448
153,7650,7663,0.27063751220703125
153,7661,7663,0.2440461367368698
153,7657,7663,0.24347913265228271
153,7659,7663,0.24183757603168488
153,7658,7663,0.24095220863819122
153,7650,7664,0.3185757100582123
153,7651,7664,0.18225187063217163
153,7661,7664,0.17651128768920898
153,7656,7664,0.17456673085689545
153,7658,7664,0.17347003519535065
153,7650,7665,0.3183000385761261
153,7651,7665,0.19624534249305725
153,7661,7665,0.19313478469848633
153,7657,7665,0.19219711422920227
153,7658,7665,0.1905938684940338
153,7650,7666,0.290556401014328
153,7657,7666,0.2072940468788147
153,7661,7666,0.20721134543418884
153,7651,7666,0.20694425702095032
153,7658,7666,0.2042320817708969
153,7650,7667,0.29777899384498596
153,7651,7667,0.190245121717453
153,7661,7667,0.18825627863407135
153,7666,7667,0.18718522787094116
153,7657,7667,0.1865665763616562
153,7650,7668,0.32683447003364563
153,7651,7668,0.1866368055343628
153,7661,7668,0.18376649916172028
153,7657,7668,0.18317477405071259
153,7666,7668,0.18141767382621765
153,7650,7669,0.35316455364227295
153,7668,7669,0.18060661852359772
153,7651,7669,0.1805221140384674
153,7661,7669,0.17576977610588074
153,7656,7669,0.172624871134758
153,7650,7670,0.3086599111557007
153,7668,7670,0.18394708633422852
153,7651,7670,0.18048593401908875
153,7661,7670,0.18047229945659637
153,7657,7670,0.18031705915927887
153,7650,7671,0.3123025894165039
153,7668,7671,0.1692071259021759
153,7670,7671,0.168876513838768
153,7657,7671,0.16708077490329742
153,7651,7671,0.16684353351593018
153,7650,7672,0.28796571493148804
153,7668,7672,0.19091041386127472
153,7651,7672,0.19010744988918304
153,7670,7672,0.1900518387556076
153,7661,7672,0.18603530526161194
153,7650,7673,0.31073758006095886
153,7668,7673,0.19334115087985992
153,7670,7673,0.19328057765960693
153,7651,7673,0.19133126735687256
153,7661,7673,0.19000525772571564
153,7650,7674,0.2673623859882355
153,7657,7674,0.23985213041305542
153,7666,7674,0.23979105055332184
153,7661,7674,0.23832955956459045
153,7673,7674,0.23655420541763306
153,7650,7675,0.30184298753738403
153,7670,7675,0.19931451976299286
153,7668,7675,0.19874197244644165
153,7651,7675,0.19625405967235565
153,7661,7675,0.1957852691411972
153,7650,7676,0.29279354214668274
153,7670,7676,0.21355676651000977
153,7657,7676,0.21318745613098145
153,7668,7676,0.21283088624477386
153,7666,7676,0.21254265308380127
153,7650,7677,0.3118210434913635
153,7670,7677,0.20871587097644806
153,7668,7677,0.20821386575698853
153,7651,7677,0.20520171523094177
153,7657,7677,0.20267876982688904
153,7650,7678,0.27710044384002686
153,7670,7678,0.2024087756872177
153,7668,7678,0.20230749249458313
153,7661,7678,0.19983145594596863
153,7666,7678,0.19944564998149872
153,7650,7679,0.2591172456741333
153,7668,7679,0.19903188943862915
153,7670,7679,0.19808679819107056
153,7651,7679,0.1975642591714859
153,7661,7679,0.19446125626564026
153,7650,7680,0.3259109556674957
153,7668,7680,0.18014661967754364
153,7670,7680,0.17936044931411743
153,7651,7680,0.17902269959449768
153,7661,7680,0.17559364438056946
153,7650,7681,0.32541486620903015
153,7668,7681,0.19388779997825623
153,7651,7681,0.19276225566864014
153,7670,7681,0.19240333139896393
153,7661,7681,0.18699124455451965
153,7650,7682,0.27665945887565613
153,7677,7682,0.22605647146701813
153,7657,7682,0.22565525770187378
153,7666,7682,0.22457192838191986
153,7662,7682,0.22360602021217346
153,7650,7683,0.28053194284439087
153,7668,7683,0.22351959347724915
153,7657,7683,0.22287794947624207
153,7661,7683,0.222195565700531
153,7670,7683,0.22195442020893097
153,7650,7684,0.30775418877601624
153,7651,7684,0.18135111033916473
153,7668,7684,0.18055683374404907
153,7670,7684,0.18027864396572113
153,7661,7684,0.17562802135944366
153,7650,7685,0.28493595123291016
153,7668,7685,0.20813289284706116
153,7651,7685,0.20726220309734344
153,7670,7685,0.20679020881652832
153,7661,7685,0.20197618007659912
153,7650,7686,0.2907981276512146
153,7668,7686,0.17763465642929077
153,7670,7686,0.17692096531391144
153,7651,7686,0.17648674547672272
153,7661,7686,0.17410393059253693
153,7650,7687,0.3085345923900604
153,7668,7687,0.17995303869247437
153,7670,7687,0.1787676364183426
153,7651,7687,0.1787165254354477
153,7661,7687,0.17483054101467133
153,7650,7688,0.3408398926258087
153,7668,7688,0.18262533843517303
153,7670,7688,0.18185293674468994
153,7651,7688,0.18096691370010376
153,7661,7688,0.17788103222846985
153,7650,7689,0.29769816994667053
153,7668,7689,0.188644140958786
153,7670,7689,0.18647858500480652
153,7651,7689,0.18601173162460327
153,7661,7689,0.18362045288085938
153,7650,7690,0.32826006412506104
153,7668,7690,0.17603765428066254
153,7670,7690,0.17575080692768097
153,7651,7690,0.17537906765937805
153,7661,7690,0.17139729857444763
153,7650,7691,0.3007577359676361
153,7668,7691,0.19737419486045837
153,7670,7691,0.1957409679889679
153,7651,7691,0.19440008699893951
153,7657,7691,0.19314682483673096
153,7650,7692,0.26717424392700195
153,7670,7692,0.1932053416967392
153,7668,7692,0.19292186200618744
153,7657,7692,0.1925235092639923
153,7661,7692,0.19132760167121887
153,7650,7693,0.288707971572876
153,7662,7693,0.22514817118644714
153,7684,7693,0.2224687933921814
153,7663,7693,0.221476212143898
153,7669,7693,0.22090022265911102
153,7650,7694,0.29309791326522827
153,7670,7694,0.20333637297153473
153,7668,7694,0.20332232117652893
153,7693,7694,0.2022171914577484
153,7651,7694,0.20218685269355774
153,7650,7695,0.2656943202018738
153,7670,7695,0.20301058888435364
153,7668,7695,0.2022235244512558
153,7651,7695,0.20065049827098846
153,7693,7695,0.20029465854167938
153,7650,7696,0.3332615792751312
153,7693,7696,0.1816965490579605
153,7668,7696,0.18160156905651093
153,7651,7696,0.18024620413780212
153,7670,7696,0.18004554510116577
153,7650,7697,0.29095545411109924
153,7670,7697,0.19010336697101593
153,7668,7697,0.18974222242832184
153,7693,7697,0.18930165469646454
153,7651,7697,0.18812939524650574
153,7650,7698,0.27499890327453613
153,7670,7698,0.18218131363391876
153,7668,7698,0.18154318630695343
153,7651,7698,0.18105629086494446
153,7693,7698,0.1805824637413025
153,7650,7699,0.28594428300857544
153,7668,7699,0.1963462084531784
153,7670,7699,0.19497831165790558
153,7651,7699,0.19440943002700806
153,7693,7699,0.194101020693779
154,7700,7701,0.3088400065898895
154,7700,7702,0.29713284969329834
154,7701,7702,0.19792653620243073
154,7700,7703,0.2827695608139038
154,7701,7703,0.19766834378242493
154,7702,7703,0.18241026997566223
154,7700,7704,0.33320146799087524
154,7701,7704,0.17515620589256287
154,7703,7704,0.15828143060207367
154,7702,7704,0.15581122040748596
154,7700,7705,0.24898661673069
154,7702,7705,0.248159721493721
154,7704,7705,0.24048486351966858
154,7703,7705,0.2360684871673584
154,7701,7705,0.22724473476409912
154,7700,7706,0.30050069093704224
154,7702,7706,0.2258969396352768
154,7704,7706,0.21981333196163177
154,7703,7706,0.21481095254421234
154,7705,7706,0.2145938277244568
154,7700,7707,0.28089651465415955
154,7701,7707,0.22279107570648193
154,7706,7707,0.22176244854927063
154,7704,7707,0.21978135406970978
154,7703,7707,0.21616610884666443
154,7700,7708,0.28496330976486206
154,7707,7708,0.1976138949394226
154,7701,7708,0.1963668167591095
154,7706,7708,0.19323080778121948
154,7704,7708,0.19247257709503174
154,7700,7709,0.3110837936401367
154,7701,7709,0.20720750093460083
154,7707,7709,0.20183618366718292
154,7706,7709,0.19970516860485077
154,7708,7709,0.199356809258461
154,7700,7710,0.3057876229286194
154,7701,7710,0.18466727435588837
154,7707,7710,0.17863723635673523
154,7708,7710,0.17743763327598572
154,7706,7710,0.17699648439884186
154,7700,7711,0.31065651774406433
154,7707,7711,0.2294268161058426
154,7701,7711,0.2283579707145691
154,7706,7711,0.2258494794368744
154,7708,7711,0.22508969902992249
154,7700,7712,0.2778160572052002
154,7701,7712,0.1866382211446762
154,7711,7712,0.18225856125354767
154,7707,7712,0.17825791239738464
154,7708,7712,0.178203284740448
154,7700,7713,0.27063751220703125
154,7711,7713,0.2440461367368698
154,7707,7713,0.24347913265228271
154,7709,7713,0.24183757603168488
154,7708,7713,0.24095220863819122
154,7700,7714,0.3185757100582123
154,7701,7714,0.18225187063217163
154,7711,7714,0.17651128768920898
154,7706,7714,0.17456673085689545
154,7708,7714,0.17347003519535065
154,7700,7715,0.3183000385761261
154,7701,7715,0.19624534249305725
154,7711,7715,0.19313478469848633
154,7707,7715,0.19219711422920227
154,7708,7715,0.1905938684940338
154,7700,7716,0.290556401014328
154,7707,7716,0.2072940468788147
154,7711,7716,0.20721134543418884
154,7701,7716,0.20694425702095032
154,7708,7716,0.2042320817708969
154,7700,7717,0.29777899384498596
154,7701,7717,0.190245121717453
154,7711,7717,0.18825627863407135
154,7716,7717,0.18718522787094116
154,7707,7717,0.1865665763616562
154,7700,7718,0.32683447003364563
154,7701,7718,0.1866368055343628
154,7711,7718,0.18376649916172028
154,7707,7718,0.18317477405071259
154,7716,7718,0.18141767382621765
154,7700,7719,0.35316455364227295
154,7718,7719,0.18060661852359772
154,7701,7719,0.1805221140384674
154,7711,7719,0.17576977610588074
154,7706,7719,0.172624871134758
154,7700,7720,0.3086599111557007
154,7718,7720,0.18394708633422852
154,7701,7720,0.18048593401908875
154,7711,7720,0.18047229945659637
154,7707,7720,0.18031705915927887
154,7700,7721,0.3123025894165039
154,7718,7721,0.1692071259021759
154,7720,7721,0.168876513838768
154,7707,7721,0.16708077490329742
154,7701,7721,0.16684353351593018
154,7700,7722,0.28796571493148804
154,7718,7722,0.19091041386127472
154,7701,7722,0.19010744988918304
154,7720,7722,0.1900518387556076
154,7711,7722,0.18603530526161194
154,7700,7723,0.31073758006095886
154,7718,7723,0.19334115087985992
154,7720,7723,0.19328057765960693
154,7701,7723,0.19133126735687256
154,7711,7723,0.19000525772571564
154,7700,7724,0.2673623859882355
154,7707,7724,0.23985213041305542
154,7716,7724,0.23979105055332184
154,7711,7724,0.23832955956459045
154,7723,7724,0.23655420541763306
154,7700,7725,0.30184298753738403
154,7720,7725,0.19931451976299286
154,7718,7725,0.19874197244644165
154,7701,7725,0.19625405967235565
154,7711,7725,0.1957852691411972
154,7700,7726,0.29279354214668274
154,7720,7726,0.21355676651000977
154,7707,7726,0.21318745613098145
154,7718,7726,0.21283088624477386
154,7716,7726,0.21254265308380127
154,7700,7727,0.3118210434913635
154,7720,7727,0.20871587097644806
154,7718,7727,0.20821386575698853
154,7701,7727,0.20520171523094177
154,7707,7727,0.20267876982688904
154,7700,7728,0.27710044384002686
154,7720,7728,0.2024087756872177
154,7718,7728,0.20230749249458313
154,7711,7728,0.19983145594596863
154,7716,7728,0.19944564998149872
154,7700,7729,0.2591172456741333
154,7718,7729,0.19903188943862915
154,7720,7729,0.19808679819107056
154,7701,7729,0.1975642591714859
154,7711,7729,0.19446125626564026
154,7700,7730,0.3259109556674957
154,7718,7730,0.18014661967754364
154,7720,7730,0.17936044931411743
154,7701,7730,0.17902269959449768
154,7711,7730,0.17559364438056946
154,7700,7731,0.32541486620903015
154,7718,7731,0.19388779997825623
154,7701,7731,0.19276225566864014
154,7720,7731,0.19240333139896393
154,7711,7731,0.18699124455451965
154,7700,7732,0.27665945887565613
154,7727,7732,0.22605647146701813
154,7707,7732,0.22565525770187378
154,7716,7732,0.22457192838191986
154,7712,7732,0.22360602021217346
154,7700,7733,0.28053194284439087
154,7718,7733,0.22351959347724915
154,7707,7733,0.22287794947624207
154,7711,7733,0.222195565700531
154,7720,7733,0.22195442020893097
154,7700,7734,0.30775418877601624
154,7701,7734,0.18135111033916473
154,7718,7734,0.18055683374404907
154,7720,7734,0.18027864396572113
154,7711,7734,0.17562802135944366
154,7700,7735,0.28493595123291016
154,7718,7735,0.20813289284706116
154,7701,7735,0.20726220309734344
154,7720,7735,0.20679020881652832
154,7711,7735,0.20197618007659912
154,7700,7736,0.2907981276512146
154,7718,7736,0.17763465642929077
154,7720,7736,0.17692096531391144
154,7701,7736,0.17648674547672272
154,7711,7736,0.17410393059253693
154,7700,7737,0.3085345923900604
154,7718,7737,0.17995303869247437
154,7720,7737,0.1787676364183426
154,7701,7737,0.1787165254354477
154,7711,7737,0.17483054101467133
154,7700,7738,0.3408398926258087
154,7718,7738,0.18262533843517303
154,7720,7738,0.18185293674468994
154,7701,7738,0.18096691370010376
154,7711,7738,0.17788103222846985
154,7700,7739,0.29769816994667053
154,7718,7739,0.188644140958786
154,7720,7739,0.18647858500480652
154,7701,7739,0.18601173162460327
154,7711,7739,0.18362045288085938
154,7700,7740,0.32826006412506104
154,7718,7740,0.17603765428066254
154,7720,7740,0.17575080692768097
154,7701,7740,0.17537906765937805
154,7711,7740,0.17139729857444763
154,7700,7741,0.3007577359676361
154,7718,7741,0.19737419486045837
154,7720,7741,0.1957409679889679
154,7701,7741,0.19440008699893951
154,7707,7741,0.19314682483673096
154,7700,7742,0.26717424392700195
154,7720,7742,0.1932053416967392
154,7718,7742,0.19292186200618744
154,7707,7742,0.1925235092639923
154,7711,7742,0.19132760167121887
154,7700,7743,0.288707971572876
154,7712,7743,0.22514817118644714
154,7734,7743,0.2224687933921814
154,7713,7743,0.221476212143898
154,7719,7743,0.22090022265911102
154,7700,7744,0.29309791326522827
154,7720,7744,0.20333637297153473
154,7718,7744,0.20332232117652893
154,7743,7744,0.2022171914577484
154,7701,7744,0.20218685269355774
154,7700,7745,0.2656943202018738
154,7720,7745,0.20301058888435364
154,7718,7745,0.2022235244512558
154,7701,7745,0.20065049827098846
154,7743,7745,0.20029465854167938
154,7700,7746,0.3332615792751312
154,7743,7746,0.1816965490579605
154,7718,7746,0.18160156905651093
154,7701,7746,0.18024620413780212
154,7720,7746,0.18004554510116577
154,7700,7747,0.29095545411109924
154,7720,7747,0.19010336697101593
154,7718,7747,0.18974222242832184
154,7743,7747,0.18930165469646454
154,7701,7747,0.18812939524650574
154,7700,7748,0.27499890327453613
154,7720,7748,0.18218131363391876
154,7718,7748,0.18154318630695343
154,7701,7748,0.18105629086494446
154,7743,7748,0.1805824637413025
154,7700,7749,0.28594428300857544
154,7718,7749,0.1963462084531784
154,7720,7749,0.19497831165790558
154,7701,7749,0.19440943002700806
154,7743,7749,0.194101020693779
155,7750,7751,0.3088400065898895
155,7750,7752,0.29713284969329834
155,7751,7752,0.19792653620243073
155,7750,7753,0.2827695608139038
155,7751,7753,0.19766834378242493
155,7752,7753,0.18241026997566223
155,7750,7754,0.33320146799087524
155,7751,7754,0.17515620589256287
155,7753,7754,0.15828143060207367
155,7752,7754,0.15581122040748596
155,7750,7755,0.24898661673069
155,7752,7755,0.248159721493721
155,7754,7755,0.24048486351966858
155,7753,7755,0.2360684871673584
155,7751,7755,0.22724473476409912
155,7750,7756,0.30050069093704224
155,7752,7756,0.2258969396352768
155,7754,7756,0.21981333196163177
155,7753,7756,0.21481095254421234
155,7755,7756,0.2145938277244568
155,7750,7757,0.28089651465415955
155,7751,7757,0.22279107570648193
155,7756,7757,0.22176244854927063
155,7754,7757,0.21978135406970978
155,7753,7757,0.21616610884666443
155,7750,7758,0.28496330976486206
155,7757,7758,0.1976138949394226
155,7751,7758,0.1963668167591095
155,7756,7758,0.19323080778121948
155,7754,7758,0.19247257709503174
155,7750,7759,0.3110837936401367
155,7751,7759,0.20720750093460083
155,7757,7759,0.20183618366718292
155,7756,7759,0.19970516860485077
155,7758,7759,0.199356809258461
155,7750,7760,0.3057876229286194
155,7751,7760,0.18466727435588837
155,7757,7760,0.17863723635673523
155,7758,7760,0.17743763327598572
155,7756,7760,0.17699648439884186
155,7750,7761,0.31065651774406433
155,7757,7761,0.2294268161058426
155,7751,7761,0.2283579707145691
155,7756,7761,0.2258494794368744
155,7758,7761,0.22508969902992249
155,7750,7762,0.2778160572052002
155,7751,7762,0.1866382211446762
155,7761,7762,0.18225856125354767
155,7757,7762,0.17825791239738464
155,7758,7762,0.178203284740448
155,7750,7763,0.27063751220703125
155,7761,7763,0.2440461367368698
155,7757,7763,0.24347913265228271
155,7759,7763,0.24183757603168488
155,7758,7763,0.24095220863819122
155,7750,7764,0.3185757100582123
155,7751,7764,0.18225187063217163
155,7761,7764,0.17651128768920898
155,7756,7764,0.17456673085689545
155,7758,7764,0.17347003519535065
155,7750,7765,0.3183000385761261
155,7751,7765,0.19624534249305725
155,7761,7765,0.19313478469848633
155,7757,7765,0.19219711422920227
155,7758,7765,0.1905938684940338
155,7750,7766,0.290556401014328
155,7757,7766,0.2072940468788147
155,7761,7766,0.20721134543418884
155,7751,7766,0.20694425702095032
155,7758,7766,0.2042320817708969
155,7750,7767,0.29777899384498596
155,7751,7767,0.190245121717453
155,7761,7767,0.18825627863407135
155,7766,7767,0.18718522787094116
155,7757,7767,0.1865665763616562
155,7750,7768,0.32683447003364563
155,7751,7768,0.1866368055343628
155,7761,7768,0.18376649916172028
155,7757,7768,0.18317477405071259
155,7766,7768,0.18141767382621765
155,7750,7769,0.35316455364227295
155,7768,7769,0.18060661852359772
155,7751,7769,0.1805221140384674
155,7761,7769,0.17576977610588074
155,7756,7769,0.172624871134758
155,7750,7770,0.3086599111557007
155,7768,7770,0.18394708633422852
155,7751,7770,0.18048593401908875
155,7761,7770,0.18047229945659637
155,7757,7770,0.18031705915927887
155,7750,7771,0.3123025894165039
155,7768,7771,0.1692071259021759
155,7770,7771,0.168876513838768
155,7757,7771,0.16708077490329742
155,7751,7771,0.16684353351593018
155,7750,7772,0.28796571493148804
155,7768,7772,0.19091041386127472
155,7751,7772,0.19010744988918304
155,7770,7772,0.1900518387556076
155,7761,7772,0.18603530526161194
155,7750,7773,0.31073758006095886
155,7768,7773,0.19334115087985992
155,7770,7773,0.19328057765960693
155,7751,7773,0.19133126735687256
155,7761,7773,0.19000525772571564
155,7750,7774,0.2673623859882355
155,7757,7774,0.23985213041305542
155,7766,7774,0.23979105055332184
155,7761,7774,0.23832955956459045
155,7773,7774,0.23655420541763306
155,7750,7775,0.30184298753738403
155,7770,7775,0.19931451976299286
155,7768,7775,0.19874197244644165
155,7751,7775,0.19625405967235565
155,7761,7775,0.1957852691411972
155,7750,7776,0.29279354214668274
155,7770,7776,0.21355676651000977
155,7757,7776,0.21318745613098145
155,7768,7776,0.21283088624477386
155,7766,7776,0.21254265308380127
155,7750,7777,0.3118210434913635
155,7770,7777,0.20871587097644806
155,7768,7777,0.20821386575698853
155,7751,7777,0.20520171523094177
155,7757,7777,0.20267876982688904
155,7750,7778,0.27710044384002686
155,7770,7778,0.2024087756872177
155,7768,7778,0.20230749249458313
155,7761,7778,0.19983145594596863
155,7766,7778,0.19944564998149872
155,7750,7779,0.2591172456741333
155,7768,7779,0.19903188943862915
155,7770,7779,0.19808679819107056
155,7751,7779,0.1975642591714859
155,7761,7779,0.19446125626564026
155,7750,7780,0.3259109556674957
155,7768,7780,0.18014661967754364
155,7770,7780,0.17936044931411743
155,7751,7780,0.17902269959449768
155,7761,7780,0.17559364438056946
155,7750,7781,0.32541486620903015
155,7768,7781,0.19388779997825623
155,7751,7781,0.19276225566864014
155,7770,7781,0.19240333139896393
155,7761,7781,0.18699124455451965
155,7750,7782,0.27665945887565613
155,7777,7782,0.22605647146701813
155,7757,7782,0.22565525770187378
155,7766,7782,0.22457192838191986
155,7762,7782,0.22360602021217346
155,7750,7783,0.28053194284439087
155,7768,7783,0.22351959347724915
155,7757,7783,0.22287794947624207
155,7761,7783,0.222195565700531
155,7770,7783,0.22195442020893097
155,7750,7784,0.30775418877601624
155,7751,7784,0.18135111033916473
155,7768,7784,0.18055683374404907
155,7770,7784,0.18027864396572113
155,7761,7784,0.17562802135944366
155,7750,7785,0.28493595123291016
155,7768,7785,0.20813289284706116
155,7751,7785,0.20726220309734344
155,7770,7785,0.20679020881652832
155,7761,7785,0.20197618007659912
155,7750,7786,0.2907981276512146
155,7768,7786,0.17763465642929077
155,7770,7786,0.17692096531391144
155,7751,7786,0.17648674547672272
155,7761,7786,0.17410393059253693
155,7750,7787,0.3085345923900604
155,7768,7787,0.17995303869247437
155,7770,7787,0.1787676364183426
155,7751,7787,0.1787165254354477
155,7761,7787,0.17483054101467133
155,7750,7788,0.3408398926258087
155,7768,7788,0.18262533843517303
155,7770,7788,0.18185293674468994
155,7751,7788,0.18096691370010376
155,7761,7788,0.17788103222846985
155,7750,7789,0.29769816994667053
155,7768,7789,0.188644140958786
155,7770,7789,0.18647858500480652
155,7751,7789,0.18601173162460327
155,7761,7789,0.18362045288085938
155,7750,7790,0.32826006412506104
155,7768,7790,0.17603765428066254
155,7770,7790,0.17575080692768097
155,7751,7790,0.17537906765937805
155,7761,7790,0.17139729857444763
155,7750,7791,0.3007577359676361
155,7768,7791,0.19737419486045837
155,7770,7791,0.1957409679889679
155,7751,7791,0.19440008699893951
155,7757,7791,0.19314682483673096
155,7750,7792,0.26717424392700195
155,7770,7792,0.1932053416967392
155,7768,7792,0.19292186200618744
155,7757,7792,0.1925235092639923
155,7761,7792,0.19132760167121887
155,7750,7793,0.288707971572876
155,7762,7793,0.22514817118644714
155,7784,7793,0.2224687933921814
155,7763,7793,0.221476212143898
155,7769,7793,0.22090022265911102
155,7750,7794,0.29309791326522827
155,7770,7794,0.20333637297153473
155,7768,7794,0.20332232117652893
155,7793,7794,0.2022171914577484
155,7751,7794,0.20218685269355774
155,7750,7795,0.2656943202018738
155,7770,7795,0.20301058888435364
155,7768,7795,0.2022235244512558
155,7751,7795,0.20065049827098846
155,7793,7795,0.20029465854167938
155,7750,7796,0.3332615792751312
155,7793,7796,0.1816965490579605
155,7768,7796,0.18160156905651093
155,7751,7796,0.18024620413780212
155,7770,7796,0.18004554510116577
155,7750,7797,0.29095545411109924
155,7770,7797,0.19010336697101593
155,7768,7797,0.18974222242832184
155,7793,7797,0.18930165469646454
155,7751,7797,0.18812939524650574
155,7750,7798,0.27499890327453613
155,7770,7798,0.18218131363391876
155,7768,7798,0.18154318630695343
155,7751,7798,0.18105629086494446
155,7793,7798,0.1805824637413025
155,7750,7799,0.28594428300857544
155,7768,7799,0.1963462084531784
155,7770,7799,0.19497831165790558
155,7751,7799,0.19440943002700806
155,7793,7799,0.194101020693779
171,8550,8551,0.3088400065898895
171,8550,8552,0.29713284969329834
171,8551,8552,0.19792653620243073
171,8550,8553,0.2827695608139038
171,8551,8553,0.19766834378242493
171,8552,8553,0.18241026997566223
171,8550,8554,0.33320146799087524
171,8551,8554,0.17515620589256287
171,8553,8554,0.15828143060207367
171,8552,8554,0.15581122040748596
171,8550,8555,0.24898661673069
171,8552,8555,0.248159721493721
171,8554,8555,0.24048486351966858
171,8553,8555,0.2360684871673584
171,8551,8555,0.22724473476409912
171,8550,8556,0.30050069093704224
171,8552,8556,0.2258969396352768
171,8554,8556,0.21981333196163177
171,8553,8556,0.21481095254421234
171,8555,8556,0.2145938277244568
171,8550,8557,0.28089651465415955
171,8551,8557,0.22279107570648193
171,8556,8557,0.22176244854927063
171,8554,8557,0.21978135406970978
171,8553,8557,0.21616610884666443
171,8550,8558,0.28496330976486206
171,8557,8558,0.1976138949394226
171,8551,8558,0.1963668167591095
171,8556,8558,0.19323080778121948
171,8554,8558,0.19247257709503174
171,8550,8559,0.3110837936401367
171,8551,8559,0.20720750093460083
171,8557,8559,0.20183618366718292
171,8556,8559,0.19970516860485077
171,8558,8559,0.199356809258461
171,8550,8560,0.3057876229286194
171,8551,8560,0.18466727435588837
171,8557,8560,0.17863723635673523
171,8558,8560,0.17743763327598572
171,8556,8560,0.17699648439884186
171,8550,8561,0.31065651774406433
171,8557,8561,0.2294268161058426
171,8551,8561,0.2283579707145691
171,8556,8561,0.2258494794368744
171,8558,8561,0.22508969902992249
171,8550,8562,0.2778160572052002
171,8551,8562,0.1866382211446762
171,8561,8562,0.18225856125354767
171,8557,8562,0.17825791239738464
171,8558,8562,0.178203284740448
171,8550,8563,0.27063751220703125
171,8561,8563,0.2440461367368698
171,8557,8563,0.24347913265228271
171,8559,8563,0.24183757603168488
171,8558,8563,0.24095220863819122
171,8550,8564,0.3185757100582123
171,8551,8564,0.18225187063217163
171,8561,8564,0.17651128768920898
171,8556,8564,0.17456673085689545
171,8558,8564,0.17347003519535065
171,8550,8565,0.3183000385761261
171,8551,8565,0.19624534249305725
171,8561,8565,0.19313478469848633
171,8557,8565,0.19219711422920227
171,8558,8565,0.1905938684940338
171,8550,8566,0.290556401014328
171,8557,8566,0.2072940468788147
171,8561,8566,0.20721134543418884
171,8551,8566,0.20694425702095032
171,8558,8566,0.2042320817708969
171,8550,8567,0.29777899384498596
171,8551,8567,0.190245121717453
171,8561,8567,0.18825627863407135
171,8566,8567,0.18718522787094116
171,8557,8567,0.1865665763616562
171,8550,8568,0.32683447003364563
171,8551,8568,0.1866368055343628
171,8561,8568,0.18376649916172028
171,8557,8568,0.18317477405071259
171,8566,8568,0.18141767382621765
171,8550,8569,0.35316455364227295
171,8568,8569,0.18060661852359772
171,8551,8569,0.1805221140384674
171,8561,8569,0.17576977610588074
171,8556,8569,0.172624871134758
171,8550,8570,0.3086599111557007
171,8568,8570,0.18394708633422852
171,8551,8570,0.18048593401908875
171,8561,8570,0.18047229945659637
171,8557,8570,0.18031705915927887
171,8550,8571,0.3123025894165039
171,8568,8571,0.1692071259021759
171,8570,8571,0.168876513838768
171,8557,8571,0.16708077490329742
171,8551,8571,0.16684353351593018
171,8550,8572,0.28796571493148804
171,8568,8572,0.19091041386127472
171,8551,8572,0.19010744988918304
171,8570,8572,0.1900518387556076
171,8561,8572,0.18603530526161194
171,8550,8573,0.31073758006095886
171,8568,8573,0.19334115087985992
171,8570,8573,0.19328057765960693
171,8551,8573,0.19133126735687256
171,8561,8573,0.19000525772571564
171,8550,8574,0.2673623859882355
171,8557,8574,0.23985213041305542
171,8566,8574,0.23979105055332184
171,8561,8574,0.23832955956459045
171,8573,8574,0.23655420541763306
171,8550,8575,0.30184298753738403
171,8570,8575,0.19931451976299286
171,8568,8575,0.19874197244644165
171,8551,8575,0.19625405967235565
171,8561,8575,0.1957852691411972
171,8550,8576,0.29279354214668274
171,8570,8576,0.21355676651000977
171,8557,8576,0.21318745613098145
171,8568,8576,0.21283088624477386
171,8566,8576,0.21254265308380127
171,8550,8577,0.3118210434913635
171,8570,8577,0.20871587097644806
171,8568,8577,0.20821386575698853
171,8551,8577,0.20520171523094177
171,8557,8577,0.20267876982688904
171,8550,8578,0.27710044384002686
171,8570,8578,0.2024087756872177
171,8568,8578,0.20230749249458313
171,8561,8578,0.19983145594596863
171,8566,8578,0.19944564998149872
171,8550,8579,0.2591172456741333
171,8568,8579,0.19903188943862915
171,8570,8579,0.19808679819107056
171,8551,8579,0.1975642591714859
171,8561,8579,0.19446125626564026
171,8550,8580,0.3259109556674957
171,8568,8580,0.18014661967754364
171,8570,8580,0.17936044931411743
171,8551,8580,0.17902269959449768
171,8561,8580,0.17559364438056946
171,8550,8581,0.32541486620903015
171,8568,8581,0.19388779997825623
171,8551,8581,0.19276225566864014
171,8570,8581,0.19240333139896393
171,8561,8581,0.18699124455451965
171,8550,8582,0.27665945887565613
171,8577,8582,0.22605647146701813
171,8557,8582,0.22565525770187378
171,8566,8582,0.22457192838191986
171,8562,8582,0.22360602021217346
171,8550,8583,0.28053194284439087
171,8568,8583,0.22351959347724915
171,8557,8583,0.22287794947624207
171,8561,8583,0.222195565700531
171,8570,8583,0.22195442020893097
171,8550,8584,0.30775418877601624
171,8551,8584,0.18135111033916473
171,8568,8584,0.18055683374404907
171,8570,8584,0.18027864396572113
171,8561,8584,0.17562802135944366
171,8550,8585,0.28493595123291016
171,8568,8585,0.20813289284706116
171,8551,8585,0.20726220309734344
171,8570,8585,0.20679020881652832
171,8561,8585,0.20197618007659912
171,8550,8586,0.2907981276512146
171,8568,8586,0.17763465642929077
171,8570,8586,0.17692096531391144
171,8551,8586,0.17648674547672272
171,8561,8586,0.17410393059253693
171,8550,8587,0.3085345923900604
171,8568,8587,0.17995303869247437
171,8570,8587,0.1787676364183426
171,8551,8587,0.1787165254354477
171,8561,8587,0.17483054101467133
171,8550,8588,0.3408398926258087
171,8568,8588,0.18262533843517303
171,8570,8588,0.18185293674468994
171,8551,8588,0.18096691370010376
171,8561,8588,0.17788103222846985
171,8550,8589,0.29769816994667053
171,8568,8589,0.188644140958786
171,8570,8589,0.18647858500480652
171,8551,8589,0.18601173162460327
171,8561,8589,0.18362045288085938
171,8550,8590,0.32826006412506104
171,8568,8590,0.17603765428066254
171,8570,8590,0.17575080692768097
171,8551,8590,0.17537906765937805
171,8561,8590,0.17139729857444763
171,8550,8591,0.3007577359676361
171,8568,8591,0.19737419486045837
171,8570,8591,0.1957409679889679
171,8551,8591,0.19440008699893951
171,8557,8591,0.19314682483673096
171,8550,8592,0.26717424392700195
171,8570,8592,0.1932053416967392
171,8568,8592,0.19292186200618744
171,8557,8592,0.1925235092639923
171,8561,8592,0.19132760167121887
171,8550,8593,0.288707971572876
171,8562,8593,0.22514817118644714
171,8584,8593,0.2224687933921814
171,8563,8593,0.221476212143898
171,8569,8593,0.22090022265911102
171,8550,8594,0.29309791326522827
171,8570,8594,0.20333637297153473
171,8568,8594,0.20332232117652893
171,8593,8594,0.2022171914577484
171,8551,8594,0.20218685269355774
171,8550,8595,0.2656943202018738
171,8570,8595,0.20301058888435364
171,8568,8595,0.2022235244512558
171,8551,8595,0.20065049827098846
171,8593,8595,0.20029465854167938
171,8550,8596,0.3332615792751312
171,8593,8596,0.1816965490579605
171,8568,8596,0.18160156905651093
171,8551,8596,0.18024620413780212
171,8570,8596,0.18004554510116577
171,8550,8597,0.29095545411109924
171,8570,8597,0.19010336697101593
171,8568,8597,0.18974222242832184
171,8593,8597,0.18930165469646454
171,8551,8597,0.18812939524650574
171,8550,8598,0.27499890327453613
171,8570,8598,0.18218131363391876
171,8568,8598,0.18154318630695343
171,8551,8598,0.18105629086494446
171,8593,8598,0.1805824637413025
171,8550,8599,0.28594428300857544
171,8568,8599,0.1963462084531784
171,8570,8599,0.19497831165790558
171,8551,8599,0.19440943002700806
171,8593,8599,0.194101020693779
173,8650,8651,0.3088400065898895
173,8650,8652,0.29713284969329834
173,8651,8652,0.19792653620243073
173,8650,8653,0.2827695608139038
173,8651,8653,0.19766834378242493
173,8652,8653,0.18241026997566223
173,8650,8654,0.33320146799087524
173,8651,8654,0.17515620589256287
173,8653,8654,0.15828143060207367
173,8652,8654,0.15581122040748596
173,8650,8655,0.24898661673069
173,8652,8655,0.248159721493721
173,8654,8655,0.24048486351966858
173,8653,8655,0.2360684871673584
173,8651,8655,0.22724473476409912
173,8650,8656,0.30050069093704224
173,8652,8656,0.2258969396352768
173,8654,8656,0.21981333196163177
173,8653,8656,0.21481095254421234
173,8655,8656,0.2145938277244568
173,8650,8657,0.28089651465415955
173,8651,8657,0.22279107570648193
173,8656,8657,0.22176244854927063
173,8654,8657,0.21978135406970978
173,8653,8657,0.21616610884666443
173,8650,8658,0.28496330976486206
173,8657,8658,0.1976138949394226
173,8651,8658,0.1963668167591095
173,8656,8658,0.19323080778121948
173,8654,8658,0.19247257709503174
173,8650,8659,0.3110837936401367
173,8651,8659,0.20720750093460083
173,8657,8659,0.20183618366718292
173,8656,8659,0.19970516860485077
173,8658,8659,0.199356809258461
173,8650,8660,0.3057876229286194
173,8651,8660,0.18466727435588837
173,8657,8660,0.17863723635673523
173,8658,8660,0.17743763327598572
173,8656,8660,0.17699648439884186
173,8650,8661,0.31065651774406433
173,8657,8661,0.2294268161058426
173,8651,8661,0.2283579707145691
173,8656,8661,0.2258494794368744
173,8658,8661,0.22508969902992249
173,8650,8662,0.2778160572052002
173,8651,8662,0.1866382211446762
173,8661,8662,0.18225856125354767
173,8657,8662,0.17825791239738464
173,8658,8662,0.178203284740448
173,8650,8663,0.27063751220703125
173,8661,8663,0.2440461367368698
173,8657,8663,0.24347913265228271
173,8659,8663,0.24183757603168488
173,8658,8663,0.24095220863819122
173,8650,8664,0.3185757100582123
173,8651,8664,0.18225187063217163
173,8661,8664,0.17651128768920898
173,8656,8664,0.17456673085689545
173,8658,8664,0.17347003519535065
173,8650,8665,0.3183000385761261
173,8651,8665,0.19624534249305725
173,8661,8665,0.19313478469848633
173,8657,8665,0.19219711422920227
173,8658,8665,0.1905938684940338
173,8650,8666,0.290556401014328
173,8657,8666,0.2072940468788147
173,8661,8666,0.20721134543418884
173,8651,8666,0.20694425702095032
173,8658,8666,0.2042320817708969
173,8650,8667,0.29777899384498596
173,8651,8667,0.190245121717453
173,8661,8667,0.18825627863407135
173,8666,8667,0.18718522787094116
173,8657,8667,0.1865665763616562
173,8650,8668,0.32683447003364563
173,8651,8668,0.1866368055343628
173,8661,8668,0.18376649916172028
173,8657,8668,0.18317477405071259
173,8666,8668,0.18141767382621765
173,8650,8669,0.35316455364227295
173,8668,8669,0.18060661852359772
173,8651,8669,0.1805221140384674
173,8661,8669,0.17576977610588074
173,8656,8669,0.172624871134758
173,8650,8670,0.3086599111557007
173,8668,8670,0.18394708633422852
173,8651,8670,0.18048593401908875
173,8661,8670,0.18047229945659637
173,8657,8670,0.18031705915927887
173,8650,8671,0.3123025894165039
173,8668,8671,0.1692071259021759
173,8670,8671,0.168876513838768
173,8657,8671,0.16708077490329742
173,8651,8671,0.16684353351593018
173,8650,8672,0.28796571493148804
173,8668,8672,0.19091041386127472
173,8651,8672,0.19010744988918304
173,8670,8672,0.1900518387556076
173,8661,8672,0.18603530526161194
173,8650,8673,0.31073758006095886
173,8668,8673,0.19334115087985992
173,8670,8673,0.19328057765960693
173,8651,8673,0.19133126735687256
173,8661,8673,0.19000525772571564
173,8650,8674,0.2673623859882355
173,8657,8674,0.23985213041305542
173,8666,8674,0.23979105055332184
173,8661,8674,0.23832955956459045
173,8673,8674,0.23655420541763306
173,8650,8675,0.30184298753738403
173,8670,8675,0.19931451976299286
173,8668,8675,0.19874197244644165
173,8651,8675,0.19625405967235565
173,8661,8675,0.1957852691411972
173,8650,8676,0.29279354214668274
173,8670,8676,0.21355676651000977
173,8657,8676,0.21318745613098145
173,8668,8676,0.21283088624477386
173,8666,8676,0.21254265308380127
173,8650,8677,0.3118210434913635
173,8670,8677,0.20871587097644806
173,8668,8677,0.20821386575698853
173,8651,8677,0.20520171523094177
173,8657,8677,0.20267876982688904
173,8650,8678,0.27710044384002686
173,8670,8678,0.2024087756872177
173,8668,8678,0.20230749249458313
173,8661,8678,0.19983145594596863
173,8666,8678,0.19944564998149872
173,8650,8679,0.2591172456741333
173,8668,8679,0.19903188943862915
173,8670,8679,0.19808679819107056
173,8651,8679,0.1975642591714859
173,8661,8679,0.19446125626564026
173,8650,8680,0.3259109556674957
173,8668,8680,0.18014661967754364
173,8670,8680,0.17936044931411743
173,8651,8680,0.17902269959449768
173,8661,8680,0.17559364438056946
173,8650,8681,0.32541486620903015
173,8668,8681,0.19388779997825623
173,8651,8681,0.19276225566864014
173,8670,8681,0.19240333139896393
173,8661,8681,0.18699124455451965
173,8650,8682,0.27665945887565613
173,8677,8682,0.22605647146701813
173,8657,8682,0.22565525770187378
173,8666,8682,0.22457192838191986
173,8662,8682,0.22360602021217346
173,8650,8683,0.28053194284439087
173,8668,8683,0.22351959347724915
173,8657,8683,0.22287794947624207
173,8661,8683,0.222195565700531
173,8670,8683,0.22195442020893097
173,8650,8684,0.30775418877601624
173,8651,8684,0.18135111033916473
173,8668,8684,0.18055683374404907
173,8670,8684,0.18027864396572113
173,8661,8684,0.17562802135944366
173,8650,8685,0.28493595123291016
173,8668,8685,0.20813289284706116
173,8651,8685,0.20726220309734344
173,8670,8685,0.20679020881652832
173,8661,8685,0.20197618007659912
173,8650,8686,0.2907981276512146
173,8668,8686,0.17763465642929077
173,8670,8686,0.17692096531391144
173,8651,8686,0.17648674547672272
173,8661,8686,0.17410393059253693
173,8650,8687,0.3085345923900604
173,8668,8687,0.17995303869247437
173,8670,8687,0.1787676364183426
173,8651,8687,0.1787165254354477
173,8661,8687,0.17483054101467133
173,8650,8688,0.3408398926258087
173,8668,8688,0.18262533843517303
173,8670,8688,0.18185293674468994
173,8651,8688,0.18096691370010376
173,8661,8688,0.17788103222846985
173,8650,8689,0.29769816994667053
173,8668,8689,0.188644140958786
173,8670,8689,0.18647858500480652
173,8651,8689,0.18601173162460327
173,8661,8689,0.18362045288085938
173,8650,8690,0.32826006412506104
173,8668,8690,0.17603765428066254
173,8670,8690,0.17575080692768097
173,8651,8690,0.17537906765937805
173,8661,8690,0.17139729857444763
173,8650,8691,0.3007577359676361
173,8668,8691,0.19737419486045837
173,8670,8691,0.1957409679889679
173,8651,8691,0.19440008699893951
173,8657,8691,0.19314682483673096
173,8650,8692,0.26717424392700195
173,8670,8692,0.1932053416967392
173,8668,8692,0.19292186200618744
173,8657,8692,0.1925235092639923
173,8661,8692,0.19132760167121887
173,8650,8693,0.288707971572876
173,8662,8693,0.22514817118644714
173,8684,8693,0.2224687933921814
173,8663,8693,0.221476212143898
173,8669,8693,0.22090022265911102
173,8650,8694,0.29309791326522827
173,8670,8694,0.20333637297153473
173,8668,8694,0.20332232117652893
173,8693,8694,0.2022171914577484
173,8651,8694,0.20218685269355774
173,8650,8695,0.2656943202018738
173,8670,8695,0.20301058888435364
173,8668,8695,0.2022235244512558
173,8651,8695,0.20065049827098846
173,8693,8695,0.20029465854167938
173,8650,8696,0.3332615792751312
173,8693,8696,0.1816965490579605
173,8668,8696,0.18160156905651093
173,8651,8696,0.18024620413780212
173,8670,8696,0.18004554510116577
173,8650,8697,0.29095545411109924
173,8670,8697,0.19010336697101593
173,8668,8697,0.18974222242832184
173,8693,8697,0.18930165469646454
173,8651,8697,0.18812939524650574
173,8650,8698,0.27499890327453613
173,8670,8698,0.18218131363391876
173,8668,8698,0.18154318630695343
173,8651,8698,0.18105629086494446
173,8693,8698,0.1805824637413025
173,8650,8699,0.28594428300857544
173,8668,8699,0.1963462084531784
173,8670,8699,0.19497831165790558
173,8651,8699,0.19440943002700806
173,8693,8699,0.194101020693779
188,9400,9401,0.3088400065898895
188,9400,9402,0.29713284969329834
188,9401,9402,0.19792653620243073
188,9400,9403,0.2827695608139038
188,9401,9403,0.19766834378242493
188,9402,9403,0.18241026997566223
188,9400,9404,0.33320146799087524
188,9401,9404,0.17515620589256287
188,9403,9404,0.15828143060207367
188,9402,9404,0.15581122040748596
188,9400,9405,0.24898661673069
188,9402,9405,0.248159721493721
188,9404,9405,0.24048486351966858
188,9403,9405,0.2360684871673584
188,9401,9405,0.22724473476409912
188,9400,9406,0.30050069093704224
188,9402,9406,0.2258969396352768
188,9404,9406,0.21981333196163177
188,9403,9406,0.21481095254421234
188,9405,9406,0.2145938277244568
188,9400,9407,0.28089651465415955
188,9401,9407,0.22279107570648193
188,9406,9407,0.22176244854927063
188,9404,9407,0.21978135406970978
188,9403,9407,0.21616610884666443
188,9400,9408,0.28496330976486206
188,9407,9408,0.1976138949394226
188,9401,9408,0.1963668167591095
188,9406,9408,0.19323080778121948
188,9404,9408,0.19247257709503174
188,9400,9409,0.3110837936401367
188,9401,9409,0.20720750093460083
188,9407,9409,0.20183618366718292
188,9406,9409,0.19970516860485077
188,9408,9409,0.199356809258461
188,9400,9410,0.3057876229286194
188,9401,9410,0.18466727435588837
188,9407,9410,0.17863723635673523
188,9408,9410,0.17743763327598572
188,9406,9410,0.17699648439884186
188,9400,9411,0.31065651774406433
188,9407,9411,0.2294268161058426
188,9401,9411,0.2283579707145691
188,9406,9411,0.2258494794368744
188,9408,9411,0.22508969902992249
188,9400,9412,0.2778160572052002
188,9401,9412,0.1866382211446762
188,9411,9412,0.18225856125354767
188,9407,9412,0.17825791239738464
188,9408,9412,0.178203284740448
188,9400,9413,0.27063751220703125
188,9411,9413,0.2440461367368698
188,9407,9413,0.24347913265228271
188,9409,9413,0.24183757603168488
188,9408,9413,0.24095220863819122
188,9400,9414,0.3185757100582123
188,9401,9414,0.18225187063217163
188,9411,9414,0.17651128768920898
188,9406,9414,0.17456673085689545
188,9408,9414,0.17347003519535065
188,9400,9415,0.3183000385761261
188,9401,9415,0.19624534249305725
188,9411,9415,0.19313478469848633
188,9407,9415,0.19219711422920227
188,9408,9415,0.1905938684940338
188,9400,9416,0.290556401014328
188,9407,9416,0.2072940468788147
188,9411,9416,0.20721134543418884
188,9401,9416,0.20694425702095032
188,9408,9416,0.2042320817708969
188,9400,9417,0.29777899384498596
188,9401,9417,0.190245121717453
188,9411,9417,0.18825627863407135
188,9416,9417,0.18718522787094116
188,9407,9417,0.1865665763616562
188,9400,9418,0.32683447003364563
188,9401,9418,0.1866368055343628
188,9411,9418,0.18376649916172028
188,9407,9418,0.18317477405071259
188,9416,9418,0.18141767382621765
188,9400,9419,0.35316455364227295
188,9418,9419,0.18060661852359772
188,9401,9419,0.1805221140384674
188,9411,9419,0.17576977610588074
188,9406,9419,0.172624871134758
188,9400,9420,0.3086599111557007
188,9418,9420,0.18394708633422852
188,9401,9420,0.18048593401908875
188,9411,9420,0.18047229945659637
188,9407,9420,0.18031705915927887
188,9400,9421,0.3123025894165039
188,9418,9421,0.1692071259021759
188,9420,9421,0.168876513838768
188,9407,9421,0.16708077490329742
188,9401,9421,0.16684353351593018
188,9400,9422,0.28796571493148804
188,9418,9422,0.19091041386127472
188,9401,9422,0.19010744988918304
188,9420,9422,0.1900518387556076
188,9411,9422,0.18603530526161194
188,9400,9423,0.31073758006095886
188,9418,9423,0.19334115087985992
188,9420,9423,0.19328057765960693
188,9401,9423,0.19133126735687256
188,9411,9423,0.19000525772571564
188,9400,9424,0.2673623859882355
188,9407,9424,0.23985213041305542
188,9416,9424,0.23979105055332184
188,9411,9424,0.23832955956459045
188,9423,9424,0.23655420541763306
188,9400,9425,0.30184298753738403
188,9420,9425,0.19931451976299286
188,9418,9425,0.19874197244644165
188,9401,9425,0.19625405967235565
188,9411,9425,0.1957852691411972
188,9400,9426,0.29279354214668274
188,9420,9426,0.21355676651000977
188,9407,9426,0.21318745613098145
188,9418,9426,0.21283088624477386
188,9416,9426,0.21254265308380127
188,9400,9427,0.3118210434913635
188,9420,9427,0.20871587097644806
188,9418,9427,0.20821386575698853
188,9401,9427,0.20520171523094177
188,9407,9427,0.20267876982688904
188,9400,9428,0.27710044384002686
188,9420,9428,0.2024087756872177
188,9418,9428,0.20230749249458313
188,9411,9428,0.19983145594596863
188,9416,9428,0.19944564998149872
188,9400,9429,0.2591172456741333
188,9418,9429,0.19903188943862915
188,9420,9429,0.19808679819107056
188,9401,9429,0.1975642591714859
188,9411,9429,0.19446125626564026
188,9400,9430,0.3259109556674957
188,9418,9430,0.18014661967754364
188,9420,9430,0.17936044931411743
188,9401,9430,0.17902269959449768
188,9411,9430,0.17559364438056946
188,9400,9431,0.32541486620903015
188,9418,9431,0.19388779997825623
188,9401,9431,0.19276225566864014
188,9420,9431,0.19240333139896393
188,9411,9431,0.18699124455451965
188,9400,9432,0.27665945887565613
188,9427,9432,0.22605647146701813
188,9407,9432,0.22565525770187378
188,9416,9432,0.22457192838191986
188,9412,9432,0.22360602021217346
188,9400,9433,0.28053194284439087
188,9418,9433,0.22351959347724915
188,9407,9433,0.22287794947624207
188,9411,9433,0.222195565700531
188,9420,9433,0.22195442020893097
188,9400,9434,0.30775418877601624
188,9401,9434,0.18135111033916473
188,9418,9434,0.18055683374404907
188,9420,9434,0.18027864396572113
188,9411,9434,0.17562802135944366
188,9400,9435,0.28493595123291016
188,9418,9435,0.20813289284706116
188,9401,9435,0.20726220309734344
188,9420,9435,0.20679020881652832
188,9411,9435,0.20197618007659912
188,9400,9436,0.2907981276512146
188,9418,9436,0.17763465642929077
188,9420,9436,0.17692096531391144
188,9401,9436,0.17648674547672272
188,9411,9436,0.17410393059253693
188,9400,9437,0.3085345923900604
188,9418,9437,0.17995303869247437
188,9420,9437,0.1787676364183426
188,9401,9437,0.1787165254354477
188,9411,9437,0.17483054101467133
188,9400,9438,0.3408398926258087
188,9418,9438,0.18262533843517303
188,9420,9438,0.18185293674468994
188,9401,9438,0.18096691370010376
188,9411,9438,0.17788103222846985
188,9400,9439,0.29769816994667053
188,9418,9439,0.188644140958786
188,9420,9439,0.18647858500480652
188,9401,9439,0.18601173162460327
188,9411,9439,0.18362045288085938
188,9400,9440,0.32826006412506104
188,9418,9440,0.17603765428066254
188,9420,9440,0.17575080692768097
188,9401,9440,0.17537906765937805
188,9411,9440,0.17139729857444763
188,9400,9441,0.3007577359676361
188,9418,9441,0.19737419486045837
188,9420,9441,0.1957409679889679
188,9401,9441,0.19440008699893951
188,9407,9441,0.19314682483673096
188,9400,9442,0.26717424392700195
188,9420,9442,0.1932053416967392
188,9418,9442,0.19292186200618744
188,9407,9442,0.1925235092639923
188,9411,9442,0.19132760167121887
188,9400,9443,0.288707971572876
188,9412,9443,0.22514817118644714
188,9434,9443,0.2224687933921814
188,9413,9443,0.221476212143898
188,9419,9443,0.22090022265911102
188,9400,9444,0.29309791326522827
188,9420,9444,0.20333637297153473
188,9418,9444,0.20332232117652893
188,9443,9444,0.2022171914577484
188,9401,9444,0.20218685269355774
188,9400,9445,0.2656943202018738
188,9420,9445,0.20301058888435364
188,9418,9445,0.2022235244512558
188,9401,9445,0.20065049827098846
188,9443,9445,0.20029465854167938
188,9400,9446,0.3332615792751312
188,9443,9446,0.1816965490579605
188,9418,9446,0.18160156905651093
188,9401,9446,0.18024620413780212
188,9420,9446,0.18004554510116577
188,9400,9447,0.29095545411109924
188,9420,9447,0.19010336697101593
188,9418,9447,0.18974222242832184
188,9443,9447,0.18930165469646454
188,9401,9447,0.18812939524650574
188,9400,9448,0.27499890327453613
188,9420,9448,0.18218131363391876
188,9418,9448,0.18154318630695343
188,9401,9448,0.18105629086494446
188,9443,9448,0.1805824637413025
188,9400,9449,0.28594428300857544
188,9418,9449,0.1963462084531784
188,9420,9449,0.19497831165790558
188,9401,9449,0.19440943002700806
188,9443,9449,0.194101020693779
198,9900,9901,0.3088400065898895
198,9900,9902,0.29713284969329834
198,9901,9902,0.19792653620243073
198,9900,9903,0.2827695608139038
198,9901,9903,0.19766834378242493
198,9902,9903,0.18241026997566223
198,9900,9904,0.33320146799087524
198,9901,9904,0.17515620589256287
198,9903,9904,0.15828143060207367
198,9902,9904,0.15581122040748596
198,9900,9905,0.24898661673069
198,9902,9905,0.248159721493721
198,9904,9905,0.24048486351966858
198,9903,9905,0.2360684871673584
198,9901,9905,0.22724473476409912
198,9900,9906,0.30050069093704224
198,9902,9906,0.2258969396352768
198,9904,9906,0.21981333196163177
198,9903,9906,0.21481095254421234
198,9905,9906,0.2145938277244568
198,9900,9907,0.28089651465415955
198,9901,9907,0.22279107570648193
198,9906,9907,0.22176244854927063
198,9904,9907,0.21978135406970978
198,9903,9907,0.21616610884666443
198,9900,9908,0.28496330976486206
198,9907,9908,0.1976138949394226
198,9901,9908,0.1963668167591095
198,9906,9908,0.19323080778121948
198,9904,9908,0.19247257709503174
198,9900,9909,0.3110837936401367
198,9901,9909,0.20720750093460083
198,9907,9909,0.20183618366718292
198,9906,9909,0.19970516860485077
198,9908,9909,0.199356809258461
198,9900,9910,0.3057876229286194
198,9901,9910,0.18466727435588837
198,9907,9910,0.17863723635673523
198,9908,9910,0.17743763327598572
198,9906,9910,0.17699648439884186
198,9900,9911,0.31065651774406433
198,9907,9911,0.2294268161058426
198,9901,9911,0.2283579707145691
198,9906,9911,0.2258494794368744
198,9908,9911,0.22508969902992249
198,9900,9912,0.2778160572052002
198,9901,9912,0.1866382211446762
198,9911,9912,0.18225856125354767
198,9907,9912,0.17825791239738464
198,9908,9912,0.178203284740448
198,9900,9913,0.27063751220703125
198,9911,9913,0.2440461367368698
198,9907,9913,0.24347913265228271
198,9909,9913,0.24183757603168488
198,9908,9913,0.24095220863819122
198,9900,9914,0.3185757100582123
198,9901,9914,0.18225187063217163
198,9911,9914,0.17651128768920898
198,9906,9914,0.17456673085689545
198,9908,9914,0.17347003519535065
198,9900,9915,0.3183000385761261
198,9901,9915,0.19624534249305725
198,9911,9915,0.19313478469848633
198,9907,9915,0.19219711422920227
198,9908,9915,0.1905938684940338
198,9900,9916,0.290556401014328
198,9907,9916,0.2072940468788147
198,9911,9916,0.20721134543418884
198,9901,9916,0.20694425702095032
198,9908,9916,0.2042320817708969
198,9900,9917,0.29777899384498596
198,9901,9917,0.190245121717453
198,9911,9917,0.18825627863407135
198,9916,9917,0.18718522787094116
198,9907,9917,0.1865665763616562
198,9900,9918,0.32683447003364563
198,9901,9918,0.1866368055343628
198,9911,9918,0.18376649916172028
198,9907,9918,0.18317477405071259
198,9916,9918,0.18141767382621765
198,9900,9919,0.35316455364227295
198,9918,9919,0.18060661852359772
198,9901,9919,0.1805221140384674
198,9911,9919,0.17576977610588074
198,9906,9919,0.172624871134758
198,9900,9920,0.3086599111557007
198,9918,9920,0.18394708633422852
198,9901,9920,0.18048593401908875
198,9911,9920,0.18047229945659637
198,9907,9920,0.18031705915927887
198,9900,9921,0.3123025894165039
198,9918,9921,0.1692071259021759
198,9920,9921,0.168876513838768
198,9907,9921,0.16708077490329742
198,9901,9921,0.16684353351593018
198,9900,9922,0.28796571493148804
198,9918,9922,0.19091041386127472
198,9901,9922,0.19010744988918304
198,9920,9922,0.1900518387556076
198,9911,9922,0.18603530526161194
198,9900,9923,0.31073758006095886
198,9918,9923,0.19334115087985992
198,9920,9923,0.19328057765960693
198,9901,9923,0.19133126735687256
198,9911,9923,0.19000525772571564
198,9900,9924,0.2673623859882355
198,9907,9924,0.23985213041305542
198,9916,9924,0.23979105055332184
198,9911,9924,0.23832955956459045
198,9923,9924,0.23655420541763306
198,9900,9925,0.30184298753738403
198,9920,9925,0.19931451976299286
198,9918,9925,0.19874197244644165
198,9901,9925,0.19625405967235565
198,9911,9925,0.1957852691411972
198,9900,9926,0.29279354214668274
198,9920,9926,0.21355676651000977
198,9907,9926,0.21318745613098145
198,9918,9926,0.21283088624477386
198,9916,9926,0.21254265308380127
198,9900,9927,0.3118210434913635
198,9920,9927,0.20871587097644806
198,9918,9927,0.20821386575698853
198,9901,9927,0.20520171523094177
198,9907,9927,0.20267876982688904
198,9900,9928,0.27710044384002686
198,9920,9928,0.2024087756872177
198,9918,9928,0.20230749249458313
198,9911,9928,0.19983145594596863
198,9916,9928,0.19944564998149872
198,9900,9929,0.2591172456741333
198,9918,9929,0.19903188943862915
198,9920,9929,0.19808679819107056
198,9901,9929,0.1975642591714859
198,9911,9929,0.19446125626564026
198,9900,9930,0.3259109556674957
198,9918,9930,0.18014661967754364
198,9920,9930,0.17936044931411743
198,9901,9930,0.17902269959449768
198,9911,9930,0.17559364438056946
198,9900,9931,0.32541486620903015
198,9918,9931,0.19388779997825623
198,9901,9931,0.19276225566864014
198,9920,9931,0.19240333139896393
198,9911,9931,0.18699124455451965
198,9900,9932,0.27665945887565613
198,9927,9932,0.22605647146701813
198,9907,9932,0.22565525770187378
198,9916,9932,0.22457192838191986
198,9912,9932,0.22360602021217346
198,9900,9933,0.28053194284439087
198,9918,9933,0.22351959347724915
198,9907,9933,0.22287794947624207
198,9911,9933,0.222195565700531
198,9920,9933,0.22195442020893097
198,9900,9934,0.30775418877601624
198,9901,9934,0.18135111033916473
198,9918,9934,0.18055683374404907
198,9920,9934,0.18027864396572113
198,9911,9934,0.17562802135944366
198,9900,9935,0.28493595123291016
198,9918,9935,0.20813289284706116
198,9901,9935,0.20726220309734344
198,9920,9935,0.20679020881652832
198,9911,9935,0.20197618007659912
198,9900,9936,0.2907981276512146
198,9918,9936,0.17763465642929077
198,9920,9936,0.17692096531391144
198,9901,9936,0.17648674547672272
198,9911,9936,0.17410393059253693
198,9900,9937,0.3085345923900604
198,9918,9937,0.17995303869247437
198,9920,9937,0.1787676364183426
198,9901,9937,0.1787165254354477
198,9911,9937,0.17483054101467133
198,9900,9938,0.3408398926258087
198,9918,9938,0.18262533843517303
198,9920,9938,0.18185293674468994
198,9901,9938,0.18096691370010376
198,9911,9938,0.17788103222846985
198,9900,9939,0.29769816994667053
198,9918,9939,0.188644140958786
198,9920,9939,0.18647858500480652
198,9901,9939,0.18601173162460327
198,9911,9939,0.18362045288085938
198,9900,9940,0.32826006412506104
198,9918,9940,0.17603765428066254
198,9920,9940,0.17575080692768097
198,9901,9940,0.17537906765937805
198,9911,9940,0.17139729857444763
198,9900,9941,0.3007577359676361
198,9918,9941,0.19737419486045837
198,9920,9941,0.1957409679889679
198,9901,9941,0.19440008699893951
198,9907,9941,0.19314682483673096
198,9900,9942,0.26717424392700195
198,9920,9942,0.1932053416967392
198,9918,9942,0.19292186200618744
198,9907,9942,0.1925235092639923
198,9911,9942,0.19132760167121887
198,9900,9943,0.288707971572876
198,9912,9943,0.22514817118644714
198,9934,9943,0.2224687933921814
198,9913,9943,0.221476212143898
198,9919,9943,0.22090022265911102
198,9900,9944,0.29309791326522827
198,9920,9944,0.20333637297153473
198,9918,9944,0.20332232117652893
198,9943,9944,0.2022171914577484
198,9901,9944,0.20218685269355774
198,9900,9945,0.2656943202018738
198,9920,9945,0.20301058888435364
198,9918,9945,0.2022235244512558
198,9901,9945,0.20065049827098846
198,9943,9945,0.20029465854167938
198,9900,9946,0.3332615792751312
198,9943,9946,0.1816965490579605
198,9918,9946,0.18160156905651093
198,9901,9946,0.18024620413780212
198,9920,9946,0.18004554510116577
198,9900,9947,0.29095545411109924
198,9920,9947,0.19010336697101593
198,9918,9947,0.18974222242832184
198,9943,9947,0.18930165469646454
198,9901,9947,0.18812939524650574
198,9900,9948,0.27499890327453613
198,9920,9948,0.18218131363391876
198,9918,9948,0.18154318630695343
198,9901,9948,0.18105629086494446
198,9943,9948,0.1805824637413025
198,9900,9949,0.28594428300857544
198,9918,9949,0.1963462084531784
198,9920,9949,0.19497831165790558
198,9901,9949,0.19440943002700806
198,9943,9949,0.194101020693779
201,10050,10051,0.3088400065898895
201,10050,10052,0.29713284969329834
201,10051,10052,0.19792653620243073
201,10050,10053,0.2827695608139038
201,10051,10053,0.19766834378242493
201,10052,10053,0.18241026997566223
201,10050,10054,0.33320146799087524
201,10051,10054,0.17515620589256287
201,10053,10054,0.15828143060207367
201,10052,10054,0.15581122040748596
201,10050,10055,0.24898661673069
201,10052,10055,0.248159721493721
201,10054,10055,0.24048486351966858
201,10053,10055,0.2360684871673584
201,10051,10055,0.22724473476409912
201,10050,10056,0.30050069093704224
201,10052,10056,0.2258969396352768
201,10054,10056,0.21981333196163177
201,10053,10056,0.21481095254421234
201,10055,10056,0.2145938277244568
201,10050,10057,0.28089651465415955
201,10051,10057,0.22279107570648193
201,10056,10057,0.22176244854927063
201,10054,10057,0.21978135406970978
201,10053,10057,0.21616610884666443
201,10050,10058,0.28496330976486206
201,10057,10058,0.1976138949394226
201,10051,10058,0.1963668167591095
201,10056,10058,0.19323080778121948
201,10054,10058,0.19247257709503174
201,10050,10059,0.3110837936401367
201,10051,10059,0.20720750093460083
201,10057,10059,0.20183618366718292
201,10056,10059,0.19970516860485077
201,10058,10059,0.199356809258461
201,10050,10060,0.3057876229286194
201,10051,10060,0.18466727435588837
201,10057,10060,0.17863723635673523
201,10058,10060,0.17743763327598572
201,10056,10060,0.17699648439884186
201,10050,10061,0.31065651774406433
201,10057,10061,0.2294268161058426
201,10051,10061,0.2283579707145691
201,10056,10061,0.2258494794368744
201,10058,10061,0.22508969902992249
201,10050,10062,0.2778160572052002
201,10051,10062,0.1866382211446762
201,10061,10062,0.18225856125354767
201,10057,10062,0.17825791239738464
201,10058,10062,0.178203284740448
201,10050,10063,0.27063751220703125
201,10061,10063,0.2440461367368698
201,10057,10063,0.24347913265228271
201,10059,10063,0.24183757603168488
201,10058,10063,0.24095220863819122
201,10050,10064,0.3185757100582123
201,10051,10064,0.18225187063217163
201,10061,10064,0.17651128768920898
201,10056,10064,0.17456673085689545
201,10058,10064,0.17347003519535065
201,10050,10065,0.3183000385761261
201,10051,10065,0.19624534249305725
201,10061,10065,0.19313478469848633
201,10057,10065,0.19219711422920227
201,10058,10065,0.1905938684940338
201,10050,10066,0.290556401014328
201,10057,10066,0.2072940468788147
201,10061,10066,0.20721134543418884
201,10051,10066,0.20694425702095032
201,10058,10066,0.2042320817708969
201,10050,10067,0.29777899384498596
201,10051,10067,0.190245121717453
201,10061,10067,0.18825627863407135
201,10066,10067,0.18718522787094116
201,10057,10067,0.1865665763616562
201,10050,10068,0.32683447003364563
201,10051,10068,0.1866368055343628
201,10061,10068,0.18376649916172028
201,10057,10068,0.18317477405071259
201,10066,10068,0.18141767382621765
201,10050,10069,0.35316455364227295
201,10068,10069,0.18060661852359772
201,10051,10069,0.1805221140384674
201,10061,10069,0.17576977610588074
201,10056,10069,0.172624871134758
201,10050,10070,0.3086599111557007
201,10068,10070,0.18394708633422852
201,10051,10070,0.18048593401908875
201,10061,10070,0.18047229945659637
201,10057,10070,0.18031705915927887
201,10050,10071,0.3123025894165039
201,10068,10071,0.1692071259021759
201,10070,10071,0.168876513838768
201,10057,10071,0.16708077490329742
201,10051,10071,0.16684353351593018
201,10050,10072,0.28796571493148804
201,10068,10072,0.19091041386127472
201,10051,10072,0.19010744988918304
201,10070,10072,0.1900518387556076
201,10061,10072,0.18603530526161194
201,10050,10073,0.31073758006095886
201,10068,10073,0.19334115087985992
201,10070,10073,0.19328057765960693
201,10051,10073,0.19133126735687256
201,10061,10073,0.19000525772571564
201,10050,10074,0.2673623859882355
201,10057,10074,0.23985213041305542
201,10066,10074,0.23979105055332184
201,10061,10074,0.23832955956459045
201,10073,10074,0.23655420541763306
201,10050,10075,0.30184298753738403
201,10070,10075,0.19931451976299286
201,10068,10075,0.19874197244644165
201,10051,10075,0.19625405967235565
201,10061,10075,0.1957852691411972
201,10050,10076,0.29279354214668274
201,10070,10076,0.21355676651000977
201,10057,10076,0.21318745613098145
201,10068,10076,0.21283088624477386
201,10066,10076,0.21254265308380127
201,10050,10077,0.3118210434913635
201,10070,10077,0.20871587097644806
201,10068,10077,0.20821386575698853
201,10051,10077,0.20520171523094177
201,10057,10077,0.20267876982688904
201,10050,10078,0.27710044384002686
201,10070,10078,0.2024087756872177
201,10068,10078,0.20230749249458313
201,10061,10078,0.19983145594596863
201,10066,10078,0.19944564998149872
201,10050,10079,0.2591172456741333
201,10068,10079,0.19903188943862915
201,10070,10079,0.19808679819107056
201,10051,10079,0.1975642591714859
201,10061,10079,0.19446125626564026
201,10050,10080,0.3259109556674957
201,10068,10080,0.18014661967754364
201,10070,10080,0.17936044931411743
201,10051,10080,0.17902269959449768
201,10061,10080,0.17559364438056946
201,10050,10081,0.32541486620903015
201,10068,10081,0.19388779997825623
201,10051,10081,0.19276225566864014
201,10070,10081,0.19240333139896393
201,10061,10081,0.18699124455451965
201,10050,10082,0.27665945887565613
201,10077,10082,0.22605647146701813
201,10057,10082,0.22565525770187378
201,10066,10082,0.22457192838191986
201,10062,10082,0.22360602021217346
201,10050,10083,0.28053194284439087
201,10068,10083,0.22351959347724915
201,10057,10083,0.22287794947624207
201,10061,10083,0.222195565700531
201,10070,10083,0.22195442020893097
201,10050,10084,0.30775418877601624
201,10051,10084,0.18135111033916473
201,10068,10084,0.18055683374404907
201,10070,10084,0.18027864396572113
201,10061,10084,0.17562802135944366
201,10050,10085,0.28493595123291016
201,10068,10085,0.20813289284706116
201,10051,10085,0.20726220309734344
201,10070,10085,0.20679020881652832
201,10061,10085,0.20197618007659912
201,10050,10086,0.2907981276512146
201,10068,10086,0.17763465642929077
201,10070,10086,0.17692096531391144
201,10051,10086,0.17648674547672272
201,10061,10086,0.17410393059253693
201,10050,10087,0.3085345923900604
201,10068,10087,0.17995303869247437
201,10070,10087,0.1787676364183426
201,10051,10087,0.1787165254354477
201,10061,10087,0.17483054101467133
201,10050,10088,0.3408398926258087
201,10068,10088,0.18262533843517303
201,10070,10088,0.18185293674468994
201,10051,10088,0.18096691370010376
201,10061,10088,0.17788103222846985
201,10050,10089,0.29769816994667053
201,10068,10089,0.188644140958786
201,10070,10089,0.18647858500480652
201,10051,10089,0.18601173162460327
201,10061,10089,0.18362045288085938
201,10050,10090,0.32826006412506104
201,10068,10090,0.17603765428066254
201,10070,10090,0.17575080692768097
201,10051,10090,0.17537906765937805
201,10061,10090,0.17139729857444763
201,10050,10091,0.3007577359676361
201,10068,10091,0.19737419486045837
201,10070,10091,0.1957409679889679
201,10051,10091,0.19440008699893951
201,10057,10091,0.19314682483673096
201,10050,10092,0.26717424392700195
201,10070,10092,0.1932053416967392
201,10068,10092,0.19292186200618744
201,10057,10092,0.1925235092639923
201,10061,10092,0.19132760167121887
201,10050,10093,0.288707971572876
201,10062,10093,0.22514817118644714
201,10084,10093,0.2224687933921814
201,10063,10093,0.221476212143898
201,10069,10093,0.22090022265911102
201,10050,10094,0.29309791326522827
201,10070,10094,0.20333637297153473
201,10068,10094,0.20332232117652893
201,10093,10094,0.2022171914577484
201,10051,10094,0.20218685269355774
201,10050,10095,0.2656943202018738
201,10070,10095,0.20301058888435364
201,10068,10095,0.2022235244512558
201,10051,10095,0.20065049827098846
201,10093,10095,0.20029465854167938
201,10050,10096,0.3332615792751312
201,10093,10096,0.1816965490579605
201,10068,10096,0.18160156905651093
201,10051,10096,0.18024620413780212
201,10070,10096,0.18004554510116577
201,10050,10097,0.29095545411109924
201,10070,10097,0.19010336697101593
201,10068,10097,0.18974222242832184
201,10093,10097,0.18930165469646454
201,10051,10097,0.18812939524650574
201,10050,10098,0.27499890327453613
201,10070,10098,0.18218131363391876
201,10068,10098,0.18154318630695343
201,10051,10098,0.18105629086494446
201,10093,10098,0.1805824637413025
201,10050,10099,0.28594428300857544
201,10068,10099,0.1963462084531784
201,10070,10099,0.19497831165790558
201,10051,10099,0.19440943002700806
201,10093,10099,0.194101020693779
206,10300,10301,0.2562234401702881
206,10300,10302,0.265375554561615
206,10301,10302,0.20249319076538086
206,10300,10303,0.2600530683994293
206,10301,10303,0.20093122124671936
206,10302,10303,0.17897376418113708
206,10300,10304,0.24539519846439362
206,10301,10304,0.1914728432893753
206,10303,10304,0.1702307164669037
206,10302,10304,0.16385585069656372
206,10300,10305,0.270865261554718
206,10302,10305,0.26790931820869446
206,10304,10305,0.25569218397140503
206,10303,10305,0.24897587299346924
206,10301,10305,0.23107817769050598
206,10300,10306,0.27232733368873596
206,10302,10306,0.24701665341854095
206,10304,10306,0.23836377263069153
206,10305,10306,0.23087090253829956
206,10303,10306,0.23079673945903778
206,10300,10307,0.25325578451156616
206,10301,10307,0.23130519688129425
206,10306,10307,0.22613707184791565
206,10304,10307,0.22315777838230133
206,10303,10307,0.2196405827999115
206,10300,10308,0.25591161847114563
206,10307,10308,0.20733529329299927
206,10301,10308,0.20720744132995605
206,10304,10308,0.20221243798732758
206,10306,10308,0.20219500362873077
206,10300,10309,0.2524203956127167
206,10301,10309,0.20605982840061188
206,10307,10309,0.19509296119213104
206,10306,10309,0.1948675662279129
206,10308,10309,0.19434179365634918
206,10300,10310,0.24924591183662415
206,10301,10310,0.1915493607521057
206,10308,10310,0.18110410869121552
206,10306,10310,0.1807374805212021
206,10307,10310,0.18036450445652008
206,10300,10311,0.26771923899650574
206,10301,10311,0.2392786741256714
206,10307,10311,0.2361767292022705
206,10306,10311,0.23380090296268463
206,10308,10311,0.23307649791240692
206,10300,10312,0.24152863025665283
206,10301,10312,0.19372396171092987
206,10310,10312,0.18436725437641144
206,10311,10312,0.1839088499546051
206,10306,10312,0.1814730316400528
206,10300,10313,0.26553335785865784
206,10301,10313,0.23833227157592773
206,10311,10313,0.23710139095783234
206,10307,10313,0.23662146925926208
206,10308,10313,0.23518818616867065
206,10300,10314,0.24619907140731812
206,10301,10314,0.18995754420757294
206,10310,10314,0.18295474350452423
206,10306,10314,0.17838577926158905
206,10311,10314,0.17736364901065826
206,10300,10315,0.2634983956813812
206,10301,10315,0.2023884505033493
206,10311,10315,0.19451318681240082
206,10308,10315,0.19343413412570953
206,10306,10315,0.19295448064804077
206,10300,10316,0.26491013169288635
206,10301,10316,0.21867309510707855
206,10311,10316,0.21498416364192963
206,10307,10316,0.21420800685882568
206,10308,10316,0.21359680593013763
206,10300,10317,0.25953209400177
206,10301,10317,0.19391986727714539
206,10311,10317,0.1878543645143509
206,10316,10317,0.18755310773849487
206,10307,10317,0.18581560254096985
206,10300,10318,0.2564562261104584
206,10301,10318,0.2019776850938797
206,10311,10318,0.19442030787467957
206,10307,10318,0.1931985318660736
206,10316,10318,0.1920882612466812
206,10300,10319,0.2588122487068176
206,10301,10319,0.19356557726860046
206,10318,10319,0.1914617270231247
206,10310,10319,0.18716008961200714
206,10311,10319,0.18201684951782227
206,10300,10320,0.24902456998825073
206,10318,10320,0.19766320288181305
206,10301,10320,0.1949787139892578
206,10311,10320,0.19084477424621582
206,10307,10320,0.1901172250509262
206,10300,10321,0.2480662763118744
206,10318,10321,0.1796516627073288
206,10320,10321,0.17902806401252747
206,10301,10321,0.17766839265823364
206,10307,10321,0.17569153010845184
206,10300,10322,0.24890758097171783
206,10301,10322,0.19574779272079468
206,10318,10322,0.195089191198349
206,10320,10322,0.1940549910068512
206,10321,10322,0.18732070922851562
206,10300,10323,0.2584308385848999
206,10320,10323,0.20156456530094147
206,10318,10323,0.20128460228443146
206,10301,10323,0.20050713419914246
206,10321,10323,0.19539298117160797
206,10300,10324,0.2533256709575653
206,10307,10324,0.23804709315299988
206,10316,10324,0.23756997287273407
206,10318,10324,0.23622708022594452
206,10323,10324,0.23563642799854279
206,10300,10325,0.2623169720172882
206,10320,10325,0.20101892948150635
206,10318,10325,0.20082005858421326
206,10301,10325,0.19864200055599213
206,10311,10325,0.19527217745780945
206,10300,10326,0.270413875579834
206,10307,10326,0.2178928256034851
206,10316,10326,0.2169596552848816
206,10320,10326,0.21695323288440704
206,10318,10326,0.21627144515514374
206,10300,10327,0.2735540568828583
206,10320,10327,0.21046586334705353
206,10318,10327,0.21018896996974945
206,10301,10327,0.2084638923406601
206,10321,10327,0.20423275232315063
206,10300,10328,0.266961932182312
206,10318,10328,0.20097655057907104
206,10320,10328,0.20060665905475616
206,10301,10328,0.19795551896095276
206,10316,10328,0.19667723774909973
206,10300,10329,0.24952690303325653
206,10318,10329,0.19668960571289062
206,10301,10329,0.19581282138824463
206,10320,10329,0.19518618285655975
206,10322,10329,0.18976259231567383
206,10300,10330,0.24725012481212616
206,10301,10330,0.19351187348365784
206,10318,10330,0.1925664246082306
206,10320,10330,0.19215916097164154
206,10321,10330,0.18683350086212158
206,10300,10331,0.25037312507629395
206,10301,10331,0.20770856738090515
206,10318,10331,0.2065442055463791
206,10320,10331,0.20538528263568878
206,10321,10331,0.19884803891181946
206,10300,10332,0.27208080887794495
206,10307,10332,0.2240641713142395
206,10327,10332,0.22286507487297058
206,10316,10332,0.2228599488735199
206,10320,10332,0.22144527733325958
206,10300,10333,0.25523871183395386
206,10318,10333,0.22710058093070984
206,10301,10333,0.22542275488376617
206,10320,10333,0.22501210868358612
206,10307,10333,0.22281160950660706
206,10300,10334,0.2500568628311157
206,10301,10334,0.18597780168056488
206,10320,10334,0.18289650976657867
206,10318,10334,0.18265382945537567
206,10321,10334,0.17841234803199768
206,10300,10335,0.2665117383003235
206,10301,10335,0.20444881916046143
206,10318,10335,0.20360822975635529
206,10320,10335,0.20218506455421448
206,10321,10335,0.19737757742404938
206,10300,10336,0.24803707003593445
206,10301,10336,0.18459083139896393
206,10318,10336,0.18411210179328918
206,10320,10336,0.1834147870540619
206,10321,10336,0.17773966491222382
206,10300,10337,0.25279557704925537
206,10318,10337,0.1845293790102005
206,10301,10337,0.18411710858345032
206,10320,10337,0.18288414180278778
206,10311,10337,0.17571382224559784
206,10300,10338,0.26175370812416077
206,10318,10338,0.1946163922548294
206,10301,10338,0.1945595145225525
206,10320,10338,0.1938512772321701
206,10321,10338,0.18692158162593842
206,10300,10339,0.2511206269264221
206,10318,10339,0.19472509622573853
206,10301,10339,0.19304218888282776
206,10320,10339,0.1916602998971939
206,10311,10339,0.18639114499092102
206,10300,10340,0.24744422733783722
206,10301,10340,0.19381596148014069
206,10320,10340,0.19245195388793945
206,10318,10340,0.19200491905212402
206,10321,10340,0.18714439868927002
206,10300,10341,0.2624981105327606
206,10318,10341,0.19772477447986603
206,10320,10341,0.19539684057235718
206,10301,10341,0.19501946866512299
206,10307,10341,0.19106268882751465
206,10300,10342,0.25840672850608826
206,10318,10342,0.19337745010852814
206,10320,10342,0.19333454966545105
206,10307,10342,0.19222819805145264
206,10301,10342,0.19000813364982605
206,10300,10343,0.25906819105148315
206,10334,10343,0.2587716579437256
206,10312,10343,0.25803348422050476
206,10313,10343,0.2542848587036133
206,10319,10343,0.25250494480133057
206,10300,10344,0.24805955588817596
206,10301,10344,0.21109695732593536
206,10320,10344,0.21028538048267365
206,10318,10344,0.21015752851963043
206,10343,10344,0.2099994271993637
206,10300,10345,0.2599959671497345
206,10320,10345,0.19849655032157898
206,10318,10345,0.19838736951351166
206,10301,10345,0.1971055120229721
206,10343,10345,0.19502341747283936
206,10300,10346,0.25280842185020447
206,10343,10346,0.18856889009475708
206,10301,10346,0.1875302493572235
206,10318,10346,0.18740053474903107
206,10320,10346,0.18592770397663116
206,10300,10347,0.2512887716293335
206,10320,10347,0.196783185005188
206,10343,10347,0.19634288549423218
206,10301,10347,0.1959991753101349
206,10318,10347,0.19577699899673462
206,10300,10348,0.2593115270137787
206,10320,10348,0.17608825862407684
206,10301,10348,0.17583829164505005
206,10318,10348,0.1756415218114853
206,10343,10348,0.17399568855762482
206,10300,10349,0.25105157494544983
206,10318,10349,0.19681218266487122
206,10301,10349,0.1959974616765976
206,10320,10349,0.1949058175086975
206,10343,10349,0.19419638812541962
209,10450,10451,0.3088400065898895
209,10450,10452,0.29713284969329834
209,10451,10452,0.19792653620243073
209,10450,10453,0.2827695608139038
209,10451,10453,0.19766834378242493
209,10452,10453,0.18241026997566223
209,10450,10454,0.33320146799087524
209,10451,10454,0.17515620589256287
209,10453,10454,0.15828143060207367
209,10452,10454,0.15581122040748596
209,10450,10455,0.24898661673069
209,10452,10455,0.248159721493721
209,10454,10455,0.24048486351966858
209,10453,10455,0.2360684871673584
209,10451,10455,0.22724473476409912
209,10450,10456,0.30050069093704224
209,10452,10456,0.2258969396352768
209,10454,10456,0.21981333196163177
209,10453,10456,0.21481095254421234
209,10455,10456,0.2145938277244568
209,10450,10457,0.28089651465415955
209,10451,10457,0.22279107570648193
209,10456,10457,0.22176244854927063
209,10454,10457,0.21978135406970978
209,10453,10457,0.21616610884666443
209,10450,10458,0.28496330976486206
209,10457,10458,0.1976138949394226
209,10451,10458,0.1963668167591095
209,10456,10458,0.19323080778121948
209,10454,10458,0.19247257709503174
209,10450,10459,0.3110837936401367
209,10451,10459,0.20720750093460083
209,10457,10459,0.20183618366718292
209,10456,10459,0.19970516860485077
209,10458,10459,0.199356809258461
209,10450,10460,0.3057876229286194
209,10451,10460,0.18466727435588837
209,10457,10460,0.17863723635673523
209,10458,10460,0.17743763327598572
209,10456,10460,0.17699648439884186
209,10450,10461,0.31065651774406433
209,10457,10461,0.2294268161058426
209,10451,10461,0.2283579707145691
209,10456,10461,0.2258494794368744
209,10458,10461,0.22508969902992249
209,10450,10462,0.2778160572052002
209,10451,10462,0.1866382211446762
209,10461,10462,0.18225856125354767
209,10457,10462,0.17825791239738464
209,10458,10462,0.178203284740448
209,10450,10463,0.27063751220703125
209,10461,10463,0.2440461367368698
209,10457,10463,0.24347913265228271
209,10459,10463,0.24183757603168488
209,10458,10463,0.24095220863819122
209,10450,10464,0.3185757100582123
209,10451,10464,0.18225187063217163
209,10461,10464,0.17651128768920898
209,10456,10464,0.17456673085689545
209,10458,10464,0.17347003519535065
209,10450,10465,0.3183000385761261
209,10451,10465,0.19624534249305725
209,10461,10465,0.19313478469848633
209,10457,10465,0.19219711422920227
209,10458,10465,0.1905938684940338
209,10450,10466,0.290556401014328
209,10457,10466,0.2072940468788147
209,10461,10466,0.20721134543418884
209,10451,10466,0.20694425702095032
209,10458,10466,0.2042320817708969
209,10450,10467,0.29777899384498596
209,10451,10467,0.190245121717453
209,10461,10467,0.18825627863407135
209,10466,10467,0.18718522787094116
209,10457,10467,0.1865665763616562
209,10450,10468,0.32683447003364563
209,10451,10468,0.1866368055343628
209,10461,10468,0.18376649916172028
209,10457,10468,0.18317477405071259
209,10466,10468,0.18141767382621765
209,10450,10469,0.35316455364227295
209,10468,10469,0.18060661852359772
209,10451,10469,0.1805221140384674
209,10461,10469,0.17576977610588074
209,10456,10469,0.172624871134758
209,10450,10470,0.3086599111557007
209,10468,10470,0.18394708633422852
209,10451,10470,0.18048593401908875
209,10461,10470,0.18047229945659637
209,10457,10470,0.18031705915927887
209,10450,10471,0.3123025894165039
209,10468,10471,0.1692071259021759
209,10470,10471,0.168876513838768
209,10457,10471,0.16708077490329742
209,10451,10471,0.16684353351593018
209,10450,10472,0.28796571493148804
209,10468,10472,0.19091041386127472
209,10451,10472,0.19010744988918304
209,10470,10472,0.1900518387556076
209,10461,10472,0.18603530526161194
209,10450,10473,0.31073758006095886
209,10468,10473,0.19334115087985992
209,10470,10473,0.19328057765960693
209,10451,10473,0.19133126735687256
209,10461,10473,0.19000525772571564
209,10450,10474,0.2673623859882355
209,10457,10474,0.23985213041305542
209,10466,10474,0.23979105055332184
209,10461,10474,0.23832955956459045
209,10473,10474,0.23655420541763306
209,10450,10475,0.30184298753738403
209,10470,10475,0.19931451976299286
209,10468,10475,0.19874197244644165
209,10451,10475,0.19625405967235565
209,10461,10475,0.1957852691411972
209,10450,10476,0.29279354214668274
209,10470,10476,0.21355676651000977
209,10457,10476,0.21318745613098145
209,10468,10476,0.21283088624477386
209,10466,10476,0.21254265308380127
209,10450,10477,0.3118210434913635
209,10470,10477,0.20871587097644806
209,10468,10477,0.20821386575698853
209,10451,10477,0.20520171523094177
209,10457,10477,0.20267876982688904
209,10450,10478,0.27710044384002686
209,10470,10478,0.2024087756872177
209,10468,10478,0.20230749249458313
209,10461,10478,0.19983145594596863
209,10466,10478,0.19944564998149872
209,10450,10479,0.2591172456741333
209,10468,10479,0.19903188943862915
209,10470,10479,0.19808679819107056
209,10451,10479,0.1975642591714859
209,10461,10479,0.19446125626564026
209,10450,10480,0.3259109556674957
209,10468,10480,0.18014661967754364
209,10470,10480,0.17936044931411743
209,10451,10480,0.17902269959449768
209,10461,10480,0.17559364438056946
209,10450,10481,0.32541486620903015
209,10468,10481,0.19388779997825623
209,10451,10481,0.19276225566864014
209,10470,10481,0.19240333139896393
209,10461,10481,0.18699124455451965
209,10450,10482,0.27665945887565613
209,10477,10482,0.22605647146701813
209,10457,10482,0.22565525770187378
209,10466,10482,0.22457192838191986
209,10462,10482,0.22360602021217346
209,10450,10483,0.28053194284439087
209,10468,10483,0.22351959347724915
209,10457,10483,0.22287794947624207
209,10461,10483,0.222195565700531
209,10470,10483,0.22195442020893097
209,10450,10484,0.30775418877601624
209,10451,10484,0.18135111033916473
209,10468,10484,0.18055683374404907
209,10470,10484,0.18027864396572113
209,10461,10484,0.17562802135944366
209,10450,10485,0.28493595123291016
209,10468,10485,0.20813289284706116
209,10451,10485,0.20726220309734344
209,10470,10485,0.20679020881652832
209,10461,10485,0.20197618007659912
209,10450,10486,0.2907981276512146
209,10468,10486,0.17763465642929077
209,10470,10486,0.17692096531391144
209,10451,10486,0.17648674547672272
209,10461,10486,0.17410393059253693
209,10450,10487,0.3085345923900604
209,10468,10487,0.17995303869247437
209,10470,10487,0.1787676364183426
209,10451,10487,0.1787165254354477
209,10461,10487,0.17483054101467133
209,10450,10488,0.3408398926258087
209,10468,10488,0.18262533843517303
209,10470,10488,0.18185293674468994
209,10451,10488,0.18096691370010376
209,10461,10488,0.17788103222846985
209,10450,10489,0.29769816994667053
209,10468,10489,0.188644140958786
209,10470,10489,0.18647858500480652
209,10451,10489,0.18601173162460327
209,10461,10489,0.18362045288085938
209,10450,10490,0.32826006412506104
209,10468,10490,0.17603765428066254
209,10470,10490,0.17575080692768097
209,10451,10490,0.17537906765937805
209,10461,10490,0.17139729857444763
209,10450,10491,0.3007577359676361
209,10468,10491,0.19737419486045837
209,10470,10491,0.1957409679889679
209,10451,10491,0.19440008699893951
209,10457,10491,0.19314682483673096
209,10450,10492,0.26717424392700195
209,10470,10492,0.1932053416967392
209,10468,10492,0.19292186200618744
209,10457,10492,0.1925235092639923
209,10461,10492,0.19132760167121887
209,10450,10493,0.288707971572876
209,10462,10493,0.22514817118644714
209,10484,10493,0.2224687933921814
209,10463,10493,0.221476212143898
209,10469,10493,0.22090022265911102
209,10450,10494,0.29309791326522827
209,10470,10494,0.20333637297153473
209,10468,10494,0.20332232117652893
209,10493,10494,0.2022171914577484
209,10451,10494,0.20218685269355774
209,10450,10495,0.2656943202018738
209,10470,10495,0.20301058888435364
209,10468,10495,0.2022235244512558
209,10451,10495,0.20065049827098846
209,10493,10495,0.20029465854167938
209,10450,10496,0.3332615792751312
209,10493,10496,0.1816965490579605
209,10468,10496,0.18160156905651093
209,10451,10496,0.18024620413780212
209,10470,10496,0.18004554510116577
209,10450,10497,0.29095545411109924
209,10470,10497,0.19010336697101593
209,10468,10497,0.18974222242832184
209,10493,10497,0.18930165469646454
209,10451,10497,0.18812939524650574
209,10450,10498,0.27499890327453613
209,10470,10498,0.18218131363391876
209,10468,10498,0.18154318630695343
209,10451,10498,0.18105629086494446
209,10493,10498,0.1805824637413025
209,10450,10499,0.28594428300857544
209,10468,10499,0.1963462084531784
209,10470,10499,0.19497831165790558
209,10451,10499,0.19440943002700806
209,10493,10499,0.194101020693779
220,11000,11001,0.3088400065898895
220,11000,11002,0.29713284969329834
220,11001,11002,0.19792653620243073
220,11000,11003,0.2827695608139038
220,11001,11003,0.19766834378242493
220,11002,11003,0.18241026997566223
220,11000,11004,0.33320146799087524
220,11001,11004,0.17515620589256287
220,11003,11004,0.15828143060207367
220,11002,11004,0.15581122040748596
220,11000,11005,0.24898661673069
220,11002,11005,0.248159721493721
220,11004,11005,0.24048486351966858
220,11003,11005,0.2360684871673584
220,11001,11005,0.22724473476409912
220,11000,11006,0.30050069093704224
220,11002,11006,0.2258969396352768
220,11004,11006,0.21981333196163177
220,11003,11006,0.21481095254421234
220,11005,11006,0.2145938277244568
220,11000,11007,0.28089651465415955
220,11001,11007,0.22279107570648193
220,11006,11007,0.22176244854927063
220,11004,11007,0.21978135406970978
220,11003,11007,0.21616610884666443
220,11000,11008,0.28496330976486206
220,11007,11008,0.1976138949394226
220,11001,11008,0.1963668167591095
220,11006,11008,0.19323080778121948
220,11004,11008,0.19247257709503174
220,11000,11009,0.3110837936401367
220,11001,11009,0.20720750093460083
220,11007,11009,0.20183618366718292
220,11006,11009,0.19970516860485077
220,11008,11009,0.199356809258461
220,11000,11010,0.3057876229286194
220,11001,11010,0.18466727435588837
220,11007,11010,0.17863723635673523
220,11008,11010,0.17743763327598572
220,11006,11010,0.17699648439884186
220,11000,11011,0.31065651774406433
220,11007,11011,0.2294268161058426
220,11001,11011,0.2283579707145691
220,11006,11011,0.2258494794368744
220,11008,11011,0.22508969902992249
220,11000,11012,0.2778160572052002
220,11001,11012,0.1866382211446762
220,11011,11012,0.18225856125354767
220,11007,11012,0.17825791239738464
220,11008,11012,0.178203284740448
220,11000,11013,0.27063751220703125
220,11011,11013,0.2440461367368698
220,11007,11013,0.24347913265228271
220,11009,11013,0.24183757603168488
220,11008,11013,0.24095220863819122
220,11000,11014,0.3185757100582123
220,11001,11014,0.18225187063217163
220,11011,11014,0.17651128768920898
220,11006,11014,0.17456673085689545
220,11008,11014,0.17347003519535065
220,11000,11015,0.3183000385761261
220,11001,11015,0.19624534249305725
220,11011,11015,0.19313478469848633
220,11007,11015,0.19219711422920227
220,11008,11015,0.1905938684940338
220,11000,11016,0.290556401014328
220,11007,11016,0.2072940468788147
220,11011,11016,0.20721134543418884
220,11001,11016,0.20694425702095032
220,11008,11016,0.2042320817708969
220,11000,11017,0.29777899384498596
220,11001,11017,0.190245121717453
220,11011,11017,0.18825627863407135
220,11016,11017,0.18718522787094116
220,11007,11017,0.1865665763616562
220,11000,11018,0.32683447003364563
220,11001,11018,0.1866368055343628
220,11011,11018,0.18376649916172028
220,11007,11018,0.18317477405071259
220,11016,11018,0.18141767382621765
220,11000,11019,0.35316455364227295
220,11018,11019,0.18060661852359772
220,11001,11019,0.1805221140384674
220,11011,11019,0.17576977610588074
220,11006,11019,0.172624871134758
220,11000,11020,0.3086599111557007
220,11018,11020,0.18394708633422852
220,11001,11020,0.18048593401908875
220,11011,11020,0.18047229945659637
220,11007,11020,0.18031705915927887
220,11000,11021,0.3123025894165039
220,11018,11021,0.1692071259021759
220,11020,11021,0.168876513838768
220,11007,11021,0.16708077490329742
220,11001,11021,0.16684353351593018
220,11000,11022,0.28796571493148804
220,11018,11022,0.19091041386127472
220,11001,11022,0.19010744988918304
220,11020,11022,0.1900518387556076
220,11011,11022,0.18603530526161194
220,11000,11023,0.31073758006095886
220,11018,11023,0.19334115087985992
220,11020,11023,0.19328057765960693
220,11001,11023,0.19133126735687256
220,11011,11023,0.19000525772571564
220,11000,11024,0.2673623859882355
220,11007,11024,0.23985213041305542
220,11016,11024,0.23979105055332184
220,11011,11024,0.23832955956459045
220,11023,11024,0.23655420541763306
220,11000,11025,0.30184298753738403
220,11020,11025,0.19931451976299286
220,11018,11025,0.19874197244644165
220,11001,11025,0.19625405967235565
220,11011,11025,0.1957852691411972
220,11000,11026,0.29279354214668274
220,11020,11026,0.21355676651000977
220,11007,11026,0.21318745613098145
220,11018,11026,0.21283088624477386
220,11016,11026,0.21254265308380127
220,11000,11027,0.3118210434913635
220,11020,11027,0.20871587097644806
220,11018,11027,0.20821386575698853
220,11001,11027,0.20520171523094177
220,11007,11027,0.20267876982688904
220,11000,11028,0.27710044384002686
220,11020,11028,0.2024087756872177
220,11018,11028,0.20230749249458313
220,11011,11028,0.19983145594596863
220,11016,11028,0.19944564998149872
220,11000,11029,0.2591172456741333
220,11018,11029,0.19903188943862915
220,11020,11029,0.19808679819107056
220,11001,11029,0.1975642591714859
220,11011,11029,0.19446125626564026
220,11000,11030,0.3259109556674957
220,11018,11030,0.18014661967754364
220,11020,11030,0.17936044931411743
220,11001,11030,0.17902269959449768
220,11011,11030,0.17559364438056946
220,11000,11031,0.32541486620903015
220,11018,11031,0.19388779997825623
220,11001,11031,0.19276225566864014
220,11020,11031,0.19240333139896393
220,11011,11031,0.18699124455451965
220,11000,11032,0.27665945887565613
220,11027,11032,0.22605647146701813
220,11007,11032,0.22565525770187378
220,11016,11032,0.22457192838191986
220,11012,11032,0.22360602021217346
220,11000,11033,0.28053194284439087
220,11018,11033,0.22351959347724915
220,11007,11033,0.22287794947624207
220,11011,11033,0.222195565700531
220,11020,11033,0.22195442020893097
220,11000,11034,0.30775418877601624
220,11001,11034,0.18135111033916473
220,11018,11034,0.18055683374404907
220,11020,11034,0.18027864396572113
220,11011,11034,0.17562802135944366
220,11000,11035,0.28493595123291016
220,11018,11035,0.20813289284706116
220,11001,11035,0.20726220309734344
220,11020,11035,0.20679020881652832
220,11011,11035,0.20197618007659912
220,11000,11036,0.2907981276512146
220,11018,11036,0.17763465642929077
220,11020,11036,0.17692096531391144
220,11001,11036,0.17648674547672272
220,11011,11036,0.17410393059253693
220,11000,11037,0.3085345923900604
220,11018,11037,0.17995303869247437
220,11020,11037,0.1787676364183426
220,11001,11037,0.1787165254354477
220,11011,11037,0.17483054101467133
220,11000,11038,0.3408398926258087
220,11018,11038,0.18262533843517303
220,11020,11038,0.18185293674468994
220,11001,11038,0.18096691370010376
220,11011,11038,0.17788103222846985
220,11000,11039,0.29769816994667053
220,11018,11039,0.188644140958786
220,11020,11039,0.18647858500480652
220,11001,11039,0.18601173162460327
220,11011,11039,0.18362045288085938
220,11000,11040,0.32826006412506104
220,11018,11040,0.17603765428066254
220,11020,11040,0.17575080692768097
220,11001,11040,0.17537906765937805
220,11011,11040,0.17139729857444763
220,11000,11041,0.3007577359676361
220,11018,11041,0.19737419486045837
220,11020,11041,0.1957409679889679
220,11001,11041,0.19440008699893951
220,11007,11041,0.19314682483673096
220,11000,11042,0.26717424392700195
220,11020,11042,0.1932053416967392
220,11018,11042,0.19292186200618744
220,11007,11042,0.1925235092639923
220,11011,11042,0.19132760167121887
220,11000,11043,0.288707971572876
220,11012,11043,0.22514817118644714
220,11034,11043,0.2224687933921814
220,11013,11043,0.221476212143898
220,11019,11043,0.22090022265911102
220,11000,11044,0.29309791326522827
220,11020,11044,0.20333637297153473
220,11018,11044,0.20332232117652893
220,11043,11044,0.2022171914577484
220,11001,11044,0.20218685269355774
220,11000,11045,0.2656943202018738
220,11020,11045,0.20301058888435364
220,11018,11045,0.2022235244512558
220,11001,11045,0.20065049827098846
220,11043,11045,0.20029465854167938
220,11000,11046,0.3332615792751312
220,11043,11046,0.1816965490579605
220,11018,11046,0.18160156905651093
220,11001,11046,0.18024620413780212
220,11020,11046,0.18004554510116577
220,11000,11047,0.29095545411109924
220,11020,11047,0.19010336697101593
220,11018,11047,0.18974222242832184
220,11043,11047,0.18930165469646454
220,11001,11047,0.18812939524650574
220,11000,11048,0.27499890327453613
220,11020,11048,0.18218131363391876
220,11018,11048,0.18154318630695343
220,11001,11048,0.18105629086494446
220,11043,11048,0.1805824637413025
220,11000,11049,0.28594428300857544
220,11018,11049,0.1963462084531784
220,11020,11049,0.19497831165790558
220,11001,11049,0.19440943002700806
220,11043,11049,0.194101020693779
221,11050,11051,0.3088400065898895
221,11050,11052,0.29713284969329834
221,11051,11052,0.19792653620243073
221,11050,11053,0.2827695608139038
221,11051,11053,0.19766834378242493
221,11052,11053,0.18241026997566223
221,11050,11054,0.33320146799087524
221,11051,11054,0.17515620589256287
221,11053,11054,0.15828143060207367
221,11052,11054,0.15581122040748596
221,11050,11055,0.24898661673069
221,11052,11055,0.248159721493721
221,11054,11055,0.24048486351966858
221,11053,11055,0.2360684871673584
221,11051,11055,0.22724473476409912
221,11050,11056,0.30050069093704224
221,11052,11056,0.2258969396352768
221,11054,11056,0.21981333196163177
221,11053,11056,0.21481095254421234
221,11055,11056,0.2145938277244568
221,11050,11057,0.28089651465415955
221,11051,11057,0.22279107570648193
221,11056,11057,0.22176244854927063
221,11054,11057,0.21978135406970978
221,11053,11057,0.21616610884666443
221,11050,11058,0.28496330976486206
221,11057,11058,0.1976138949394226
221,11051,11058,0.1963668167591095
221,11056,11058,0.19323080778121948
221,11054,11058,0.19247257709503174
221,11050,11059,0.3110837936401367
221,11051,11059,0.20720750093460083
221,11057,11059,0.20183618366718292
221,11056,11059,0.19970516860485077
221,11058,11059,0.199356809258461
221,11050,11060,0.3057876229286194
221,11051,11060,0.18466727435588837
221,11057,11060,0.17863723635673523
221,11058,11060,0.17743763327598572
221,11056,11060,0.17699648439884186
221,11050,11061,0.31065651774406433
221,11057,11061,0.2294268161058426
221,11051,11061,0.2283579707145691
221,11056,11061,0.2258494794368744
221,11058,11061,0.22508969902992249
221,11050,11062,0.2778160572052002
221,11051,11062,0.1866382211446762
221,11061,11062,0.18225856125354767
221,11057,11062,0.17825791239738464
221,11058,11062,0.178203284740448
221,11050,11063,0.27063751220703125
221,11061,11063,0.2440461367368698
221,11057,11063,0.24347913265228271
221,11059,11063,0.24183757603168488
221,11058,11063,0.24095220863819122
221,11050,11064,0.3185757100582123
221,11051,11064,0.18225187063217163
221,11061,11064,0.17651128768920898
221,11056,11064,0.17456673085689545
221,11058,11064,0.17347003519535065
221,11050,11065,0.3183000385761261
221,11051,11065,0.19624534249305725
221,11061,11065,0.19313478469848633
221,11057,11065,0.19219711422920227
221,11058,11065,0.1905938684940338
221,11050,11066,0.290556401014328
221,11057,11066,0.2072940468788147
221,11061,11066,0.20721134543418884
221,11051,11066,0.20694425702095032
221,11058,11066,0.2042320817708969
221,11050,11067,0.29777899384498596
221,11051,11067,0.190245121717453
221,11061,11067,0.18825627863407135
221,11066,11067,0.18718522787094116
221,11057,11067,0.1865665763616562
221,11050,11068,0.32683447003364563
221,11051,11068,0.1866368055343628
221,11061,11068,0.18376649916172028
221,11057,11068,0.18317477405071259
221,11066,11068,0.18141767382621765
221,11050,11069,0.35316455364227295
221,11068,11069,0.18060661852359772
221,11051,11069,0.1805221140384674
221,11061,11069,0.17576977610588074
221,11056,11069,0.172624871134758
221,11050,11070,0.3086599111557007
221,11068,11070,0.18394708633422852
221,11051,11070,0.18048593401908875
221,11061,11070,0.18047229945659637
221,11057,11070,0.18031705915927887
221,11050,11071,0.3123025894165039
221,11068,11071,0.1692071259021759
221,11070,11071,0.168876513838768
221,11057,11071,0.16708077490329742
221,11051,11071,0.16684353351593018
221,11050,11072,0.28796571493148804
221,11068,11072,0.19091041386127472
221,11051,11072,0.19010744988918304
221,11070,11072,0.1900518387556076
221,11061,11072,0.18603530526161194
221,11050,11073,0.31073758006095886
221,11068,11073,0.19334115087985992
221,11070,11073,0.19328057765960693
221,11051,11073,0.19133126735687256
221,11061,11073,0.19000525772571564
221,11050,11074,0.2673623859882355
221,11057,11074,0.23985213041305542
221,11066,11074,0.23979105055332184
221,11061,11074,0.23832955956459045
221,11073,11074,0.23655420541763306
221,11050,11075,0.30184298753738403
221,11070,11075,0.19931451976299286
221,11068,11075,0.19874197244644165
221,11051,11075,0.19625405967235565
221,11061,11075,0.1957852691411972
221,11050,11076,0.29279354214668274
221,11070,11076,0.21355676651000977
221,11057,11076,0.21318745613098145
221,11068,11076,0.21283088624477386
221,11066,11076,0.21254265308380127
221,11050,11077,0.3118210434913635
221,11070,11077,0.20871587097644806
221,11068,11077,0.20821386575698853
221,11051,11077,0.20520171523094177
221,11057,11077,0.20267876982688904
221,11050,11078,0.27710044384002686
221,11070,11078,0.2024087756872177
221,11068,11078,0.20230749249458313
221,11061,11078,0.19983145594596863
221,11066,11078,0.19944564998149872
221,11050,11079,0.2591172456741333
221,11068,11079,0.19903188943862915
221,11070,11079,0.19808679819107056
221,11051,11079,0.1975642591714859
221,11061,11079,0.19446125626564026
221,11050,11080,0.3259109556674957
221,11068,11080,0.18014661967754364
221,11070,11080,0.17936044931411743
221,11051,11080,0.17902269959449768
221,11061,11080,0.17559364438056946
221,11050,11081,0.32541486620903015
221,11068,11081,0.19388779997825623
221,11051,11081,0.19276225566864014
221,11070,11081,0.19240333139896393
221,11061,11081,0.18699124455451965
221,11050,11082,0.27665945887565613
221,11077,11082,0.22605647146701813
221,11057,11082,0.22565525770187378
221,11066,11082,0.22457192838191986
221,11062,11082,0.22360602021217346
221,11050,11083,0.28053194284439087
221,11068,11083,0.22351959347724915
221,11057,11083,0.22287794947624207
221,11061,11083,0.222195565700531
221,11070,11083,0.22195442020893097
221,11050,11084,0.30775418877601624
221,11051,11084,0.18135111033916473
221,11068,11084,0.18055683374404907
221,11070,11084,0.18027864396572113
221,11061,11084,0.17562802135944366
221,11050,11085,0.28493595123291016
221,11068,11085,0.20813289284706116
221,11051,11085,0.20726220309734344
221,11070,11085,0.20679020881652832
221,11061,11085,0.20197618007659912
221,11050,11086,0.2907981276512146
221,11068,11086,0.17763465642929077
221,11070,11086,0.17692096531391144
221,11051,11086,0.17648674547672272
221,11061,11086,0.17410393059253693
221,11050,11087,0.3085345923900604
221,11068,11087,0.17995303869247437
221,11070,11087,0.1787676364183426
221,11051,11087,0.1787165254354477
221,11061,11087,0.17483054101467133
221,11050,11088,0.3408398926258087
221,11068,11088,0.18262533843517303
221,11070,11088,0.18185293674468994
221,11051,11088,0.18096691370010376
221,11061,11088,0.17788103222846985
221,11050,11089,0.29769816994667053
221,11068,11089,0.188644140958786
221,11070,11089,0.18647858500480652
221,11051,11089,0.18601173162460327
221,11061,11089,0.18362045288085938
221,11050,11090,0.32826006412506104
221,11068,11090,0.17603765428066254
221,11070,11090,0.17575080692768097
221,11051,11090,0.17537906765937805
221,11061,11090,0.17139729857444763
221,11050,11091,0.3007577359676361
221,11068,11091,0.19737419486045837
221,11070,11091,0.1957409679889679
221,11051,11091,0.19440008699893951
221,11057,11091,0.19314682483673096
221,11050,11092,0.26717424392700195
221,11070,11092,0.1932053416967392
221,11068,11092,0.19292186200618744
221,11057,11092,0.1925235092639923
221,11061,11092,0.19132760167121887
221,11050,11093,0.288707971572876
221,11062,11093,0.22514817118644714
221,11084,11093,0.2224687933921814
221,11063,11093,0.221476212143898
221,11069,11093,0.22090022265911102
221,11050,11094,0.29309791326522827
221,11070,11094,0.20333637297153473
221,11068,11094,0.20332232117652893
221,11093,11094,0.2022171914577484
221,11051,11094,0.20218685269355774
221,11050,11095,0.2656943202018738
221,11070,11095,0.20301058888435364
221,11068,11095,0.2022235244512558
221,11051,11095,0.20065049827098846
221,11093,11095,0.20029465854167938
221,11050,11096,0.3332615792751312
221,11093,11096,0.1816965490579605
221,11068,11096,0.18160156905651093
221,11051,11096,0.18024620413780212
221,11070,11096,0.18004554510116577
221,11050,11097,0.29095545411109924
221,11070,11097,0.19010336697101593
221,11068,11097,0.18974222242832184
221,11093,11097,0.18930165469646454
221,11051,11097,0.18812939524650574
221,11050,11098,0.27499890327453613
221,11070,11098,0.18218131363391876
221,11068,11098,0.18154318630695343
221,11051,11098,0.18105629086494446
221,11093,11098,0.1805824637413025
221,11050,11099,0.28594428300857544
221,11068,11099,0.1963462084531784
221,11070,11099,0.19497831165790558
221,11051,11099,0.19440943002700806
221,11093,11099,0.194101020693779
232,11600,11601,0.3088400065898895
232,11600,11602,0.29713284969329834
232,11601,11602,0.19792653620243073
232,11600,11603,0.2827695608139038
232,11601,11603,0.19766834378242493
232,11602,11603,0.18241026997566223
232,11600,11604,0.33320146799087524
232,11601,11604,0.17515620589256287
232,11603,11604,0.15828143060207367
232,11602,11604,0.15581122040748596
232,11600,11605,0.24898661673069
232,11602,11605,0.248159721493721
232,11604,11605,0.24048486351966858
232,11603,11605,0.2360684871673584
232,11601,11605,0.22724473476409912
232,11600,11606,0.30050069093704224
232,11602,11606,0.2258969396352768
232,11604,11606,0.21981333196163177
232,11603,11606,0.21481095254421234
232,11605,11606,0.2145938277244568
232,11600,11607,0.28089651465415955
232,11601,11607,0.22279107570648193
232,11606,11607,0.22176244854927063
232,11604,11607,0.21978135406970978
232,11603,11607,0.21616610884666443
232,11600,11608,0.28496330976486206
232,11607,11608,0.1976138949394226
232,11601,11608,0.1963668167591095
232,11606,11608,0.19323080778121948
232,11604,11608,0.19247257709503174
232,11600,11609,0.3110837936401367
232,11601,11609,0.20720750093460083
232,11607,11609,0.20183618366718292
232,11606,11609,0.19970516860485077
232,11608,11609,0.199356809258461
232,11600,11610,0.3057876229286194
232,11601,11610,0.18466727435588837
232,11607,11610,0.17863723635673523
232,11608,11610,0.17743763327598572
232,11606,11610,0.17699648439884186
232,11600,11611,0.31065651774406433
232,11607,11611,0.2294268161058426
232,11601,11611,0.2283579707145691
232,11606,11611,0.2258494794368744
232,11608,11611,0.22508969902992249
232,11600,11612,0.2778160572052002
232,11601,11612,0.1866382211446762
232,11611,11612,0.18225856125354767
232,11607,11612,0.17825791239738464
232,11608,11612,0.178203284740448
232,11600,11613,0.27063751220703125
232,11611,11613,0.2440461367368698
232,11607,11613,0.24347913265228271
232,11609,11613,0.24183757603168488
232,11608,11613,0.24095220863819122
232,11600,11614,0.3185757100582123
232,11601,11614,0.18225187063217163
232,11611,11614,0.17651128768920898
232,11606,11614,0.17456673085689545
232,11608,11614,0.17347003519535065
232,11600,11615,0.3183000385761261
232,11601,11615,0.19624534249305725
232,11611,11615,0.19313478469848633
232,11607,11615,0.19219711422920227
232,11608,11615,0.1905938684940338
232,11600,11616,0.290556401014328
232,11607,11616,0.2072940468788147
232,11611,11616,0.20721134543418884
232,11601,11616,0.20694425702095032
232,11608,11616,0.2042320817708969
232,11600,11617,0.29777899384498596
232,11601,11617,0.190245121717453
232,11611,11617,0.18825627863407135
232,11616,11617,0.18718522787094116
232,11607,11617,0.1865665763616562
232,11600,11618,0.32683447003364563
232,11601,11618,0.1866368055343628
232,11611,11618,0.18376649916172028
232,11607,11618,0.18317477405071259
232,11616,11618,0.18141767382621765
232,11600,11619,0.35316455364227295
232,11618,11619,0.18060661852359772
232,11601,11619,0.1805221140384674
232,11611,11619,0.17576977610588074
232,11606,11619,0.172624871134758
232,11600,11620,0.3086599111557007
232,11618,11620,0.18394708633422852
232,11601,11620,0.18048593401908875
232,11611,11620,0.18047229945659637
232,11607,11620,0.18031705915927887
232,11600,11621,0.3123025894165039
232,11618,11621,0.1692071259021759
232,11620,11621,0.168876513838768
232,11607,11621,0.16708077490329742
232,11601,11621,0.16684353351593018
232,11600,11622,0.28796571493148804
232,11618,11622,0.19091041386127472
232,11601,11622,0.19010744988918304
232,11620,11622,0.1900518387556076
232,11611,11622,0.18603530526161194
232,11600,11623,0.31073758006095886
232,11618,11623,0.19334115087985992
232,11620,11623,0.19328057765960693
232,11601,11623,0.19133126735687256
232,11611,11623,0.19000525772571564
232,11600,11624,0.2673623859882355
232,11607,11624,0.23985213041305542
232,11616,11624,0.23979105055332184
232,11611,11624,0.23832955956459045
232,11623,11624,0.23655420541763306
232,11600,11625,0.30184298753738403
232,11620,11625,0.19931451976299286
232,11618,11625,0.19874197244644165
232,11601,11625,0.19625405967235565
232,11611,11625,0.1957852691411972
232,11600,11626,0.29279354214668274
232,11620,11626,0.21355676651000977
232,11607,11626,0.21318745613098145
232,11618,11626,0.21283088624477386
232,11616,11626,0.21254265308380127
232,11600,11627,0.3118210434913635
232,11620,11627,0.20871587097644806
232,11618,11627,0.20821386575698853
232,11601,11627,0.20520171523094177
232,11607,11627,0.20267876982688904
232,11600,11628,0.27710044384002686
232,11620,11628,0.2024087756872177
232,11618,11628,0.20230749249458313
232,11611,11628,0.19983145594596863
232,11616,11628,0.19944564998149872
232,11600,11629,0.2591172456741333
232,11618,11629,0.19903188943862915
232,11620,11629,0.19808679819107056
232,11601,11629,0.1975642591714859
232,11611,11629,0.19446125626564026
232,11600,11630,0.3259109556674957
232,11618,11630,0.18014661967754364
232,11620,11630,0.17936044931411743
232,11601,11630,0.17902269959449768
232,11611,11630,0.17559364438056946
232,11600,11631,0.32541486620903015
232,11618,11631,0.19388779997825623
232,11601,11631,0.19276225566864014
232,11620,11631,0.19240333139896393
232,11611,11631,0.18699124455451965
232,11600,11632,0.27665945887565613
232,11627,11632,0.22605647146701813
232,11607,11632,0.22565525770187378
232,11616,11632,0.22457192838191986
232,11612,11632,0.22360602021217346
232,11600,11633,0.28053194284439087
232,11618,11633,0.22351959347724915
232,11607,11633,0.22287794947624207
232,11611,11633,0.222195565700531
232,11620,11633,0.22195442020893097
232,11600,11634,0.30775418877601624
232,11601,11634,0.18135111033916473
232,11618,11634,0.18055683374404907
232,11620,11634,0.18027864396572113
232,11611,11634,0.17562802135944366
232,11600,11635,0.28493595123291016
232,11618,11635,0.20813289284706116
232,11601,11635,0.20726220309734344
232,11620,11635,0.20679020881652832
232,11611,11635,0.20197618007659912
232,11600,11636,0.2907981276512146
232,11618,11636,0.17763465642929077
232,11620,11636,0.17692096531391144
232,11601,11636,0.17648674547672272
232,11611,11636,0.17410393059253693
232,11600,11637,0.3085345923900604
232,11618,11637,0.17995303869247437
232,11620,11637,0.1787676364183426
232,11601,11637,0.1787165254354477
232,11611,11637,0.17483054101467133
232,11600,11638,0.3408398926258087
232,11618,11638,0.18262533843517303
232,11620,11638,0.18185293674468994
232,11601,11638,0.18096691370010376
232,11611,11638,0.17788103222846985
232,11600,11639,0.29769816994667053
232,11618,11639,0.188644140958786
232,11620,11639,0.18647858500480652
232,11601,11639,0.18601173162460327
232,11611,11639,0.18362045288085938
232,11600,11640,0.32826006412506104
232,11618,11640,0.17603765428066254
232,11620,11640,0.17575080692768097
232,11601,11640,0.17537906765937805
232,11611,11640,0.17139729857444763
232,11600,11641,0.3007577359676361
232,11618,11641,0.19737419486045837
232,11620,11641,0.1957409679889679
232,11601,11641,0.19440008699893951
232,11607,11641,0.19314682483673096
232,11600,11642,0.26717424392700195
232,11620,11642,0.1932053416967392
232,11618,11642,0.19292186200618744
232,11607,11642,0.1925235092639923
232,11611,11642,0.19132760167121887
232,11600,11643,0.288707971572876
232,11612,11643,0.22514817118644714
232,11634,11643,0.2224687933921814
232,11613,11643,0.221476212143898
232,11619,11643,0.22090022265911102
232,11600,11644,0.29309791326522827
232,11620,11644,0.20333637297153473
232,11618,11644,0.20332232117652893
232,11643,11644,0.2022171914577484
232,11601,11644,0.20218685269355774
232,11600,11645,0.2656943202018738
232,11620,11645,0.20301058888435364
232,11618,11645,0.2022235244512558
232,11601,11645,0.20065049827098846
232,11643,11645,0.20029465854167938
232,11600,11646,0.3332615792751312
232,11643,11646,0.1816965490579605
232,11618,11646,0.18160156905651093
232,11601,11646,0.18024620413780212
232,11620,11646,0.18004554510116577
232,11600,11647,0.29095545411109924
232,11620,11647,0.19010336697101593
232,11618,11647,0.18974222242832184
232,11643,11647,0.18930165469646454
232,11601,11647,0.18812939524650574
232,11600,11648,0.27499890327453613
232,11620,11648,0.18218131363391876
232,11618,11648,0.18154318630695343
232,11601,11648,0.18105629086494446
232,11643,11648,0.1805824637413025
232,11600,11649,0.28594428300857544
232,11618,11649,0.1963462084531784
232,11620,11649,0.19497831165790558
232,11601,11649,0.19440943002700806
232,11643,11649,0.194101020693779
234,11700,11701,0.3088400065898895
234,11700,11702,0.29713284969329834
234,11701,11702,0.19792653620243073
234,11700,11703,0.2827695608139038
234,11701,11703,0.19766834378242493
234,11702,11703,0.18241026997566223
234,11700,11704,0.33320146799087524
234,11701,11704,0.17515620589256287
234,11703,11704,0.15828143060207367
234,11702,11704,0.15581122040748596
234,11700,11705,0.24898661673069
234,11702,11705,0.248159721493721
234,11704,11705,0.24048486351966858
234,11703,11705,0.2360684871673584
234,11701,11705,0.22724473476409912
234,11700,11706,0.30050069093704224
234,11702,11706,0.2258969396352768
234,11704,11706,0.21981333196163177
234,11703,11706,0.21481095254421234
234,11705,11706,0.2145938277244568
234,11700,11707,0.28089651465415955
234,11701,11707,0.22279107570648193
234,11706,11707,0.22176244854927063
234,11704,11707,0.21978135406970978
234,11703,11707,0.21616610884666443
234,11700,11708,0.28496330976486206
234,11707,11708,0.1976138949394226
234,11701,11708,0.1963668167591095
234,11706,11708,0.19323080778121948
234,11704,11708,0.19247257709503174
234,11700,11709,0.3110837936401367
234,11701,11709,0.20720750093460083
234,11707,11709,0.20183618366718292
234,11706,11709,0.19970516860485077
234,11708,11709,0.199356809258461
234,11700,11710,0.3057876229286194
234,11701,11710,0.18466727435588837
234,11707,11710,0.17863723635673523
234,11708,11710,0.17743763327598572
234,11706,11710,0.17699648439884186
234,11700,11711,0.31065651774406433
234,11707,11711,0.2294268161058426
234,11701,11711,0.2283579707145691
234,11706,11711,0.2258494794368744
234,11708,11711,0.22508969902992249
234,11700,11712,0.2778160572052002
234,11701,11712,0.1866382211446762
234,11711,11712,0.18225856125354767
234,11707,11712,0.17825791239738464
234,11708,11712,0.178203284740448
234,11700,11713,0.27063751220703125
234,11711,11713,0.2440461367368698
234,11707,11713,0.24347913265228271
234,11709,11713,0.24183757603168488
234,11708,11713,0.24095220863819122
234,11700,11714,0.3185757100582123
234,11701,11714,0.18225187063217163
234,11711,11714,0.17651128768920898
234,11706,11714,0.17456673085689545
234,11708,11714,0.17347003519535065
234,11700,11715,0.3183000385761261
234,11701,11715,0.19624534249305725
234,11711,11715,0.19313478469848633
234,11707,11715,0.19219711422920227
234,11708,11715,0.1905938684940338
234,11700,11716,0.290556401014328
234,11707,11716,0.2072940468788147
234,11711,11716,0.20721134543418884
234,11701,11716,0.20694425702095032
234,11708,11716,0.2042320817708969
234,11700,11717,0.29777899384498596
234,11701,11717,0.190245121717453
234,11711,11717,0.18825627863407135
234,11716,11717,0.18718522787094116
234,11707,11717,0.1865665763616562
234,11700,11718,0.32683447003364563
234,11701,11718,0.1866368055343628
234,11711,11718,0.18376649916172028
234,11707,11718,0.18317477405071259
234,11716,11718,0.18141767382621765
234,11700,11719,0.35316455364227295
234,11718,11719,0.18060661852359772
234,11701,11719,0.1805221140384674
234,11711,11719,0.17576977610588074
234,11706,11719,0.172624871134758
234,11700,11720,0.3086599111557007
234,11718,11720,0.18394708633422852
234,11701,11720,0.18048593401908875
234,11711,11720,0.18047229945659637
234,11707,11720,0.18031705915927887
234,11700,11721,0.3123025894165039
234,11718,11721,0.1692071259021759
234,11720,11721,0.168876513838768
234,11707,11721,0.16708077490329742
234,11701,11721,0.16684353351593018
234,11700,11722,0.28796571493148804
234,11718,11722,0.19091041386127472
234,11701,11722,0.19010744988918304
234,11720,11722,0.1900518387556076
234,11711,11722,0.18603530526161194
234,11700,11723,0.31073758006095886
234,11718,11723,0.19334115087985992
234,11720,11723,0.19328057765960693
234,11701,11723,0.19133126735687256
234,11711,11723,0.19000525772571564
234,11700,11724,0.2673623859882355
234,11707,11724,0.23985213041305542
234,11716,11724,0.23979105055332184
234,11711,11724,0.23832955956459045
234,11723,11724,0.23655420541763306
234,11700,11725,0.30184298753738403
234,11720,11725,0.19931451976299286
234,11718,11725,0.19874197244644165
234,11701,11725,0.19625405967235565
234,11711,11725,0.1957852691411972
234,11700,11726,0.29279354214668274
234,11720,11726,0.21355676651000977
234,11707,11726,0.21318745613098145
234,11718,11726,0.21283088624477386
234,11716,11726,0.21254265308380127
234,11700,11727,0.3118210434913635
234,11720,11727,0.20871587097644806
234,11718,11727,0.20821386575698853
234,11701,11727,0.20520171523094177
234,11707,11727,0.20267876982688904
234,11700,11728,0.27710044384002686
234,11720,11728,0.2024087756872177
234,11718,11728,0.20230749249458313
234,11711,11728,0.19983145594596863
234,11716,11728,0.19944564998149872
234,11700,11729,0.2591172456741333
234,11718,11729,0.19903188943862915
234,11720,11729,0.19808679819107056
234,11701,11729,0.1975642591714859
234,11711,11729,0.19446125626564026
234,11700,11730,0.3259109556674957
234,11718,11730,0.18014661967754364
234,11720,11730,0.17936044931411743
234,11701,11730,0.17902269959449768
234,11711,11730,0.17559364438056946
234,11700,11731,0.32541486620903015
234,11718,11731,0.19388779997825623
234,11701,11731,0.19276225566864014
234,11720,11731,0.19240333139896393
234,11711,11731,0.18699124455451965
234,11700,11732,0.27665945887565613
234,11727,11732,0.22605647146701813
234,11707,11732,0.22565525770187378
234,11716,11732,0.22457192838191986
234,11712,11732,0.22360602021217346
234,11700,11733,0.28053194284439087
234,11718,11733,0.22351959347724915
234,11707,11733,0.22287794947624207
234,11711,11733,0.222195565700531
234,11720,11733,0.22195442020893097
234,11700,11734,0.30775418877601624
234,11701,11734,0.18135111033916473
234,11718,11734,0.18055683374404907
234,11720,11734,0.18027864396572113
234,11711,11734,0.17562802135944366
234,11700,11735,0.28493595123291016
234,11718,11735,0.20813289284706116
234,11701,11735,0.20726220309734344
234,11720,11735,0.20679020881652832
234,11711,11735,0.20197618007659912
234,11700,11736,0.2907981276512146
234,11718,11736,0.17763465642929077
234,11720,11736,0.17692096531391144
234,11701,11736,0.17648674547672272
234,11711,11736,0.17410393059253693
234,11700,11737,0.3085345923900604
234,11718,11737,0.17995303869247437
234,11720,11737,0.1787676364183426
234,11701,11737,0.1787165254354477
234,11711,11737,0.17483054101467133
234,11700,11738,0.3408398926258087
234,11718,11738,0.18262533843517303
234,11720,11738,0.18185293674468994
234,11701,11738,0.18096691370010376
234,11711,11738,0.17788103222846985
234,11700,11739,0.29769816994667053
234,11718,11739,0.188644140958786
234,11720,11739,0.18647858500480652
234,11701,11739,0.18601173162460327
234,11711,11739,0.18362045288085938
234,11700,11740,0.32826006412506104
234,11718,11740,0.17603765428066254
234,11720,11740,0.17575080692768097
234,11701,11740,0.17537906765937805
234,11711,11740,0.17139729857444763
234,11700,11741,0.3007577359676361
234,11718,11741,0.19737419486045837
234,11720,11741,0.1957409679889679
234,11701,11741,0.19440008699893951
234,11707,11741,0.19314682483673096
234,11700,11742,0.26717424392700195
234,11720,11742,0.1932053416967392
234,11718,11742,0.19292186200618744
234,11707,11742,0.1925235092639923
234,11711,11742,0.19132760167121887
234,11700,11743,0.288707971572876
234,11712,11743,0.22514817118644714
234,11734,11743,0.2224687933921814
234,11713,11743,0.221476212143898
234,11719,11743,0.22090022265911102
234,11700,11744,0.29309791326522827
234,11720,11744,0.20333637297153473
234,11718,11744,0.20332232117652893
234,11743,11744,0.2022171914577484
234,11701,11744,0.20218685269355774
234,11700,11745,0.2656943202018738
234,11720,11745,0.20301058888435364
234,11718,11745,0.2022235244512558
234,11701,11745,0.20065049827098846
234,11743,11745,0.20029465854167938
234,11700,11746,0.3332615792751312
234,11743,11746,0.1816965490579605
234,11718,11746,0.18160156905651093
234,11701,11746,0.18024620413780212
234,11720,11746,0.18004554510116577
234,11700,11747,0.29095545411109924
234,11720,11747,0.19010336697101593
234,11718,11747,0.18974222242832184
234,11743,11747,0.18930165469646454
234,11701,11747,0.18812939524650574
234,11700,11748,0.27499890327453613
234,11720,11748,0.18218131363391876
234,11718,11748,0.18154318630695343
234,11701,11748,0.18105629086494446
234,11743,11748,0.1805824637413025
234,11700,11749,0.28594428300857544
234,11718,11749,0.1963462084531784
234,11720,11749,0.19497831165790558
234,11701,11749,0.19440943002700806
234,11743,11749,0.194101020693779
244,12200,12201,0.3088400065898895
244,12200,12202,0.29713284969329834
244,12201,12202,0.19792653620243073
244,12200,12203,0.2827695608139038
244,12201,12203,0.19766834378242493
244,12202,12203,0.18241026997566223
244,12200,12204,0.33320146799087524
244,12201,12204,0.17515620589256287
244,12203,12204,0.15828143060207367
244,12202,12204,0.15581122040748596
244,12200,12205,0.24898661673069
244,12202,12205,0.248159721493721
244,12204,12205,0.24048486351966858
244,12203,12205,0.2360684871673584
244,12201,12205,0.22724473476409912
244,12200,12206,0.30050069093704224
244,12202,12206,0.2258969396352768
244,12204,12206,0.21981333196163177
244,12203,12206,0.21481095254421234
244,12205,12206,0.2145938277244568
244,12200,12207,0.28089651465415955
244,12201,12207,0.22279107570648193
244,12206,12207,0.22176244854927063
244,12204,12207,0.21978135406970978
244,12203,12207,0.21616610884666443
244,12200,12208,0.28496330976486206
244,12207,12208,0.1976138949394226
244,12201,12208,0.1963668167591095
244,12206,12208,0.19323080778121948
244,12204,12208,0.19247257709503174
244,12200,12209,0.3110837936401367
244,12201,12209,0.20720750093460083
244,12207,12209,0.20183618366718292
244,12206,12209,0.19970516860485077
244,12208,12209,0.199356809258461
244,12200,12210,0.3057876229286194
244,12201,12210,0.18466727435588837
244,12207,12210,0.17863723635673523
244,12208,12210,0.17743763327598572
244,12206,12210,0.17699648439884186
244,12200,12211,0.31065651774406433
244,12207,12211,0.2294268161058426
244,12201,12211,0.2283579707145691
244,12206,12211,0.2258494794368744
244,12208,12211,0.22508969902992249
244,12200,12212,0.2778160572052002
244,12201,12212,0.1866382211446762
244,12211,12212,0.18225856125354767
244,12207,12212,0.17825791239738464
244,12208,12212,0.178203284740448
244,12200,12213,0.27063751220703125
244,12211,12213,0.2440461367368698
244,12207,12213,0.24347913265228271
244,12209,12213,0.24183757603168488
244,12208,12213,0.24095220863819122
244,12200,12214,0.3185757100582123
244,12201,12214,0.18225187063217163
244,12211,12214,0.17651128768920898
244,12206,12214,0.17456673085689545
244,12208,12214,0.17347003519535065
244,12200,12215,0.3183000385761261
244,12201,12215,0.19624534249305725
244,12211,12215,0.19313478469848633
244,12207,12215,0.19219711422920227
244,12208,12215,0.1905938684940338
244,12200,12216,0.290556401014328
244,12207,12216,0.2072940468788147
244,12211,12216,0.20721134543418884
244,12201,12216,0.20694425702095032
244,12208,12216,0.2042320817708969
244,12200,12217,0.29777899384498596
244,12201,12217,0.190245121717453
244,12211,12217,0.18825627863407135
244,12216,12217,0.18718522787094116
244,12207,12217,0.1865665763616562
244,12200,12218,0.32683447003364563
244,12201,12218,0.1866368055343628
244,12211,12218,0.18376649916172028
244,12207,12218,0.18317477405071259
244,12216,12218,0.18141767382621765
244,12200,12219,0.35316455364227295
244,12218,12219,0.18060661852359772
244,12201,12219,0.1805221140384674
244,12211,12219,0.17576977610588074
244,12206,12219,0.172624871134758
244,12200,12220,0.3086599111557007
244,12218,12220,0.18394708633422852
244,12201,12220,0.18048593401908875
244,12211,12220,0.18047229945659637
244,12207,12220,0.18031705915927887
244,12200,12221,0.3123025894165039
244,12218,12221,0.1692071259021759
244,12220,12221,0.168876513838768
244,12207,12221,0.16708077490329742
244,12201,12221,0.16684353351593018
244,12200,12222,0.28796571493148804
244,12218,12222,0.19091041386127472
244,12201,12222,0.19010744988918304
244,12220,12222,0.1900518387556076
244,12211,12222,0.18603530526161194
244,12200,12223,0.31073758006095886
244,12218,12223,0.19334115087985992
244,12220,12223,0.19328057765960693
244,12201,12223,0.19133126735687256
244,12211,12223,0.19000525772571564
244,12200,12224,0.2673623859882355
244,12207,12224,0.23985213041305542
244,12216,12224,0.23979105055332184
244,12211,12224,0.23832955956459045
244,12223,12224,0.23655420541763306
244,12200,12225,0.30184298753738403
244,12220,12225,0.19931451976299286
244,12218,12225,0.19874197244644165
244,12201,12225,0.19625405967235565
244,12211,12225,0.1957852691411972
244,12200,12226,0.29279354214668274
244,12220,12226,0.21355676651000977
244,12207,12226,0.21318745613098145
244,12218,12226,0.21283088624477386
244,12216,12226,0.21254265308380127
244,12200,12227,0.3118210434913635
244,12220,12227,0.20871587097644806
244,12218,12227,0.20821386575698853
244,12201,12227,0.20520171523094177
244,12207,12227,0.20267876982688904
244,12200,12228,0.27710044384002686
244,12220,12228,0.2024087756872177
244,12218,12228,0.20230749249458313
244,12211,12228,0.19983145594596863
244,12216,12228,0.19944564998149872
244,12200,12229,0.2591172456741333
244,12218,12229,0.19903188943862915
244,12220,12229,0.19808679819107056
244,12201,12229,0.1975642591714859
244,12211,12229,0.19446125626564026
244,12200,12230,0.3259109556674957
244,12218,12230,0.18014661967754364
244,12220,12230,0.17936044931411743
244,12201,12230,0.17902269959449768
244,12211,12230,0.17559364438056946
244,12200,12231,0.32541486620903015
244,12218,12231,0.19388779997825623
244,12201,12231,0.19276225566864014
244,12220,12231,0.19240333139896393
244,12211,12231,0.18699124455451965
244,12200,12232,0.27665945887565613
244,12227,12232,0.22605647146701813
244,12207,12232,0.22565525770187378
244,12216,12232,0.22457192838191986
244,12212,12232,0.22360602021217346
244,12200,12233,0.28053194284439087
244,12218,12233,0.22351959347724915
244,12207,12233,0.22287794947624207
244,12211,12233,0.222195565700531
244,12220,12233,0.22195442020893097
244,12200,12234,0.30775418877601624
244,12201,12234,0.18135111033916473
244,12218,12234,0.18055683374404907
244,12220,12234,0.18027864396572113
244,12211,12234,0.17562802135944366
244,12200,12235,0.28493595123291016
244,12218,12235,0.20813289284706116
244,12201,12235,0.20726220309734344
244,12220,12235,0.20679020881652832
244,12211,12235,0.20197618007659912
244,12200,12236,0.2907981276512146
244,12218,12236,0.17763465642929077
244,12220,12236,0.17692096531391144
244,12201,12236,0.17648674547672272
244,12211,12236,0.17410393059253693
244,12200,12237,0.3085345923900604
244,12218,12237,0.17995303869247437
244,12220,12237,0.1787676364183426
244,12201,12237,0.1787165254354477
244,12211,12237,0.17483054101467133
244,12200,12238,0.3408398926258087
244,12218,12238,0.18262533843517303
244,12220,12238,0.18185293674468994
244,12201,12238,0.18096691370010376
244,12211,12238,0.17788103222846985
244,12200,12239,0.29769816994667053
244,12218,12239,0.188644140958786
244,12220,12239,0.18647858500480652
244,12201,12239,0.18601173162460327
244,12211,12239,0.18362045288085938
244,12200,12240,0.32826006412506104
244,12218,12240,0.17603765428066254
244,12220,12240,0.17575080692768097
244,12201,12240,0.17537906765937805
244,12211,12240,0.17139729857444763
244,12200,12241,0.3007577359676361
244,12218,12241,0.19737419486045837
244,12220,12241,0.1957409679889679
244,12201,12241,0.19440008699893951
244,12207,12241,0.19314682483673096
244,12200,12242,0.26717424392700195
244,12220,12242,0.1932053416967392
244,12218,12242,0.19292186200618744
244,12207,12242,0.1925235092639923
244,12211,12242,0.19132760167121887
244,12200,12243,0.288707971572876
244,12212,12243,0.22514817118644714
244,12234,12243,0.2224687933921814
244,12213,12243,0.221476212143898
244,12219,12243,0.22090022265911102
244,12200,12244,0.29309791326522827
244,12220,12244,0.20333637297153473
244,12218,12244,0.20332232117652893
244,12243,12244,0.2022171914577484
244,12201,12244,0.20218685269355774
244,12200,12245,0.2656943202018738
244,12220,12245,0.20301058888435364
244,12218,12245,0.2022235244512558
244,12201,12245,0.20065049827098846
244,12243,12245,0.20029465854167938
244,12200,12246,0.3332615792751312
244,12243,12246,0.1816965490579605
244,12218,12246,0.18160156905651093
244,12201,12246,0.18024620413780212
244,12220,12246,0.18004554510116577
244,12200,12247,0.29095545411109924
244,12220,12247,0.19010336697101593
244,12218,12247,0.18974222242832184
244,12243,12247,0.18930165469646454
244,12201,12247,0.18812939524650574
244,12200,12248,0.27499890327453613
244,12220,12248,0.18218131363391876
244,12218,12248,0.18154318630695343
244,12201,12248,0.18105629086494446
244,12243,12248,0.1805824637413025
244,12200,12249,0.28594428300857544
244,12218,12249,0.1963462084531784
244,12220,12249,0.19497831165790558
244,12201,12249,0.19440943002700806
244,12243,12249,0.194101020693779
256,12800,12801,0.3088400065898895
256,12800,12802,0.29713284969329834
256,12801,12802,0.19792653620243073
256,12800,12803,0.2827695608139038
256,12801,12803,0.19766834378242493
256,12802,12803,0.18241026997566223
256,12800,12804,0.33320146799087524
256,12801,12804,0.17515620589256287
256,12803,12804,0.15828143060207367
256,12802,12804,0.15581122040748596
256,12800,12805,0.24898661673069
256,12802,12805,0.248159721493721
256,12804,12805,0.24048486351966858
256,12803,12805,0.2360684871673584
256,12801,12805,0.22724473476409912
256,12800,12806,0.30050069093704224
256,12802,12806,0.2258969396352768
256,12804,12806,0.21981333196163177
256,12803,12806,0.21481095254421234
256,12805,12806,0.2145938277244568
256,12800,12807,0.28089651465415955
256,12801,12807,0.22279107570648193
256,12806,12807,0.22176244854927063
256,12804,12807,0.21978135406970978
256,12803,12807,0.21616610884666443
256,12800,12808,0.28496330976486206
256,12807,12808,0.1976138949394226
256,12801,12808,0.1963668167591095
256,12806,12808,0.19323080778121948
256,12804,12808,0.19247257709503174
256,12800,12809,0.3110837936401367
256,12801,12809,0.20720750093460083
256,12807,12809,0.20183618366718292
256,12806,12809,0.19970516860485077
256,12808,12809,0.199356809258461
256,12800,12810,0.3057876229286194
256,12801,12810,0.18466727435588837
256,12807,12810,0.17863723635673523
256,12808,12810,0.17743763327598572
256,12806,12810,0.17699648439884186
256,12800,12811,0.31065651774406433
256,12807,12811,0.2294268161058426
256,12801,12811,0.2283579707145691
256,12806,12811,0.2258494794368744
256,12808,12811,0.22508969902992249
256,12800,12812,0.2778160572052002
256,12801,12812,0.1866382211446762
256,12811,12812,0.18225856125354767
256,12807,12812,0.17825791239738464
256,12808,12812,0.178203284740448
256,12800,12813,0.27063751220703125
256,12811,12813,0.2440461367368698
256,12807,12813,0.24347913265228271
256,12809,12813,0.24183757603168488
256,12808,12813,0.24095220863819122
256,12800,12814,0.3185757100582123
256,12801,12814,0.18225187063217163
256,12811,12814,0.17651128768920898
256,12806,12814,0.17456673085689545
256,12808,12814,0.17347003519535065
256,12800,12815,0.3183000385761261
256,12801,12815,0.19624534249305725
256,12811,12815,0.19313478469848633
256,12807,12815,0.19219711422920227
256,12808,12815,0.1905938684940338
256,12800,12816,0.290556401014328
256,12807,12816,0.2072940468788147
256,12811,12816,0.20721134543418884
256,12801,12816,0.20694425702095032
256,12808,12816,0.2042320817708969
256,12800,12817,0.29777899384498596
256,12801,12817,0.190245121717453
256,12811,12817,0.18825627863407135
256,12816,12817,0.18718522787094116
256,12807,12817,0.1865665763616562
256,12800,12818,0.32683447003364563
256,12801,12818,0.1866368055343628
256,12811,12818,0.18376649916172028
256,12807,12818,0.18317477405071259
256,12816,12818,0.18141767382621765
256,12800,12819,0.35316455364227295
256,12818,12819,0.18060661852359772
256,12801,12819,0.1805221140384674
256,12811,12819,0.17576977610588074
256,12806,12819,0.172624871134758
256,12800,12820,0.3086599111557007
256,12818,12820,0.18394708633422852
256,12801,12820,0.18048593401908875
256,12811,12820,0.18047229945659637
256,12807,12820,0.18031705915927887
256,12800,12821,0.3123025894165039
256,12818,12821,0.1692071259021759
256,12820,12821,0.168876513838768
256,12807,12821,0.16708077490329742
256,12801,12821,0.16684353351593018
256,12800,12822,0.28796571493148804
256,12818,12822,0.19091041386127472
256,12801,12822,0.19010744988918304
256,12820,12822,0.1900518387556076
256,12811,12822,0.18603530526161194
256,12800,12823,0.31073758006095886
256,12818,12823,0.19334115087985992
256,12820,12823,0.19328057765960693
256,12801,12823,0.19133126735687256
256,12811,12823,0.19000525772571564
256,12800,12824,0.2673623859882355
256,12807,12824,0.23985213041305542
256,12816,12824,0.23979105055332184
256,12811,12824,0.23832955956459045
256,12823,12824,0.23655420541763306
256,12800,12825,0.30184298753738403
256,12820,12825,0.19931451976299286
256,12818,12825,0.19874197244644165
256,12801,12825,0.19625405967235565
256,12811,12825,0.1957852691411972
256,12800,12826,0.29279354214668274
256,12820,12826,0.21355676651000977
256,12807,12826,0.21318745613098145
256,12818,12826,0.21283088624477386
256,12816,12826,0.21254265308380127
256,12800,12827,0.3118210434913635
256,12820,12827,0.20871587097644806
256,12818,12827,0.20821386575698853
256,12801,12827,0.20520171523094177
256,12807,12827,0.20267876982688904
256,12800,12828,0.27710044384002686
256,12820,12828,0.2024087756872177
256,12818,12828,0.20230749249458313
256,12811,12828,0.19983145594596863
256,12816,12828,0.19944564998149872
256,12800,12829,0.2591172456741333
256,12818,12829,0.19903188943862915
256,12820,12829,0.19808679819107056
256,12801,12829,0.1975642591714859
256,12811,12829,0.19446125626564026
256,12800,12830,0.3259109556674957
256,12818,12830,0.18014661967754364
256,12820,12830,0.17936044931411743
256,12801,12830,0.17902269959449768
256,12811,12830,0.17559364438056946
256,12800,12831,0.32541486620903015
256,12818,12831,0.19388779997825623
256,12801,12831,0.19276225566864014
256,12820,12831,0.19240333139896393
256,12811,12831,0.18699124455451965
256,12800,12832,0.27665945887565613
256,12827,12832,0.22605647146701813
256,12807,12832,0.22565525770187378
256,12816,12832,0.22457192838191986
256,12812,12832,0.22360602021217346
256,12800,12833,0.28053194284439087
256,12818,12833,0.22351959347724915
256,12807,12833,0.22287794947624207
256,12811,12833,0.222195565700531
256,12820,12833,0.22195442020893097
256,12800,12834,0.30775418877601624
256,12801,12834,0.18135111033916473
256,12818,12834,0.18055683374404907
256,12820,12834,0.18027864396572113
256,12811,12834,0.17562802135944366
256,12800,12835,0.28493595123291016
256,12818,12835,0.20813289284706116
256,12801,12835,0.20726220309734344
256,12820,12835,0.20679020881652832
256,12811,12835,0.20197618007659912
256,12800,12836,0.2907981276512146
256,12818,12836,0.17763465642929077
256,12820,12836,0.17692096531391144
256,12801,12836,0.17648674547672272
256,12811,12836,0.17410393059253693
256,12800,12837,0.3085345923900604
256,12818,12837,0.17995303869247437
256,12820,12837,0.1787676364183426
256,12801,12837,0.1787165254354477
256,12811,12837,0.17483054101467133
256,12800,12838,0.3408398926258087
256,12818,12838,0.18262533843517303
256,12820,12838,0.18185293674468994
256,12801,12838,0.18096691370010376
256,12811,12838,0.17788103222846985
256,12800,12839,0.29769816994667053
256,12818,12839,0.188644140958786
256,12820,12839,0.18647858500480652
256,12801,12839,0.18601173162460327
256,12811,12839,0.18362045288085938
256,12800,12840,0.32826006412506104
256,12818,12840,0.17603765428066254
256,12820,12840,0.17575080692768097
256,12801,12840,0.17537906765937805
256,12811,12840,0.17139729857444763
256,12800,12841,0.3007577359676361
256,12818,12841,0.19737419486045837
256,12820,12841,0.1957409679889679
256,12801,12841,0.19440008699893951
256,12807,12841,0.19314682483673096
256,12800,12842,0.26717424392700195
256,12820,12842,0.1932053416967392
256,12818,12842,0.19292186200618744
256,12807,12842,0.1925235092639923
256,12811,12842,0.19132760167121887
256,12800,12843,0.288707971572876
256,12812,12843,0.22514817118644714
256,12834,12843,0.2224687933921814
256,12813,12843,0.221476212143898
256,12819,12843,0.22090022265911102
256,12800,12844,0.29309791326522827
256,12820,12844,0.20333637297153473
256,12818,12844,0.20332232117652893
256,12843,12844,0.2022171914577484
256,12801,12844,0.20218685269355774
256,12800,12845,0.2656943202018738
256,12820,12845,0.20301058888435364
256,12818,12845,0.2022235244512558
256,12801,12845,0.20065049827098846
256,12843,12845,0.20029465854167938
256,12800,12846,0.3332615792751312
256,12843,12846,0.1816965490579605
256,12818,12846,0.18160156905651093
256,12801,12846,0.18024620413780212
256,12820,12846,0.18004554510116577
256,12800,12847,0.29095545411109924
256,12820,12847,0.19010336697101593
256,12818,12847,0.18974222242832184
256,12843,12847,0.18930165469646454
256,12801,12847,0.18812939524650574
256,12800,12848,0.27499890327453613
256,12820,12848,0.18218131363391876
256,12818,12848,0.18154318630695343
256,12801,12848,0.18105629086494446
256,12843,12848,0.1805824637413025
256,12800,12849,0.28594428300857544
256,12818,12849,0.1963462084531784
256,12820,12849,0.19497831165790558
256,12801,12849,0.19440943002700806
256,12843,12849,0.194101020693779
270,13500,13501,0.3088400065898895
270,13500,13502,0.29713284969329834
270,13501,13502,0.19792653620243073
270,13500,13503,0.2827695608139038
270,13501,13503,0.19766834378242493
270,13502,13503,0.18241026997566223
270,13500,13504,0.33320146799087524
270,13501,13504,0.17515620589256287
270,13503,13504,0.15828143060207367
270,13502,13504,0.15581122040748596
270,13500,13505,0.24898661673069
270,13502,13505,0.248159721493721
270,13504,13505,0.24048486351966858
270,13503,13505,0.2360684871673584
270,13501,13505,0.22724473476409912
270,13500,13506,0.30050069093704224
270,13502,13506,0.2258969396352768
270,13504,13506,0.21981333196163177
270,13503,13506,0.21481095254421234
270,13505,13506,0.2145938277244568
270,13500,13507,0.28089651465415955
270,13501,13507,0.22279107570648193
270,13506,13507,0.22176244854927063
270,13504,13507,0.21978135406970978
270,13503,13507,0.21616610884666443
270,13500,13508,0.28496330976486206
270,13507,13508,0.1976138949394226
270,13501,13508,0.1963668167591095
270,13506,13508,0.19323080778121948
270,13504,13508,0.19247257709503174
270,13500,13509,0.3110837936401367
270,13501,13509,0.20720750093460083
270,13507,13509,0.20183618366718292
270,13506,13509,0.19970516860485077
270,13508,13509,0.199356809258461
270,13500,13510,0.3057876229286194
270,13501,13510,0.18466727435588837
270,13507,13510,0.17863723635673523
270,13508,13510,0.17743763327598572
270,13506,13510,0.17699648439884186
270,13500,13511,0.31065651774406433
270,13507,13511,0.2294268161058426
270,13501,13511,0.2283579707145691
270,13506,13511,0.2258494794368744
270,13508,13511,0.22508969902992249
270,13500,13512,0.2778160572052002
270,13501,13512,0.1866382211446762
270,13511,13512,0.18225856125354767
270,13507,13512,0.17825791239738464
270,13508,13512,0.178203284740448
270,13500,13513,0.27063751220703125
270,13511,13513,0.2440461367368698
270,13507,13513,0.24347913265228271
270,13509,13513,0.24183757603168488
270,13508,13513,0.24095220863819122
270,13500,13514,0.3185757100582123
270,13501,13514,0.18225187063217163
270,13511,13514,0.17651128768920898
270,13506,13514,0.17456673085689545
270,13508,13514,0.17347003519535065
270,13500,13515,0.3183000385761261
270,13501,13515,0.19624534249305725
270,13511,13515,0.19313478469848633
270,13507,13515,0.19219711422920227
270,13508,13515,0.1905938684940338
270,13500,13516,0.290556401014328
270,13507,13516,0.2072940468788147
270,13511,13516,0.20721134543418884
270,13501,13516,0.20694425702095032
270,13508,13516,0.2042320817708969
270,13500,13517,0.29777899384498596
270,13501,13517,0.190245121717453
270,13511,13517,0.18825627863407135
270,13516,13517,0.18718522787094116
270,13507,13517,0.1865665763616562
270,13500,13518,0.32683447003364563
270,13501,13518,0.1866368055343628
270,13511,13518,0.18376649916172028
270,13507,13518,0.18317477405071259
270,13516,13518,0.18141767382621765
270,13500,13519,0.35316455364227295
270,13518,13519,0.18060661852359772
270,13501,13519,0.1805221140384674
270,13511,13519,0.17576977610588074
270,13506,13519,0.172624871134758
270,13500,13520,0.3086599111557007
270,13518,13520,0.18394708633422852
270,13501,13520,0.18048593401908875
270,13511,13520,0.18047229945659637
270,13507,13520,0.18031705915927887
270,13500,13521,0.3123025894165039
270,13518,13521,0.1692071259021759
270,13520,13521,0.168876513838768
270,13507,13521,0.16708077490329742
270,13501,13521,0.16684353351593018
270,13500,13522,0.28796571493148804
270,13518,13522,0.19091041386127472
270,13501,13522,0.19010744988918304
270,13520,13522,0.1900518387556076
270,13511,13522,0.18603530526161194
270,13500,13523,0.31073758006095886
270,13518,13523,0.19334115087985992
270,13520,13523,0.19328057765960693
270,13501,13523,0.19133126735687256
270,13511,13523,0.19000525772571564
270,13500,13524,0.2673623859882355
270,13507,13524,0.23985213041305542
270,13516,13524,0.23979105055332184
270,13511,13524,0.23832955956459045
270,13523,13524,0.23655420541763306
270,13500,13525,0.30184298753738403
270,13520,13525,0.19931451976299286
270,13518,13525,0.19874197244644165
270,13501,13525,0.19625405967235565
270,13511,13525,0.1957852691411972
270,13500,13526,0.29279354214668274
270,13520,13526,0.21355676651000977
270,13507,13526,0.21318745613098145
270,13518,13526,0.21283088624477386
270,13516,13526,0.21254265308380127
270,13500,13527,0.3118210434913635
270,13520,13527,0.20871587097644806
270,13518,13527,0.20821386575698853
270,13501,13527,0.20520171523094177
270,13507,13527,0.20267876982688904
270,13500,13528,0.27710044384002686
270,13520,13528,0.2024087756872177
270,13518,13528,0.20230749249458313
270,13511,13528,0.19983145594596863
270,13516,13528,0.19944564998149872
270,13500,13529,0.2591172456741333
270,13518,13529,0.19903188943862915
270,13520,13529,0.19808679819107056
270,13501,13529,0.1975642591714859
270,13511,13529,0.19446125626564026
270,13500,13530,0.3259109556674957
270,13518,13530,0.18014661967754364
270,13520,13530,0.17936044931411743
270,13501,13530,0.17902269959449768
270,13511,13530,0.17559364438056946
270,13500,13531,0.32541486620903015
270,13518,13531,0.19388779997825623
270,13501,13531,0.19276225566864014
270,13520,13531,0.19240333139896393
270,13511,13531,0.18699124455451965
270,13500,13532,0.27665945887565613
270,13527,13532,0.22605647146701813
270,13507,13532,0.22565525770187378
270,13516,13532,0.22457192838191986
270,13512,13532,0.22360602021217346
270,13500,13533,0.28053194284439087
270,13518,13533,0.22351959347724915
270,13507,13533,0.22287794947624207
270,13511,13533,0.222195565700531
270,13520,13533,0.22195442020893097
270,13500,13534,0.30775418877601624
270,13501,13534,0.18135111033916473
270,13518,13534,0.18055683374404907
270,13520,13534,0.18027864396572113
270,13511,13534,0.17562802135944366
270,13500,13535,0.28493595123291016
270,13518,13535,0.20813289284706116
270,13501,13535,0.20726220309734344
270,13520,13535,0.20679020881652832
270,13511,13535,0.20197618007659912
270,13500,13536,0.2907981276512146
270,13518,13536,0.17763465642929077
270,13520,13536,0.17692096531391144
270,13501,13536,0.17648674547672272
270,13511,13536,0.17410393059253693
270,13500,13537,0.3085345923900604
270,13518,13537,0.17995303869247437
270,13520,13537,0.1787676364183426
270,13501,13537,0.1787165254354477
270,13511,13537,0.17483054101467133
270,13500,13538,0.3408398926258087
270,13518,13538,0.18262533843517303
270,13520,13538,0.18185293674468994
270,13501,13538,0.18096691370010376
270,13511,13538,0.17788103222846985
270,13500,13539,0.29769816994667053
270,13518,13539,0.188644140958786
270,13520,13539,0.18647858500480652
270,13501,13539,0.18601173162460327
270,13511,13539,0.18362045288085938
270,13500,13540,0.32826006412506104
270,13518,13540,0.17603765428066254
270,13520,13540,0.17575080692768097
270,13501,13540,0.17537906765937805
270,13511,13540,0.17139729857444763
270,13500,13541,0.3007577359676361
270,13518,13541,0.19737419486045837
270,13520,13541,0.1957409679889679
270,13501,13541,0.19440008699893951
270,13507,13541,0.19314682483673096
270,13500,13542,0.26717424392700195
270,13520,13542,0.1932053416967392
270,13518,13542,0.19292186200618744
270,13507,13542,0.1925235092639923
270,13511,13542,0.19132760167121887
270,13500,13543,0.288707971572876
270,13512,13543,0.22514817118644714
270,13534,13543,0.2224687933921814
270,13513,13543,0.221476212143898
270,13519,13543,0.22090022265911102
270,13500,13544,0.29309791326522827
270,13520,13544,0.20333637297153473
270,13518,13544,0.20332232117652893
270,13543,13544,0.2022171914577484
270,13501,13544,0.20218685269355774
270,13500,13545,0.2656943202018738
270,13520,13545,0.20301058888435364
270,13518,13545,0.2022235244512558
270,13501,13545,0.20065049827098846
270,13543,13545,0.20029465854167938
270,13500,13546,0.3332615792751312
270,13543,13546,0.1816965490579605
270,13518,13546,0.18160156905651093
270,13501,13546,0.18024620413780212
270,13520,13546,0.18004554510116577
270,13500,13547,0.29095545411109924
270,13520,13547,0.19010336697101593
270,13518,13547,0.18974222242832184
270,13543,13547,0.18930165469646454
270,13501,13547,0.18812939524650574
270,13500,13548,0.27499890327453613
270,13520,13548,0.18218131363391876
270,13518,13548,0.18154318630695343
270,13501,13548,0.18105629086494446
270,13543,13548,0.1805824637413025
270,13500,13549,0.28594428300857544
270,13518,13549,0.1963462084531784
270,13520,13549,0.19497831165790558
270,13501,13549,0.19440943002700806
270,13543,13549,0.194101020693779
277,13850,13851,0.2562234401702881
277,13850,13852,0.265375554561615
277,13851,13852,0.20249319076538086
277,13850,13853,0.2600530683994293
277,13851,13853,0.20093122124671936
277,13852,13853,0.17897376418113708
277,13850,13854,0.24539519846439362
277,13851,13854,0.1914728432893753
277,13853,13854,0.1702307164669037
277,13852,13854,0.16385585069656372
277,13850,13855,0.270865261554718
277,13852,13855,0.26790931820869446
277,13854,13855,0.25569218397140503
277,13853,13855,0.24897587299346924
277,13851,13855,0.23107817769050598
277,13850,13856,0.27232733368873596
277,13852,13856,0.24701665341854095
277,13854,13856,0.23836377263069153
277,13855,13856,0.23087090253829956
277,13853,13856,0.23079673945903778
277,13850,13857,0.25325578451156616
277,13851,13857,0.23130519688129425
277,13856,13857,0.22613707184791565
277,13854,13857,0.22315777838230133
277,13853,13857,0.2196405827999115
277,13850,13858,0.25591161847114563
277,13857,13858,0.20733529329299927
277,13851,13858,0.20720744132995605
277,13854,13858,0.20221243798732758
277,13856,13858,0.20219500362873077
277,13850,13859,0.2524203956127167
277,13851,13859,0.20605982840061188
277,13857,13859,0.19509296119213104
277,13856,13859,0.1948675662279129
277,13858,13859,0.19434179365634918
277,13850,13860,0.24924591183662415
277,13851,13860,0.1915493607521057
277,13858,13860,0.18110410869121552
277,13856,13860,0.1807374805212021
277,13857,13860,0.18036450445652008
277,13850,13861,0.26771923899650574
277,13851,13861,0.2392786741256714
277,13857,13861,0.2361767292022705
277,13856,13861,0.23380090296268463
277,13858,13861,0.23307649791240692
277,13850,13862,0.24152863025665283
277,13851,13862,0.19372396171092987
277,13860,13862,0.18436725437641144
277,13861,13862,0.1839088499546051
277,13856,13862,0.1814730316400528
277,13850,13863,0.26553335785865784
277,13851,13863,0.23833227157592773
277,13861,13863,0.23710139095783234
277,13857,13863,0.23662146925926208
277,13858,13863,0.23518818616867065
277,13850,13864,0.24619907140731812
277,13851,13864,0.18995754420757294
277,13860,13864,0.18295474350452423
277,13856,13864,0.17838577926158905
277,13861,13864,0.17736364901065826
277,13850,13865,0.2634983956813812
277,13851,13865,0.2023884505033493
277,13861,13865,0.19451318681240082
277,13858,13865,0.19343413412570953
277,13856,13865,0.19295448064804077
277,13850,13866,0.26491013169288635
277,13851,13866,0.21867309510707855
277,13861,13866,0.21498416364192963
277,13857,13866,0.21420800685882568
277,13858,13866,0.21359680593013763
277,13850,13867,0.25953209400177
277,13851,13867,0.19391986727714539
277,13861,13867,0.1878543645143509
277,13866,13867,0.18755310773849487
277,13857,13867,0.18581560254096985
277,13850,13868,0.2564562261104584
277,13851,13868,0.2019776850938797
277,13861,13868,0.19442030787467957
277,13857,13868,0.1931985318660736
277,13866,13868,0.1920882612466812
277,13850,13869,0.2588122487068176
277,13851,13869,0.19356557726860046
277,13868,13869,0.1914617270231247
277,13860,13869,0.18716008961200714
277,13861,13869,0.18201684951782227
277,13850,13870,0.24902456998825073
277,13868,13870,0.19766320288181305
277,13851,13870,0.1949787139892578
277,13861,13870,0.19084477424621582
277,13857,13870,0.1901172250509262
277,13850,13871,0.2480662763118744
277,13868,13871,0.1796516627073288
277,13870,13871,0.17902806401252747
277,13851,13871,0.17766839265823364
277,13857,13871,0.17569153010845184
277,13850,13872,0.24890758097171783
277,13851,13872,0.19574779272079468
277,13868,13872,0.195089191198349
277,13870,13872,0.1940549910068512
277,13871,13872,0.18732070922851562
277,13850,13873,0.2584308385848999
277,13870,13873,0.20156456530094147
277,13868,13873,0.20128460228443146
277,13851,13873,0.20050713419914246
277,13871,13873,0.19539298117160797
277,13850,13874,0.2533256709575653
277,13857,13874,0.23804709315299988
277,13866,13874,0.23756997287273407
277,13868,13874,0.23622708022594452
277,13873,13874,0.23563642799854279
277,13850,13875,0.2623169720172882
277,13870,13875,0.20101892948150635
277,13868,13875,0.20082005858421326
277,13851,13875,0.19864200055599213
277,13861,13875,0.19527217745780945
277,13850,13876,0.270413875579834
277,13857,13876,0.2178928256034851
277,13866,13876,0.2169596552848816
277,13870,13876,0.21695323288440704
277,13868,13876,0.21627144515514374
277,13850,13877,0.2735540568828583
277,13870,13877,0.21046586334705353
277,13868,13877,0.21018896996974945
277,13851,13877,0.2084638923406601
277,13871,13877,0.20423275232315063
277,13850,13878,0.266961932182312
277,13868,13878,0.20097655057907104
277,13870,13878,0.20060665905475616
277,13851,13878,0.19795551896095276
277,13866,13878,0.19667723774909973
277,13850,13879,0.24952690303325653
277,13868,13879,0.19668960571289062
277,13851,13879,0.19581282138824463
277,13870,13879,0.19518618285655975
277,13872,13879,0.18976259231567383
277,13850,13880,0.24725012481212616
277,13851,13880,0.19351187348365784
277,13868,13880,0.1925664246082306
277,13870,13880,0.19215916097164154
277,13871,13880,0.18683350086212158
277,13850,13881,0.25037312507629395
277,13851,13881,0.20770856738090515
277,13868,13881,0.2065442055463791
277,13870,13881,0.20538528263568878
277,13871,13881,0.19884803891181946
277,13850,13882,0.27208080887794495
277,13857,13882,0.2240641713142395
277,13877,13882,0.22286507487297058
277,13866,13882,0.2228599488735199
277,13870,13882,0.22144527733325958
277,13850,13883,0.25523871183395386
277,13868,13883,0.22710058093070984
277,13851,13883,0.22542275488376617
277,13870,13883,0.22501210868358612
277,13857,13883,0.22281160950660706
277,13850,13884,0.2500568628311157
277,13851,13884,0.18597780168056488
277,13870,13884,0.18289650976657867
277,13868,13884,0.18265382945537567
277,13871,13884,0.17841234803199768
277,13850,13885,0.2665117383003235
277,13851,13885,0.20444881916046143
277,13868,13885,0.20360822975635529
277,13870,13885,0.20218506455421448
277,13871,13885,0.19737757742404938
277,13850,13886,0.24803707003593445
277,13851,13886,0.18459083139896393
277,13868,13886,0.18411210179328918
277,13870,13886,0.1834147870540619
277,13871,13886,0.17773966491222382
277,13850,13887,0.25279557704925537
277,13868,13887,0.1845293790102005
277,13851,13887,0.18411710858345032
277,13870,13887,0.18288414180278778
277,13861,13887,0.17571382224559784
277,13850,13888,0.26175370812416077
277,13868,13888,0.1946163922548294
277,13851,13888,0.1945595145225525
277,13870,13888,0.1938512772321701
277,13871,13888,0.18692158162593842
277,13850,13889,0.2511206269264221
277,13868,13889,0.19472509622573853
277,13851,13889,0.19304218888282776
277,13870,13889,0.1916602998971939
277,13861,13889,0.18639114499092102
277,13850,13890,0.24744422733783722
277,13851,13890,0.19381596148014069
277,13870,13890,0.19245195388793945
277,13868,13890,0.19200491905212402
277,13871,13890,0.18714439868927002
277,13850,13891,0.2624981105327606
277,13868,13891,0.19772477447986603
277,13870,13891,0.19539684057235718
277,13851,13891,0.19501946866512299
277,13857,13891,0.19106268882751465
277,13850,13892,0.25840672850608826
277,13868,13892,0.19337745010852814
277,13870,13892,0.19333454966545105
277,13857,13892,0.19222819805145264
277,13851,13892,0.19000813364982605
277,13850,13893,0.25906819105148315
277,13884,13893,0.2587716579437256
277,13862,13893,0.25803348422050476
277,13863,13893,0.2542848587036133
277,13869,13893,0.25250494480133057
277,13850,13894,0.24805955588817596
277,13851,13894,0.21109695732593536
277,13870,13894,0.21028538048267365
277,13868,13894,0.21015752851963043
277,13893,13894,0.2099994271993637
277,13850,13895,0.2599959671497345
277,13870,13895,0.19849655032157898
277,13868,13895,0.19838736951351166
277,13851,13895,0.1971055120229721
277,13893,13895,0.19502341747283936
277,13850,13896,0.25280842185020447
277,13893,13896,0.18856889009475708
277,13851,13896,0.1875302493572235
277,13868,13896,0.18740053474903107
277,13870,13896,0.18592770397663116
277,13850,13897,0.2512887716293335
277,13870,13897,0.196783185005188
277,13893,13897,0.19634288549423218
277,13851,13897,0.1959991753101349
277,13868,13897,0.19577699899673462
277,13850,13898,0.2593115270137787
277,13870,13898,0.17608825862407684
277,13851,13898,0.17583829164505005
277,13868,13898,0.1756415218114853
277,13893,13898,0.17399568855762482
277,13850,13899,0.25105157494544983
277,13868,13899,0.19681218266487122
277,13851,13899,0.1959974616765976
277,13870,13899,0.1949058175086975
277,13893,13899,0.19419638812541962
