src_event_id,dst_event_id,weight_sum,weight_mean,support
0,19,0.35316455364227295,0.35316455364227295,1
7750,7769,0.35316455364227295,0.35316455364227295,1
400,419,0.35316455364227295,0.35316455364227295,1
13500,13519,0.35316455364227295,0.35316455364227295,1
12800,12819,0.35316455364227295,0.35316455364227295,1
12200,12219,0.35316455364227295,0.35316455364227295,1
11700,11719,0.35316455364227295,0.35316455364227295,1
11600,11619,0.35316455364227295,0.35316455364227295,1
11050,11069,0.35316455364227295,0.35316455364227295,1
11000,11019,0.35316455364227295,0.35316455364227295,1
10050,10069,0.35316455364227295,0.35316455364227295,1
9900,9919,0.35316455364227295,0.35316455364227295,1
9400,9419,0.35316455364227295,0.35316455364227295,1
8650,8669,0.35316455364227295,0.35316455364227295,1
8550,8569,0.35316455364227295,0.35316455364227295,1
10450,10469,0.35316455364227295,0.35316455364227295,1
7700,7719,0.35316455364227295,0.35316455364227295,1
5700,5719,0.35316455364227295,0.35316455364227295,1
7650,7669,0.35316455364227295,0.35316455364227295,1
950,969,0.35316455364227295,0.35316455364227295,1
1150,1169,0.35316455364227295,0.35316455364227295,1
1500,1519,0.35316455364227295,0.35316455364227295,1
1850,1869,0.35316455364227295,0.35316455364227295,1
3600,3619,0.35316455364227295,0.35316455364227295,1
850,869,0.35316455364227295,0.35316455364227295,1
5750,5769,0.35316455364227295,0.35316455364227295,1
6000,6019,0.35316455364227295,0.35316455364227295,1
6500,6519,0.35316455364227295,0.35316455364227295,1
6700,6719,0.35316455364227295,0.35316455364227295,1
7000,7019,0.35316455364227295,0.35316455364227295,1
11000,11038,0.3408398926258087,0.3408398926258087,1
8550,8588,0.3408398926258087,0.3408398926258087,1
8650,8688,0.3408398926258087,0.3408398926258087,1
9400,9438,0.3408398926258087,0.3408398926258087,1
9900,9938,0.3408398926258087,0.3408398926258087,1
10050,10088,0.3408398926258087,0.3408398926258087,1
10450,10488,0.3408398926258087,0.3408398926258087,1
11600,11638,0.3408398926258087,0.3408398926258087,1
11050,11088,0.3408398926258087,0.3408398926258087,1
7700,7738,0.3408398926258087,0.3408398926258087,1
11700,11738,0.3408398926258087,0.3408398926258087,1
12200,12238,0.3408398926258087,0.3408398926258087,1
12800,12838,0.3408398926258087,0.3408398926258087,1
13500,13538,0.3408398926258087,0.3408398926258087,1
7750,7788,0.3408398926258087,0.3408398926258087,1
3600,3638,0.3408398926258087,0.3408398926258087,1
7650,7688,0.3408398926258087,0.3408398926258087,1
1850,1888,0.3408398926258087,0.3408398926258087,1
7000,7038,0.3408398926258087,0.3408398926258087,1
400,438,0.3408398926258087,0.3408398926258087,1
850,888,0.3408398926258087,0.3408398926258087,1
950,988,0.3408398926258087,0.3408398926258087,1
1150,1188,0.3408398926258087,0.3408398926258087,1
1500,1538,0.3408398926258087,0.3408398926258087,1
0,38,0.3408398926258087,0.3408398926258087,1
5750,5788,0.3408398926258087,0.3408398926258087,1
6000,6038,0.3408398926258087,0.3408398926258087,1
6500,6538,0.3408398926258087,0.3408398926258087,1
6700,6738,0.3408398926258087,0.3408398926258087,1
5700,5738,0.3408398926258087,0.3408398926258087,1
7700,7746,0.3332615792751312,0.3332615792751312,1
10450,10496,0.3332615792751312,0.3332615792751312,1
8550,8596,0.3332615792751312,0.3332615792751312,1
8650,8696,0.3332615792751312,0.3332615792751312,1
9400,9446,0.3332615792751312,0.3332615792751312,1
9900,9946,0.3332615792751312,0.3332615792751312,1
10050,10096,0.3332615792751312,0.3332615792751312,1
11600,11646,0.3332615792751312,0.3332615792751312,1
11000,11046,0.3332615792751312,0.3332615792751312,1
11050,11096,0.3332615792751312,0.3332615792751312,1
11700,11746,0.3332615792751312,0.3332615792751312,1
12200,12246,0.3332615792751312,0.3332615792751312,1
12800,12846,0.3332615792751312,0.3332615792751312,1
13500,13546,0.3332615792751312,0.3332615792751312,1
7750,7796,0.3332615792751312,0.3332615792751312,1
3600,3646,0.3332615792751312,0.3332615792751312,1
7650,7696,0.3332615792751312,0.3332615792751312,1
1850,1896,0.3332615792751312,0.3332615792751312,1
7000,7046,0.3332615792751312,0.3332615792751312,1
400,446,0.3332615792751312,0.3332615792751312,1
850,896,0.3332615792751312,0.3332615792751312,1
950,996,0.3332615792751312,0.3332615792751312,1
1500,1546,0.3332615792751312,0.3332615792751312,1
1150,1196,0.3332615792751312,0.3332615792751312,1
0,46,0.3332615792751312,0.3332615792751312,1
5700,5746,0.3332615792751312,0.3332615792751312,1
5750,5796,0.3332615792751312,0.3332615792751312,1
6000,6046,0.3332615792751312,0.3332615792751312,1
6500,6546,0.3332615792751312,0.3332615792751312,1
6700,6746,0.3332615792751312,0.3332615792751312,1
10450,10454,0.33320146799087524,0.33320146799087524,1
8550,8554,0.33320146799087524,0.33320146799087524,1
8650,8654,0.33320146799087524,0.33320146799087524,1
9400,9404,0.33320146799087524,0.33320146799087524,1
9900,9904,0.33320146799087524,0.33320146799087524,1
10050,10054,0.33320146799087524,0.33320146799087524,1
13500,13504,0.33320146799087524,0.33320146799087524,1
11000,11004,0.33320146799087524,0.33320146799087524,1
11050,11054,0.33320146799087524,0.33320146799087524,1
11600,11604,0.33320146799087524,0.33320146799087524,1
11700,11704,0.33320146799087524,0.33320146799087524,1
12200,12204,0.33320146799087524,0.33320146799087524,1
12800,12804,0.33320146799087524,0.33320146799087524,1
7750,7754,0.33320146799087524,0.33320146799087524,1
7700,7704,0.33320146799087524,0.33320146799087524,1
7650,7654,0.33320146799087524,0.33320146799087524,1
1850,1854,0.33320146799087524,0.33320146799087524,1
7000,7004,0.33320146799087524,0.33320146799087524,1
0,4,0.33320146799087524,0.33320146799087524,1
400,404,0.33320146799087524,0.33320146799087524,1
850,854,0.33320146799087524,0.33320146799087524,1
1150,1154,0.33320146799087524,0.33320146799087524,1
1500,1504,0.33320146799087524,0.33320146799087524,1
950,954,0.33320146799087524,0.33320146799087524,1
3600,3604,0.33320146799087524,0.33320146799087524,1
5700,5704,0.33320146799087524,0.33320146799087524,1
5750,5754,0.33320146799087524,0.33320146799087524,1
6000,6004,0.33320146799087524,0.33320146799087524,1
6500,6504,0.33320146799087524,0.33320146799087524,1
6700,6704,0.33320146799087524,0.33320146799087524,1
11000,11040,0.32826006412506104,0.32826006412506104,1
8550,8590,0.32826006412506104,0.32826006412506104,1
8650,8690,0.32826006412506104,0.32826006412506104,1
9400,9440,0.32826006412506104,0.32826006412506104,1
9900,9940,0.32826006412506104,0.32826006412506104,1
10050,10090,0.32826006412506104,0.32826006412506104,1
10450,10490,0.32826006412506104,0.32826006412506104,1
7700,7740,0.32826006412506104,0.32826006412506104,1
11050,11090,0.32826006412506104,0.32826006412506104,1
11600,11640,0.32826006412506104,0.32826006412506104,1
11700,11740,0.32826006412506104,0.32826006412506104,1
12200,12240,0.32826006412506104,0.32826006412506104,1
12800,12840,0.32826006412506104,0.32826006412506104,1
13500,13540,0.32826006412506104,0.32826006412506104,1
7750,7790,0.32826006412506104,0.32826006412506104,1
3600,3640,0.32826006412506104,0.32826006412506104,1
7650,7690,0.32826006412506104,0.32826006412506104,1
1850,1890,0.32826006412506104,0.32826006412506104,1
7000,7040,0.32826006412506104,0.32826006412506104,1
400,440,0.32826006412506104,0.32826006412506104,1
850,890,0.32826006412506104,0.32826006412506104,1
950,990,0.32826006412506104,0.32826006412506104,1
1500,1540,0.32826006412506104,0.32826006412506104,1
1150,1190,0.32826006412506104,0.32826006412506104,1
0,40,0.32826006412506104,0.32826006412506104,1
5700,5740,0.32826006412506104,0.32826006412506104,1
5750,5790,0.32826006412506104,0.32826006412506104,1
6000,6040,0.32826006412506104,0.32826006412506104,1
6500,6540,0.32826006412506104,0.32826006412506104,1
6700,6740,0.32826006412506104,0.32826006412506104,1
10450,10468,0.32683447003364563,0.32683447003364563,1
8550,8568,0.32683447003364563,0.32683447003364563,1
8650,8668,0.32683447003364563,0.32683447003364563,1
9400,9418,0.32683447003364563,0.32683447003364563,1
9900,9918,0.32683447003364563,0.32683447003364563,1
10050,10068,0.32683447003364563,0.32683447003364563,1
13500,13518,0.32683447003364563,0.32683447003364563,1
11000,11018,0.32683447003364563,0.32683447003364563,1
11050,11068,0.32683447003364563,0.32683447003364563,1
11600,11618,0.32683447003364563,0.32683447003364563,1
11700,11718,0.32683447003364563,0.32683447003364563,1
12200,12218,0.32683447003364563,0.32683447003364563,1
12800,12818,0.32683447003364563,0.32683447003364563,1
7750,7768,0.32683447003364563,0.32683447003364563,1
7700,7718,0.32683447003364563,0.32683447003364563,1
7650,7668,0.32683447003364563,0.32683447003364563,1
1850,1868,0.32683447003364563,0.32683447003364563,1
7000,7018,0.32683447003364563,0.32683447003364563,1
400,418,0.32683447003364563,0.32683447003364563,1
850,868,0.32683447003364563,0.32683447003364563,1
950,968,0.32683447003364563,0.32683447003364563,1
1150,1168,0.32683447003364563,0.32683447003364563,1
1500,1518,0.32683447003364563,0.32683447003364563,1
0,18,0.32683447003364563,0.32683447003364563,1
3600,3618,0.32683447003364563,0.32683447003364563,1
5750,5768,0.32683447003364563,0.32683447003364563,1
6000,6018,0.32683447003364563,0.32683447003364563,1
6500,6518,0.32683447003364563,0.32683447003364563,1
6700,6718,0.32683447003364563,0.32683447003364563,1
5700,5718,0.32683447003364563,0.32683447003364563,1
10450,10480,0.3259109556674957,0.3259109556674957,1
8550,8580,0.3259109556674957,0.3259109556674957,1
8650,8680,0.3259109556674957,0.3259109556674957,1
9400,9430,0.3259109556674957,0.3259109556674957,1
9900,9930,0.3259109556674957,0.3259109556674957,1
10050,10080,0.3259109556674957,0.3259109556674957,1
11600,11630,0.3259109556674957,0.3259109556674957,1
11000,11030,0.3259109556674957,0.3259109556674957,1
11050,11080,0.3259109556674957,0.3259109556674957,1
11700,11730,0.3259109556674957,0.3259109556674957,1
12200,12230,0.3259109556674957,0.3259109556674957,1
12800,12830,0.3259109556674957,0.3259109556674957,1
13500,13530,0.3259109556674957,0.3259109556674957,1
7750,7780,0.3259109556674957,0.3259109556674957,1
7700,7730,0.3259109556674957,0.3259109556674957,1
7650,7680,0.3259109556674957,0.3259109556674957,1
1850,1880,0.3259109556674957,0.3259109556674957,1
7000,7030,0.3259109556674957,0.3259109556674957,1
400,430,0.3259109556674957,0.3259109556674957,1
850,880,0.3259109556674957,0.3259109556674957,1
950,980,0.3259109556674957,0.3259109556674957,1
1150,1180,0.3259109556674957,0.3259109556674957,1
1500,1530,0.3259109556674957,0.3259109556674957,1
0,30,0.3259109556674957,0.3259109556674957,1
3600,3630,0.3259109556674957,0.3259109556674957,1
5750,5780,0.3259109556674957,0.3259109556674957,1
6000,6030,0.3259109556674957,0.3259109556674957,1
6500,6530,0.3259109556674957,0.3259109556674957,1
6700,6730,0.3259109556674957,0.3259109556674957,1
5700,5730,0.3259109556674957,0.3259109556674957,1
10450,10481,0.32541486620903015,0.32541486620903015,1
8550,8581,0.32541486620903015,0.32541486620903015,1
8650,8681,0.32541486620903015,0.32541486620903015,1
9400,9431,0.32541486620903015,0.32541486620903015,1
9900,9931,0.32541486620903015,0.32541486620903015,1
10050,10081,0.32541486620903015,0.32541486620903015,1
11600,11631,0.32541486620903015,0.32541486620903015,1
11000,11031,0.32541486620903015,0.32541486620903015,1
11050,11081,0.32541486620903015,0.32541486620903015,1
11700,11731,0.32541486620903015,0.32541486620903015,1
12200,12231,0.32541486620903015,0.32541486620903015,1
12800,12831,0.32541486620903015,0.32541486620903015,1
13500,13531,0.32541486620903015,0.32541486620903015,1
7750,7781,0.32541486620903015,0.32541486620903015,1
7700,7731,0.32541486620903015,0.32541486620903015,1
7650,7681,0.32541486620903015,0.32541486620903015,1
1850,1881,0.32541486620903015,0.32541486620903015,1
7000,7031,0.32541486620903015,0.32541486620903015,1
0,31,0.32541486620903015,0.32541486620903015,1
400,431,0.32541486620903015,0.32541486620903015,1
850,881,0.32541486620903015,0.32541486620903015,1
1150,1181,0.32541486620903015,0.32541486620903015,1
1500,1531,0.32541486620903015,0.32541486620903015,1
950,981,0.32541486620903015,0.32541486620903015,1
3600,3631,0.32541486620903015,0.32541486620903015,1
5700,5731,0.32541486620903015,0.32541486620903015,1
5750,5781,0.32541486620903015,0.32541486620903015,1
6000,6031,0.32541486620903015,0.32541486620903015,1
6500,6531,0.32541486620903015,0.32541486620903015,1
6700,6731,0.32541486620903015,0.32541486620903015,1
11000,11014,0.3185757100582123,0.3185757100582123,1
8550,8564,0.3185757100582123,0.3185757100582123,1
8650,8664,0.3185757100582123,0.3185757100582123,1
9400,9414,0.3185757100582123,0.3185757100582123,1
9900,9914,0.3185757100582123,0.3185757100582123,1
10050,10064,0.3185757100582123,0.3185757100582123,1
10450,10464,0.3185757100582123,0.3185757100582123,1
7700,7714,0.3185757100582123,0.3185757100582123,1
11050,11064,0.3185757100582123,0.3185757100582123,1
11600,11614,0.3185757100582123,0.3185757100582123,1
11700,11714,0.3185757100582123,0.3185757100582123,1
12200,12214,0.3185757100582123,0.3185757100582123,1
12800,12814,0.3185757100582123,0.3185757100582123,1
13500,13514,0.3185757100582123,0.3185757100582123,1
7750,7764,0.3185757100582123,0.3185757100582123,1
3600,3614,0.3185757100582123,0.3185757100582123,1
7650,7664,0.3185757100582123,0.3185757100582123,1
1850,1864,0.3185757100582123,0.3185757100582123,1
7000,7014,0.3185757100582123,0.3185757100582123,1
400,414,0.3185757100582123,0.3185757100582123,1
850,864,0.3185757100582123,0.3185757100582123,1
950,964,0.3185757100582123,0.3185757100582123,1
1500,1514,0.3185757100582123,0.3185757100582123,1
1150,1164,0.3185757100582123,0.3185757100582123,1
0,14,0.3185757100582123,0.3185757100582123,1
5700,5714,0.3185757100582123,0.3185757100582123,1
5750,5764,0.3185757100582123,0.3185757100582123,1
6000,6014,0.3185757100582123,0.3185757100582123,1
6500,6514,0.3185757100582123,0.3185757100582123,1
6700,6714,0.3185757100582123,0.3185757100582123,1
10450,10465,0.3183000385761261,0.3183000385761261,1
8550,8565,0.3183000385761261,0.3183000385761261,1
8650,8665,0.3183000385761261,0.3183000385761261,1
9400,9415,0.3183000385761261,0.3183000385761261,1
9900,9915,0.3183000385761261,0.3183000385761261,1
10050,10065,0.3183000385761261,0.3183000385761261,1
13500,13515,0.3183000385761261,0.3183000385761261,1
11000,11015,0.3183000385761261,0.3183000385761261,1
11050,11065,0.3183000385761261,0.3183000385761261,1
11600,11615,0.3183000385761261,0.3183000385761261,1
11700,11715,0.3183000385761261,0.3183000385761261,1
12200,12215,0.3183000385761261,0.3183000385761261,1
12800,12815,0.3183000385761261,0.3183000385761261,1
7750,7765,0.3183000385761261,0.3183000385761261,1
7700,7715,0.3183000385761261,0.3183000385761261,1
7650,7665,0.3183000385761261,0.3183000385761261,1
1850,1865,0.3183000385761261,0.3183000385761261,1
7000,7015,0.3183000385761261,0.3183000385761261,1
400,415,0.3183000385761261,0.3183000385761261,1
850,865,0.3183000385761261,0.3183000385761261,1
950,965,0.3183000385761261,0.3183000385761261,1
1150,1165,0.3183000385761261,0.3183000385761261,1
1500,1515,0.3183000385761261,0.3183000385761261,1
0,15,0.3183000385761261,0.3183000385761261,1
3600,3615,0.3183000385761261,0.3183000385761261,1
5750,5765,0.3183000385761261,0.3183000385761261,1
6000,6015,0.3183000385761261,0.3183000385761261,1
6500,6515,0.3183000385761261,0.3183000385761261,1
6700,6715,0.3183000385761261,0.3183000385761261,1
5700,5715,0.3183000385761261,0.3183000385761261,1
10450,10471,0.3123025894165039,0.3123025894165039,1
8550,8571,0.3123025894165039,0.3123025894165039,1
8650,8671,0.3123025894165039,0.3123025894165039,1
9400,9421,0.3123025894165039,0.3123025894165039,1
9900,9921,0.3123025894165039,0.3123025894165039,1
10050,10071,0.3123025894165039,0.3123025894165039,1
11600,11621,0.3123025894165039,0.3123025894165039,1
11000,11021,0.3123025894165039,0.3123025894165039,1
11050,11071,0.3123025894165039,0.3123025894165039,1
11700,11721,0.3123025894165039,0.3123025894165039,1
12200,12221,0.3123025894165039,0.3123025894165039,1
12800,12821,0.3123025894165039,0.3123025894165039,1
13500,13521,0.3123025894165039,0.3123025894165039,1
7750,7771,0.3123025894165039,0.3123025894165039,1
7700,7721,0.3123025894165039,0.3123025894165039,1
7650,7671,0.3123025894165039,0.3123025894165039,1
1850,1871,0.3123025894165039,0.3123025894165039,1
0,21,0.3123025894165039,0.3123025894165039,1
400,421,0.3123025894165039,0.3123025894165039,1
850,871,0.3123025894165039,0.3123025894165039,1
950,971,0.3123025894165039,0.3123025894165039,1
1150,1171,0.3123025894165039,0.3123025894165039,1
1500,1521,0.3123025894165039,0.3123025894165039,1
7000,7021,0.3123025894165039,0.3123025894165039,1
3600,3621,0.3123025894165039,0.3123025894165039,1
5750,5771,0.3123025894165039,0.3123025894165039,1
6000,6021,0.3123025894165039,0.3123025894165039,1
6500,6521,0.3123025894165039,0.3123025894165039,1
6700,6721,0.3123025894165039,0.3123025894165039,1
5700,5721,0.3123025894165039,0.3123025894165039,1
10450,10477,0.3118210434913635,0.3118210434913635,1
7750,7777,0.3118210434913635,0.3118210434913635,1
8550,8577,0.3118210434913635,0.3118210434913635,1
8650,8677,0.3118210434913635,0.3118210434913635,1
9400,9427,0.3118210434913635,0.3118210434913635,1
9900,9927,0.3118210434913635,0.3118210434913635,1
10050,10077,0.3118210434913635,0.3118210434913635,1
11600,11627,0.3118210434913635,0.3118210434913635,1
11000,11027,0.3118210434913635,0.3118210434913635,1
11050,11077,0.3118210434913635,0.3118210434913635,1
11700,11727,0.3118210434913635,0.3118210434913635,1
12200,12227,0.3118210434913635,0.3118210434913635,1
12800,12827,0.3118210434913635,0.3118210434913635,1
7700,7727,0.3118210434913635,0.3118210434913635,1
13500,13527,0.3118210434913635,0.3118210434913635,1
7650,7677,0.3118210434913635,0.3118210434913635,1
7000,7027,0.3118210434913635,0.3118210434913635,1
1500,1527,0.3118210434913635,0.3118210434913635,1
6700,6727,0.3118210434913635,0.3118210434913635,1
0,27,0.3118210434913635,0.3118210434913635,1
400,427,0.3118210434913635,0.3118210434913635,1
850,877,0.3118210434913635,0.3118210434913635,1
1150,1177,0.3118210434913635,0.3118210434913635,1
950,977,0.3118210434913635,0.3118210434913635,1
1850,1877,0.3118210434913635,0.3118210434913635,1
3600,3627,0.3118210434913635,0.3118210434913635,1
5700,5727,0.3118210434913635,0.3118210434913635,1
5750,5777,0.3118210434913635,0.3118210434913635,1
6000,6027,0.3118210434913635,0.3118210434913635,1
6500,6527,0.3118210434913635,0.3118210434913635,1
10450,10459,0.3110837936401367,0.3110837936401367,1
8550,8559,0.3110837936401367,0.3110837936401367,1
8650,8659,0.3110837936401367,0.3110837936401367,1
9400,9409,0.3110837936401367,0.3110837936401367,1
9900,9909,0.3110837936401367,0.3110837936401367,1
10050,10059,0.3110837936401367,0.3110837936401367,1
13500,13509,0.3110837936401367,0.3110837936401367,1
11000,11009,0.3110837936401367,0.3110837936401367,1
11050,11059,0.3110837936401367,0.3110837936401367,1
11600,11609,0.3110837936401367,0.3110837936401367,1
11700,11709,0.3110837936401367,0.3110837936401367,1
12200,12209,0.3110837936401367,0.3110837936401367,1
12800,12809,0.3110837936401367,0.3110837936401367,1
7750,7759,0.3110837936401367,0.3110837936401367,1
7700,7709,0.3110837936401367,0.3110837936401367,1
7650,7659,0.3110837936401367,0.3110837936401367,1
1850,1859,0.3110837936401367,0.3110837936401367,1
0,9,0.3110837936401367,0.3110837936401367,1
400,409,0.3110837936401367,0.3110837936401367,1
850,859,0.3110837936401367,0.3110837936401367,1
950,959,0.3110837936401367,0.3110837936401367,1
1150,1159,0.3110837936401367,0.3110837936401367,1
1500,1509,0.3110837936401367,0.3110837936401367,1
7000,7009,0.3110837936401367,0.3110837936401367,1
3600,3609,0.3110837936401367,0.3110837936401367,1
5750,5759,0.3110837936401367,0.3110837936401367,1
6000,6009,0.3110837936401367,0.3110837936401367,1
6500,6509,0.3110837936401367,0.3110837936401367,1
6700,6709,0.3110837936401367,0.3110837936401367,1
5700,5709,0.3110837936401367,0.3110837936401367,1
11000,11023,0.31073758006095886,0.31073758006095886,1
8550,8573,0.31073758006095886,0.31073758006095886,1
8650,8673,0.31073758006095886,0.31073758006095886,1
9900,9923,0.31073758006095886,0.31073758006095886,1
10050,10073,0.31073758006095886,0.31073758006095886,1
10450,10473,0.31073758006095886,0.31073758006095886,1
11600,11623,0.31073758006095886,0.31073758006095886,1
11050,11073,0.31073758006095886,0.31073758006095886,1
7650,7673,0.31073758006095886,0.31073758006095886,1
11700,11723,0.31073758006095886,0.31073758006095886,1
12200,12223,0.31073758006095886,0.31073758006095886,1
12800,12823,0.31073758006095886,0.31073758006095886,1
13500,13523,0.31073758006095886,0.31073758006095886,1
7750,7773,0.31073758006095886,0.31073758006095886,1
9400,9423,0.31073758006095886,0.31073758006095886,1
7700,7723,0.31073758006095886,0.31073758006095886,1
1850,1873,0.31073758006095886,0.31073758006095886,1
7000,7023,0.31073758006095886,0.31073758006095886,1
0,23,0.31073758006095886,0.31073758006095886,1
400,423,0.31073758006095886,0.31073758006095886,1
850,873,0.31073758006095886,0.31073758006095886,1
1150,1173,0.31073758006095886,0.31073758006095886,1
1500,1523,0.31073758006095886,0.31073758006095886,1
950,973,0.31073758006095886,0.31073758006095886,1
3600,3623,0.31073758006095886,0.31073758006095886,1
5700,5723,0.31073758006095886,0.31073758006095886,1
5750,5773,0.31073758006095886,0.31073758006095886,1
6000,6023,0.31073758006095886,0.31073758006095886,1
6500,6523,0.31073758006095886,0.31073758006095886,1
6700,6723,0.31073758006095886,0.31073758006095886,1
10450,10461,0.31065651774406433,0.31065651774406433,1
7750,7761,0.31065651774406433,0.31065651774406433,1
8550,8561,0.31065651774406433,0.31065651774406433,1
8650,8661,0.31065651774406433,0.31065651774406433,1
9400,9411,0.31065651774406433,0.31065651774406433,1
9900,9911,0.31065651774406433,0.31065651774406433,1
10050,10061,0.31065651774406433,0.31065651774406433,1
7700,7711,0.31065651774406433,0.31065651774406433,1
11000,11011,0.31065651774406433,0.31065651774406433,1
11050,11061,0.31065651774406433,0.31065651774406433,1
11600,11611,0.31065651774406433,0.31065651774406433,1
11700,11711,0.31065651774406433,0.31065651774406433,1
12200,12211,0.31065651774406433,0.31065651774406433,1
12800,12811,0.31065651774406433,0.31065651774406433,1
13500,13511,0.31065651774406433,0.31065651774406433,1
7650,7661,0.31065651774406433,0.31065651774406433,1
7000,7011,0.31065651774406433,0.31065651774406433,1
1500,1511,0.31065651774406433,0.31065651774406433,1
6700,6711,0.31065651774406433,0.31065651774406433,1
0,11,0.31065651774406433,0.31065651774406433,1
400,411,0.31065651774406433,0.31065651774406433,1
850,861,0.31065651774406433,0.31065651774406433,1
1150,1161,0.31065651774406433,0.31065651774406433,1
950,961,0.31065651774406433,0.31065651774406433,1
1850,1861,0.31065651774406433,0.31065651774406433,1
3600,3611,0.31065651774406433,0.31065651774406433,1
5700,5711,0.31065651774406433,0.31065651774406433,1
5750,5761,0.31065651774406433,0.31065651774406433,1
6000,6011,0.31065651774406433,0.31065651774406433,1
6500,6511,0.31065651774406433,0.31065651774406433,1
10450,10451,0.3088400065898895,0.3088400065898895,1
8550,8551,0.3088400065898895,0.3088400065898895,1
8650,8651,0.3088400065898895,0.3088400065898895,1
9400,9401,0.3088400065898895,0.3088400065898895,1
9900,9901,0.3088400065898895,0.3088400065898895,1
10050,10051,0.3088400065898895,0.3088400065898895,1
13500,13501,0.3088400065898895,0.3088400065898895,1
11000,11001,0.3088400065898895,0.3088400065898895,1
11050,11051,0.3088400065898895,0.3088400065898895,1
11600,11601,0.3088400065898895,0.3088400065898895,1
11700,11701,0.3088400065898895,0.3088400065898895,1
12200,12201,0.3088400065898895,0.3088400065898895,1
12800,12801,0.3088400065898895,0.3088400065898895,1
7750,7751,0.3088400065898895,0.3088400065898895,1
7700,7701,0.3088400065898895,0.3088400065898895,1
7650,7651,0.3088400065898895,0.3088400065898895,1
1850,1851,0.3088400065898895,0.3088400065898895,1
7000,7001,0.3088400065898895,0.3088400065898895,1
400,401,0.3088400065898895,0.3088400065898895,1
850,851,0.3088400065898895,0.3088400065898895,1
950,951,0.3088400065898895,0.3088400065898895,1
1150,1151,0.3088400065898895,0.3088400065898895,1
1500,1501,0.3088400065898895,0.3088400065898895,1
0,1,0.3088400065898895,0.3088400065898895,1
3600,3601,0.3088400065898895,0.3088400065898895,1
5750,5751,0.3088400065898895,0.3088400065898895,1
6000,6001,0.3088400065898895,0.3088400065898895,1
6500,6501,0.3088400065898895,0.3088400065898895,1
6700,6701,0.3088400065898895,0.3088400065898895,1
5700,5701,0.3088400065898895,0.3088400065898895,1
11000,11020,0.3086599111557007,0.3086599111557007,1
8550,8570,0.3086599111557007,0.3086599111557007,1
8650,8670,0.3086599111557007,0.3086599111557007,1
9400,9420,0.3086599111557007,0.3086599111557007,1
9900,9920,0.3086599111557007,0.3086599111557007,1
10050,10070,0.3086599111557007,0.3086599111557007,1
11700,11720,0.3086599111557007,0.3086599111557007,1
11050,11070,0.3086599111557007,0.3086599111557007,1
11600,11620,0.3086599111557007,0.3086599111557007,1
12200,12220,0.3086599111557007,0.3086599111557007,1
12800,12820,0.3086599111557007,0.3086599111557007,1
13500,13520,0.3086599111557007,0.3086599111557007,1
7700,7720,0.3086599111557007,0.3086599111557007,1
7750,7770,0.3086599111557007,0.3086599111557007,1
10450,10470,0.3086599111557007,0.3086599111557007,1
7650,7670,0.3086599111557007,0.3086599111557007,1
3600,3620,0.3086599111557007,0.3086599111557007,1
7000,7020,0.3086599111557007,0.3086599111557007,1
850,870,0.3086599111557007,0.3086599111557007,1
950,970,0.3086599111557007,0.3086599111557007,1
1150,1170,0.3086599111557007,0.3086599111557007,1
1500,1520,0.3086599111557007,0.3086599111557007,1
1850,1870,0.3086599111557007,0.3086599111557007,1
400,420,0.3086599111557007,0.3086599111557007,1
0,20,0.3086599111557007,0.3086599111557007,1
5750,5770,0.3086599111557007,0.3086599111557007,1
6000,6020,0.3086599111557007,0.3086599111557007,1
6500,6520,0.3086599111557007,0.3086599111557007,1
6700,6720,0.3086599111557007,0.3086599111557007,1
5700,5720,0.3086599111557007,0.3086599111557007,1
11000,11037,0.3085345923900604,0.3085345923900604,1
8650,8687,0.3085345923900604,0.3085345923900604,1
9400,9437,0.3085345923900604,0.3085345923900604,1
9900,9937,0.3085345923900604,0.3085345923900604,1
10050,10087,0.3085345923900604,0.3085345923900604,1
10450,10487,0.3085345923900604,0.3085345923900604,1
11700,11737,0.3085345923900604,0.3085345923900604,1
11050,11087,0.3085345923900604,0.3085345923900604,1
11600,11637,0.3085345923900604,0.3085345923900604,1
12200,12237,0.3085345923900604,0.3085345923900604,1
12800,12837,0.3085345923900604,0.3085345923900604,1
13500,13537,0.3085345923900604,0.3085345923900604,1
7750,7787,0.3085345923900604,0.3085345923900604,1
8550,8587,0.3085345923900604,0.3085345923900604,1
7700,7737,0.3085345923900604,0.3085345923900604,1
0,37,0.3085345923900604,0.3085345923900604,1
3600,3637,0.3085345923900604,0.3085345923900604,1
7650,7687,0.3085345923900604,0.3085345923900604,1
400,437,0.3085345923900604,0.3085345923900604,1
850,887,0.3085345923900604,0.3085345923900604,1
950,987,0.3085345923900604,0.3085345923900604,1
1500,1537,0.3085345923900604,0.3085345923900604,1
1850,1887,0.3085345923900604,0.3085345923900604,1
1150,1187,0.3085345923900604,0.3085345923900604,1
5700,5737,0.3085345923900604,0.3085345923900604,1
5750,5787,0.3085345923900604,0.3085345923900604,1
6000,6037,0.3085345923900604,0.3085345923900604,1
6500,6537,0.3085345923900604,0.3085345923900604,1
6700,6737,0.3085345923900604,0.3085345923900604,1
7000,7037,0.3085345923900604,0.3085345923900604,1
11000,11034,0.30775418877601624,0.30775418877601624,1
8550,8584,0.30775418877601624,0.30775418877601624,1
8650,8684,0.30775418877601624,0.30775418877601624,1
9400,9434,0.30775418877601624,0.30775418877601624,1
9900,9934,0.30775418877601624,0.30775418877601624,1
10050,10084,0.30775418877601624,0.30775418877601624,1
10450,10484,0.30775418877601624,0.30775418877601624,1
7700,7734,0.30775418877601624,0.30775418877601624,1
11050,11084,0.30775418877601624,0.30775418877601624,1
11600,11634,0.30775418877601624,0.30775418877601624,1
11700,11734,0.30775418877601624,0.30775418877601624,1
12200,12234,0.30775418877601624,0.30775418877601624,1
12800,12834,0.30775418877601624,0.30775418877601624,1
13500,13534,0.30775418877601624,0.30775418877601624,1
7750,7784,0.30775418877601624,0.30775418877601624,1
0,34,0.30775418877601624,0.30775418877601624,1
7650,7684,0.30775418877601624,0.30775418877601624,1
1850,1884,0.30775418877601624,0.30775418877601624,1
7000,7034,0.30775418877601624,0.30775418877601624,1
400,434,0.30775418877601624,0.30775418877601624,1
850,884,0.30775418877601624,0.30775418877601624,1
950,984,0.30775418877601624,0.30775418877601624,1
1500,1534,0.30775418877601624,0.30775418877601624,1
1150,1184,0.30775418877601624,0.30775418877601624,1
3600,3634,0.30775418877601624,0.30775418877601624,1
5700,5734,0.30775418877601624,0.30775418877601624,1
5750,5784,0.30775418877601624,0.30775418877601624,1
6000,6034,0.30775418877601624,0.30775418877601624,1
6500,6534,0.30775418877601624,0.30775418877601624,1
6700,6734,0.30775418877601624,0.30775418877601624,1
11000,11010,0.3057876229286194,0.3057876229286194,1
8550,8560,0.3057876229286194,0.3057876229286194,1
8650,8660,0.3057876229286194,0.3057876229286194,1
9400,9410,0.3057876229286194,0.3057876229286194,1
9900,9910,0.3057876229286194,0.3057876229286194,1
10050,10060,0.3057876229286194,0.3057876229286194,1
10450,10460,0.3057876229286194,0.3057876229286194,1
7700,7710,0.3057876229286194,0.3057876229286194,1
11050,11060,0.3057876229286194,0.3057876229286194,1
11600,11610,0.3057876229286194,0.3057876229286194,1
11700,11710,0.3057876229286194,0.3057876229286194,1
12200,12210,0.3057876229286194,0.3057876229286194,1
12800,12810,0.3057876229286194,0.3057876229286194,1
13500,13510,0.3057876229286194,0.3057876229286194,1
7750,7760,0.3057876229286194,0.3057876229286194,1
0,10,0.3057876229286194,0.3057876229286194,1
7650,7660,0.3057876229286194,0.3057876229286194,1
1850,1860,0.3057876229286194,0.3057876229286194,1
7000,7010,0.3057876229286194,0.3057876229286194,1
400,410,0.3057876229286194,0.3057876229286194,1
850,860,0.3057876229286194,0.3057876229286194,1
950,960,0.3057876229286194,0.3057876229286194,1
1500,1510,0.3057876229286194,0.3057876229286194,1
1150,1160,0.3057876229286194,0.3057876229286194,1
3600,3610,0.3057876229286194,0.3057876229286194,1
5700,5710,0.3057876229286194,0.3057876229286194,1
5750,5760,0.3057876229286194,0.3057876229286194,1
6000,6010,0.3057876229286194,0.3057876229286194,1
6500,6510,0.3057876229286194,0.3057876229286194,1
6700,6710,0.3057876229286194,0.3057876229286194,1
10450,10475,0.30184298753738403,0.30184298753738403,1
8550,8575,0.30184298753738403,0.30184298753738403,1
8650,8675,0.30184298753738403,0.30184298753738403,1
9400,9425,0.30184298753738403,0.30184298753738403,1
9900,9925,0.30184298753738403,0.30184298753738403,1
10050,10075,0.30184298753738403,0.30184298753738403,1
13500,13525,0.30184298753738403,0.30184298753738403,1
11000,11025,0.30184298753738403,0.30184298753738403,1
11050,11075,0.30184298753738403,0.30184298753738403,1
11600,11625,0.30184298753738403,0.30184298753738403,1
11700,11725,0.30184298753738403,0.30184298753738403,1
12200,12225,0.30184298753738403,0.30184298753738403,1
12800,12825,0.30184298753738403,0.30184298753738403,1
7750,7775,0.30184298753738403,0.30184298753738403,1
7700,7725,0.30184298753738403,0.30184298753738403,1
7650,7675,0.30184298753738403,0.30184298753738403,1
1850,1875,0.30184298753738403,0.30184298753738403,1
7000,7025,0.30184298753738403,0.30184298753738403,1
0,25,0.30184298753738403,0.30184298753738403,1
400,425,0.30184298753738403,0.30184298753738403,1
850,875,0.30184298753738403,0.30184298753738403,1
1150,1175,0.30184298753738403,0.30184298753738403,1
1500,1525,0.30184298753738403,0.30184298753738403,1
950,975,0.30184298753738403,0.30184298753738403,1
3600,3625,0.30184298753738403,0.30184298753738403,1
5700,5725,0.30184298753738403,0.30184298753738403,1
5750,5775,0.30184298753738403,0.30184298753738403,1
6000,6025,0.30184298753738403,0.30184298753738403,1
6500,6525,0.30184298753738403,0.30184298753738403,1
6700,6725,0.30184298753738403,0.30184298753738403,1
11000,11041,0.3007577359676361,0.3007577359676361,1
8550,8591,0.3007577359676361,0.3007577359676361,1
8650,8691,0.3007577359676361,0.3007577359676361,1
9400,9441,0.3007577359676361,0.3007577359676361,1
9900,9941,0.3007577359676361,0.3007577359676361,1
10050,10091,0.3007577359676361,0.3007577359676361,1
10450,10491,0.3007577359676361,0.3007577359676361,1
7700,7741,0.3007577359676361,0.3007577359676361,1
11050,11091,0.3007577359676361,0.3007577359676361,1
11600,11641,0.3007577359676361,0.3007577359676361,1
11700,11741,0.3007577359676361,0.3007577359676361,1
12200,12241,0.3007577359676361,0.3007577359676361,1
12800,12841,0.3007577359676361,0.3007577359676361,1
13500,13541,0.3007577359676361,0.3007577359676361,1
7750,7791,0.3007577359676361,0.3007577359676361,1
0,41,0.3007577359676361,0.3007577359676361,1
7650,7691,0.3007577359676361,0.3007577359676361,1
1850,1891,0.3007577359676361,0.3007577359676361,1
7000,7041,0.3007577359676361,0.3007577359676361,1
400,441,0.3007577359676361,0.3007577359676361,1
850,891,0.3007577359676361,0.3007577359676361,1
950,991,0.3007577359676361,0.3007577359676361,1
1500,1541,0.3007577359676361,0.3007577359676361,1
1150,1191,0.3007577359676361,0.3007577359676361,1
3600,3641,0.3007577359676361,0.3007577359676361,1
5700,5741,0.3007577359676361,0.3007577359676361,1
5750,5791,0.3007577359676361,0.3007577359676361,1
6000,6041,0.3007577359676361,0.3007577359676361,1
6500,6541,0.3007577359676361,0.3007577359676361,1
6700,6741,0.3007577359676361,0.3007577359676361,1
10450,10456,0.30050069093704224,0.30050069093704224,1
8550,8556,0.30050069093704224,0.30050069093704224,1
8650,8656,0.30050069093704224,0.30050069093704224,1
9400,9406,0.30050069093704224,0.30050069093704224,1
9900,9906,0.30050069093704224,0.30050069093704224,1
10050,10056,0.30050069093704224,0.30050069093704224,1
13500,13506,0.30050069093704224,0.30050069093704224,1
11000,11006,0.30050069093704224,0.30050069093704224,1
11050,11056,0.30050069093704224,0.30050069093704224,1
11600,11606,0.30050069093704224,0.30050069093704224,1
11700,11706,0.30050069093704224,0.30050069093704224,1
12200,12206,0.30050069093704224,0.30050069093704224,1
12800,12806,0.30050069093704224,0.30050069093704224,1
7750,7756,0.30050069093704224,0.30050069093704224,1
7700,7706,0.30050069093704224,0.30050069093704224,1
7650,7656,0.30050069093704224,0.30050069093704224,1
1850,1856,0.30050069093704224,0.30050069093704224,1
7000,7006,0.30050069093704224,0.30050069093704224,1
400,406,0.30050069093704224,0.30050069093704224,1
850,856,0.30050069093704224,0.30050069093704224,1
950,956,0.30050069093704224,0.30050069093704224,1
1150,1156,0.30050069093704224,0.30050069093704224,1
1500,1506,0.30050069093704224,0.30050069093704224,1
0,6,0.30050069093704224,0.30050069093704224,1
3600,3606,0.30050069093704224,0.30050069093704224,1
5750,5756,0.30050069093704224,0.30050069093704224,1
6000,6006,0.30050069093704224,0.30050069093704224,1
6500,6506,0.30050069093704224,0.30050069093704224,1
6700,6706,0.30050069093704224,0.30050069093704224,1
5700,5706,0.30050069093704224,0.30050069093704224,1
10450,10467,0.29777899384498596,0.29777899384498596,1
8550,8567,0.29777899384498596,0.29777899384498596,1
8650,8667,0.29777899384498596,0.29777899384498596,1
9400,9417,0.29777899384498596,0.29777899384498596,1
9900,9917,0.29777899384498596,0.29777899384498596,1
10050,10067,0.29777899384498596,0.29777899384498596,1
11600,11617,0.29777899384498596,0.29777899384498596,1
11000,11017,0.29777899384498596,0.29777899384498596,1
11050,11067,0.29777899384498596,0.29777899384498596,1
11700,11717,0.29777899384498596,0.29777899384498596,1
12200,12217,0.29777899384498596,0.29777899384498596,1
12800,12817,0.29777899384498596,0.29777899384498596,1
13500,13517,0.29777899384498596,0.29777899384498596,1
7750,7767,0.29777899384498596,0.29777899384498596,1
7700,7717,0.29777899384498596,0.29777899384498596,1
7650,7667,0.29777899384498596,0.29777899384498596,1
1850,1867,0.29777899384498596,0.29777899384498596,1
7000,7017,0.29777899384498596,0.29777899384498596,1
400,417,0.29777899384498596,0.29777899384498596,1
850,867,0.29777899384498596,0.29777899384498596,1
950,967,0.29777899384498596,0.29777899384498596,1
1150,1167,0.29777899384498596,0.29777899384498596,1
1500,1517,0.29777899384498596,0.29777899384498596,1
0,17,0.29777899384498596,0.29777899384498596,1
3600,3617,0.29777899384498596,0.29777899384498596,1
5750,5767,0.29777899384498596,0.29777899384498596,1
6000,6017,0.29777899384498596,0.29777899384498596,1
6500,6517,0.29777899384498596,0.29777899384498596,1
6700,6717,0.29777899384498596,0.29777899384498596,1
5700,5717,0.29777899384498596,0.29777899384498596,1
10450,10489,0.29769816994667053,0.29769816994667053,1
8550,8589,0.29769816994667053,0.29769816994667053,1
8650,8689,0.29769816994667053,0.29769816994667053,1
9400,9439,0.29769816994667053,0.29769816994667053,1
9900,9939,0.29769816994667053,0.29769816994667053,1
10050,10089,0.29769816994667053,0.29769816994667053,1
11600,11639,0.29769816994667053,0.29769816994667053,1
11000,11039,0.29769816994667053,0.29769816994667053,1
11050,11089,0.29769816994667053,0.29769816994667053,1
11700,11739,0.29769816994667053,0.29769816994667053,1
12200,12239,0.29769816994667053,0.29769816994667053,1
12800,12839,0.29769816994667053,0.29769816994667053,1
13500,13539,0.29769816994667053,0.29769816994667053,1
7750,7789,0.29769816994667053,0.29769816994667053,1
7700,7739,0.29769816994667053,0.29769816994667053,1
7650,7689,0.29769816994667053,0.29769816994667053,1
1850,1889,0.29769816994667053,0.29769816994667053,1
7000,7039,0.29769816994667053,0.29769816994667053,1
0,39,0.29769816994667053,0.29769816994667053,1
400,439,0.29769816994667053,0.29769816994667053,1
850,889,0.29769816994667053,0.29769816994667053,1
1150,1189,0.29769816994667053,0.29769816994667053,1
1500,1539,0.29769816994667053,0.29769816994667053,1
950,989,0.29769816994667053,0.29769816994667053,1
3600,3639,0.29769816994667053,0.29769816994667053,1
5700,5739,0.29769816994667053,0.29769816994667053,1
5750,5789,0.29769816994667053,0.29769816994667053,1
6000,6039,0.29769816994667053,0.29769816994667053,1
6500,6539,0.29769816994667053,0.29769816994667053,1
6700,6739,0.29769816994667053,0.29769816994667053,1
11000,11002,0.29713284969329834,0.29713284969329834,1
8550,8552,0.29713284969329834,0.29713284969329834,1
8650,8652,0.29713284969329834,0.29713284969329834,1
9400,9402,0.29713284969329834,0.29713284969329834,1
9900,9902,0.29713284969329834,0.29713284969329834,1
10050,10052,0.29713284969329834,0.29713284969329834,1
10450,10452,0.29713284969329834,0.29713284969329834,1
7700,7702,0.29713284969329834,0.29713284969329834,1
11050,11052,0.29713284969329834,0.29713284969329834,1
11600,11602,0.29713284969329834,0.29713284969329834,1
11700,11702,0.29713284969329834,0.29713284969329834,1
12200,12202,0.29713284969329834,0.29713284969329834,1
12800,12802,0.29713284969329834,0.29713284969329834,1
13500,13502,0.29713284969329834,0.29713284969329834,1
7750,7752,0.29713284969329834,0.29713284969329834,1
0,2,0.29713284969329834,0.29713284969329834,1
7650,7652,0.29713284969329834,0.29713284969329834,1
1850,1852,0.29713284969329834,0.29713284969329834,1
7000,7002,0.29713284969329834,0.29713284969329834,1
400,402,0.29713284969329834,0.29713284969329834,1
850,852,0.29713284969329834,0.29713284969329834,1
950,952,0.29713284969329834,0.29713284969329834,1
1500,1502,0.29713284969329834,0.29713284969329834,1
1150,1152,0.29713284969329834,0.29713284969329834,1
3600,3602,0.29713284969329834,0.29713284969329834,1
5700,5702,0.29713284969329834,0.29713284969329834,1
5750,5752,0.29713284969329834,0.29713284969329834,1
6000,6002,0.29713284969329834,0.29713284969329834,1
6500,6502,0.29713284969329834,0.29713284969329834,1
6700,6702,0.29713284969329834,0.29713284969329834,1
10450,10494,0.29309791326522827,0.29309791326522827,1
8550,8594,0.29309791326522827,0.29309791326522827,1
8650,8694,0.29309791326522827,0.29309791326522827,1
9400,9444,0.29309791326522827,0.29309791326522827,1
9900,9944,0.29309791326522827,0.29309791326522827,1
10050,10094,0.29309791326522827,0.29309791326522827,1
13500,13544,0.29309791326522827,0.29309791326522827,1
11000,11044,0.29309791326522827,0.29309791326522827,1
11050,11094,0.29309791326522827,0.29309791326522827,1
11600,11644,0.29309791326522827,0.29309791326522827,1
11700,11744,0.29309791326522827,0.29309791326522827,1
12200,12244,0.29309791326522827,0.29309791326522827,1
12800,12844,0.29309791326522827,0.29309791326522827,1
7750,7794,0.29309791326522827,0.29309791326522827,1
7700,7744,0.29309791326522827,0.29309791326522827,1
7650,7694,0.29309791326522827,0.29309791326522827,1
1850,1894,0.29309791326522827,0.29309791326522827,1
7000,7044,0.29309791326522827,0.29309791326522827,1
400,444,0.29309791326522827,0.29309791326522827,1
850,894,0.29309791326522827,0.29309791326522827,1
950,994,0.29309791326522827,0.29309791326522827,1
1150,1194,0.29309791326522827,0.29309791326522827,1
1500,1544,0.29309791326522827,0.29309791326522827,1
0,44,0.29309791326522827,0.29309791326522827,1
3600,3644,0.29309791326522827,0.29309791326522827,1
5750,5794,0.29309791326522827,0.29309791326522827,1
6000,6044,0.29309791326522827,0.29309791326522827,1
6500,6544,0.29309791326522827,0.29309791326522827,1
6700,6744,0.29309791326522827,0.29309791326522827,1
5700,5744,0.29309791326522827,0.29309791326522827,1
10450,10476,0.29279354214668274,0.29279354214668274,1
8550,8576,0.29279354214668274,0.29279354214668274,1
8650,8676,0.29279354214668274,0.29279354214668274,1
9400,9426,0.29279354214668274,0.29279354214668274,1
9900,9926,0.29279354214668274,0.29279354214668274,1
10050,10076,0.29279354214668274,0.29279354214668274,1
11600,11626,0.29279354214668274,0.29279354214668274,1
11000,11026,0.29279354214668274,0.29279354214668274,1
11050,11076,0.29279354214668274,0.29279354214668274,1
11700,11726,0.29279354214668274,0.29279354214668274,1
12200,12226,0.29279354214668274,0.29279354214668274,1
12800,12826,0.29279354214668274,0.29279354214668274,1
13500,13526,0.29279354214668274,0.29279354214668274,1
7750,7776,0.29279354214668274,0.29279354214668274,1
7700,7726,0.29279354214668274,0.29279354214668274,1
7650,7676,0.29279354214668274,0.29279354214668274,1
1850,1876,0.29279354214668274,0.29279354214668274,1
0,26,0.29279354214668274,0.29279354214668274,1
400,426,0.29279354214668274,0.29279354214668274,1
850,876,0.29279354214668274,0.29279354214668274,1
950,976,0.29279354214668274,0.29279354214668274,1
1150,1176,0.29279354214668274,0.29279354214668274,1
1500,1526,0.29279354214668274,0.29279354214668274,1
7000,7026,0.29279354214668274,0.29279354214668274,1
3600,3626,0.29279354214668274,0.29279354214668274,1
5750,5776,0.29279354214668274,0.29279354214668274,1
6000,6026,0.29279354214668274,0.29279354214668274,1
6500,6526,0.29279354214668274,0.29279354214668274,1
6700,6726,0.29279354214668274,0.29279354214668274,1
5700,5726,0.29279354214668274,0.29279354214668274,1
10450,10497,0.29095545411109924,0.29095545411109924,1
7750,7797,0.29095545411109924,0.29095545411109924,1
8550,8597,0.29095545411109924,0.29095545411109924,1
8650,8697,0.29095545411109924,0.29095545411109924,1
9400,9447,0.29095545411109924,0.29095545411109924,1
9900,9947,0.29095545411109924,0.29095545411109924,1
10050,10097,0.29095545411109924,0.29095545411109924,1
11600,11647,0.29095545411109924,0.29095545411109924,1
11000,11047,0.29095545411109924,0.29095545411109924,1
11050,11097,0.29095545411109924,0.29095545411109924,1
11700,11747,0.29095545411109924,0.29095545411109924,1
12200,12247,0.29095545411109924,0.29095545411109924,1
12800,12847,0.29095545411109924,0.29095545411109924,1
7700,7747,0.29095545411109924,0.29095545411109924,1
13500,13547,0.29095545411109924,0.29095545411109924,1
7650,7697,0.29095545411109924,0.29095545411109924,1
7000,7047,0.29095545411109924,0.29095545411109924,1
1500,1547,0.29095545411109924,0.29095545411109924,1
6700,6747,0.29095545411109924,0.29095545411109924,1
0,47,0.29095545411109924,0.29095545411109924,1
400,447,0.29095545411109924,0.29095545411109924,1
850,897,0.29095545411109924,0.29095545411109924,1
1150,1197,0.29095545411109924,0.29095545411109924,1
950,997,0.29095545411109924,0.29095545411109924,1
1850,1897,0.29095545411109924,0.29095545411109924,1
3600,3647,0.29095545411109924,0.29095545411109924,1
5700,5747,0.29095545411109924,0.29095545411109924,1
5750,5797,0.29095545411109924,0.29095545411109924,1
6000,6047,0.29095545411109924,0.29095545411109924,1
6500,6547,0.29095545411109924,0.29095545411109924,1
10450,10486,0.2907981276512146,0.2907981276512146,1
8550,8586,0.2907981276512146,0.2907981276512146,1
8650,8686,0.2907981276512146,0.2907981276512146,1
9400,9436,0.2907981276512146,0.2907981276512146,1
9900,9936,0.2907981276512146,0.2907981276512146,1
10050,10086,0.2907981276512146,0.2907981276512146,1
13500,13536,0.2907981276512146,0.2907981276512146,1
11000,11036,0.2907981276512146,0.2907981276512146,1
11050,11086,0.2907981276512146,0.2907981276512146,1
11600,11636,0.2907981276512146,0.2907981276512146,1
11700,11736,0.2907981276512146,0.2907981276512146,1
12200,12236,0.2907981276512146,0.2907981276512146,1
12800,12836,0.2907981276512146,0.2907981276512146,1
7750,7786,0.2907981276512146,0.2907981276512146,1
7700,7736,0.2907981276512146,0.2907981276512146,1
7650,7686,0.2907981276512146,0.2907981276512146,1
1850,1886,0.2907981276512146,0.2907981276512146,1
0,36,0.2907981276512146,0.2907981276512146,1
400,436,0.2907981276512146,0.2907981276512146,1
850,886,0.2907981276512146,0.2907981276512146,1
950,986,0.2907981276512146,0.2907981276512146,1
1150,1186,0.2907981276512146,0.2907981276512146,1
1500,1536,0.2907981276512146,0.2907981276512146,1
7000,7036,0.2907981276512146,0.2907981276512146,1
3600,3636,0.2907981276512146,0.2907981276512146,1
5750,5786,0.2907981276512146,0.2907981276512146,1
6000,6036,0.2907981276512146,0.2907981276512146,1
6500,6536,0.2907981276512146,0.2907981276512146,1
6700,6736,0.2907981276512146,0.2907981276512146,1
5700,5736,0.2907981276512146,0.2907981276512146,1
10450,10466,0.290556401014328,0.290556401014328,1
7750,7766,0.290556401014328,0.290556401014328,1
8550,8566,0.290556401014328,0.290556401014328,1
8650,8666,0.290556401014328,0.290556401014328,1
9400,9416,0.290556401014328,0.290556401014328,1
9900,9916,0.290556401014328,0.290556401014328,1
10050,10066,0.290556401014328,0.290556401014328,1
11600,11616,0.290556401014328,0.290556401014328,1
11000,11016,0.290556401014328,0.290556401014328,1
11050,11066,0.290556401014328,0.290556401014328,1
11700,11716,0.290556401014328,0.290556401014328,1
12200,12216,0.290556401014328,0.290556401014328,1
12800,12816,0.290556401014328,0.290556401014328,1
7700,7716,0.290556401014328,0.290556401014328,1
13500,13516,0.290556401014328,0.290556401014328,1
7650,7666,0.290556401014328,0.290556401014328,1
7000,7016,0.290556401014328,0.290556401014328,1
1500,1516,0.290556401014328,0.290556401014328,1
6700,6716,0.290556401014328,0.290556401014328,1
0,16,0.290556401014328,0.290556401014328,1
400,416,0.290556401014328,0.290556401014328,1
850,866,0.290556401014328,0.290556401014328,1
1150,1166,0.290556401014328,0.290556401014328,1
950,966,0.290556401014328,0.290556401014328,1
1850,1866,0.290556401014328,0.290556401014328,1
3600,3616,0.290556401014328,0.290556401014328,1
5700,5716,0.290556401014328,0.290556401014328,1
5750,5766,0.290556401014328,0.290556401014328,1
6000,6016,0.290556401014328,0.290556401014328,1
6500,6516,0.290556401014328,0.290556401014328,1
10450,10493,0.288707971572876,0.288707971572876,1
8550,8593,0.288707971572876,0.288707971572876,1
8650,8693,0.288707971572876,0.288707971572876,1
9400,9443,0.288707971572876,0.288707971572876,1
9900,9943,0.288707971572876,0.288707971572876,1
10050,10093,0.288707971572876,0.288707971572876,1
13500,13543,0.288707971572876,0.288707971572876,1
11000,11043,0.288707971572876,0.288707971572876,1
11050,11093,0.288707971572876,0.288707971572876,1
11600,11643,0.288707971572876,0.288707971572876,1
11700,11743,0.288707971572876,0.288707971572876,1
12200,12243,0.288707971572876,0.288707971572876,1
12800,12843,0.288707971572876,0.288707971572876,1
7750,7793,0.288707971572876,0.288707971572876,1
7700,7743,0.288707971572876,0.288707971572876,1
7650,7693,0.288707971572876,0.288707971572876,1
1850,1893,0.288707971572876,0.288707971572876,1
7000,7043,0.288707971572876,0.288707971572876,1
400,443,0.288707971572876,0.288707971572876,1
850,893,0.288707971572876,0.288707971572876,1
950,993,0.288707971572876,0.288707971572876,1
1150,1193,0.288707971572876,0.288707971572876,1
1500,1543,0.288707971572876,0.288707971572876,1
0,43,0.288707971572876,0.288707971572876,1
3600,3643,0.288707971572876,0.288707971572876,1
5750,5793,0.288707971572876,0.288707971572876,1
6000,6043,0.288707971572876,0.288707971572876,1
6500,6543,0.288707971572876,0.288707971572876,1
6700,6743,0.288707971572876,0.288707971572876,1
5700,5743,0.288707971572876,0.288707971572876,1
10450,10472,0.28796571493148804,0.28796571493148804,1
8550,8572,0.28796571493148804,0.28796571493148804,1
8650,8672,0.28796571493148804,0.28796571493148804,1
9400,9422,0.28796571493148804,0.28796571493148804,1
9900,9922,0.28796571493148804,0.28796571493148804,1
10050,10072,0.28796571493148804,0.28796571493148804,1
11600,11622,0.28796571493148804,0.28796571493148804,1
11000,11022,0.28796571493148804,0.28796571493148804,1
11050,11072,0.28796571493148804,0.28796571493148804,1
11700,11722,0.28796571493148804,0.28796571493148804,1
12200,12222,0.28796571493148804,0.28796571493148804,1
12800,12822,0.28796571493148804,0.28796571493148804,1
13500,13522,0.28796571493148804,0.28796571493148804,1
7750,7772,0.28796571493148804,0.28796571493148804,1
7700,7722,0.28796571493148804,0.28796571493148804,1
7650,7672,0.28796571493148804,0.28796571493148804,1
1850,1872,0.28796571493148804,0.28796571493148804,1
7000,7022,0.28796571493148804,0.28796571493148804,1
0,22,0.28796571493148804,0.28796571493148804,1
400,422,0.28796571493148804,0.28796571493148804,1
850,872,0.28796571493148804,0.28796571493148804,1
1150,1172,0.28796571493148804,0.28796571493148804,1
1500,1522,0.28796571493148804,0.28796571493148804,1
950,972,0.28796571493148804,0.28796571493148804,1
3600,3622,0.28796571493148804,0.28796571493148804,1
5700,5722,0.28796571493148804,0.28796571493148804,1
5750,5772,0.28796571493148804,0.28796571493148804,1
6000,6022,0.28796571493148804,0.28796571493148804,1
6500,6522,0.28796571493148804,0.28796571493148804,1
6700,6722,0.28796571493148804,0.28796571493148804,1
11000,11049,0.28594428300857544,0.28594428300857544,1
8550,8599,0.28594428300857544,0.28594428300857544,1
8650,8699,0.28594428300857544,0.28594428300857544,1
9400,9449,0.28594428300857544,0.28594428300857544,1
9900,9949,0.28594428300857544,0.28594428300857544,1
10050,10099,0.28594428300857544,0.28594428300857544,1
10450,10499,0.28594428300857544,0.28594428300857544,1
7700,7749,0.28594428300857544,0.28594428300857544,1
11050,11099,0.28594428300857544,0.28594428300857544,1
11600,11649,0.28594428300857544,0.28594428300857544,1
11700,11749,0.28594428300857544,0.28594428300857544,1
12200,12249,0.28594428300857544,0.28594428300857544,1
12800,12849,0.28594428300857544,0.28594428300857544,1
13500,13549,0.28594428300857544,0.28594428300857544,1
7750,7799,0.28594428300857544,0.28594428300857544,1
3600,3649,0.28594428300857544,0.28594428300857544,1
7650,7699,0.28594428300857544,0.28594428300857544,1
1850,1899,0.28594428300857544,0.28594428300857544,1
400,449,0.28594428300857544,0.28594428300857544,1
850,899,0.28594428300857544,0.28594428300857544,1
950,999,0.28594428300857544,0.28594428300857544,1
1150,1199,0.28594428300857544,0.28594428300857544,1
1500,1549,0.28594428300857544,0.28594428300857544,1
7000,7049,0.28594428300857544,0.28594428300857544,1
0,49,0.28594428300857544,0.28594428300857544,1
5750,5799,0.28594428300857544,0.28594428300857544,1
6000,6049,0.28594428300857544,0.28594428300857544,1
6500,6549,0.28594428300857544,0.28594428300857544,1
6700,6749,0.28594428300857544,0.28594428300857544,1
5700,5749,0.28594428300857544,0.28594428300857544,1
11000,11008,0.28496330976486206,0.28496330976486206,1
8650,8658,0.28496330976486206,0.28496330976486206,1
9400,9408,0.28496330976486206,0.28496330976486206,1
9900,9908,0.28496330976486206,0.28496330976486206,1
10050,10058,0.28496330976486206,0.28496330976486206,1
10450,10458,0.28496330976486206,0.28496330976486206,1
11700,11708,0.28496330976486206,0.28496330976486206,1
11050,11058,0.28496330976486206,0.28496330976486206,1
11600,11608,0.28496330976486206,0.28496330976486206,1
12200,12208,0.28496330976486206,0.28496330976486206,1
12800,12808,0.28496330976486206,0.28496330976486206,1
13500,13508,0.28496330976486206,0.28496330976486206,1
7750,7758,0.28496330976486206,0.28496330976486206,1
8550,8558,0.28496330976486206,0.28496330976486206,1
7700,7708,0.28496330976486206,0.28496330976486206,1
400,408,0.28496330976486206,0.28496330976486206,1
3600,3608,0.28496330976486206,0.28496330976486206,1
0,8,0.28496330976486206,0.28496330976486206,1
7650,7658,0.28496330976486206,0.28496330976486206,1
850,858,0.28496330976486206,0.28496330976486206,1
950,958,0.28496330976486206,0.28496330976486206,1
1150,1158,0.28496330976486206,0.28496330976486206,1
1850,1858,0.28496330976486206,0.28496330976486206,1
1500,1508,0.28496330976486206,0.28496330976486206,1
5700,5708,0.28496330976486206,0.28496330976486206,1
5750,5758,0.28496330976486206,0.28496330976486206,1
6000,6008,0.28496330976486206,0.28496330976486206,1
6500,6508,0.28496330976486206,0.28496330976486206,1
6700,6708,0.28496330976486206,0.28496330976486206,1
7000,7008,0.28496330976486206,0.28496330976486206,1
11000,11035,0.28493595123291016,0.28493595123291016,1
8650,8685,0.28493595123291016,0.28493595123291016,1
9400,9435,0.28493595123291016,0.28493595123291016,1
9900,9935,0.28493595123291016,0.28493595123291016,1
10050,10085,0.28493595123291016,0.28493595123291016,1
10450,10485,0.28493595123291016,0.28493595123291016,1
7750,7785,0.28493595123291016,0.28493595123291016,1
11050,11085,0.28493595123291016,0.28493595123291016,1
11600,11635,0.28493595123291016,0.28493595123291016,1
11700,11735,0.28493595123291016,0.28493595123291016,1
12200,12235,0.28493595123291016,0.28493595123291016,1
12800,12835,0.28493595123291016,0.28493595123291016,1
13500,13535,0.28493595123291016,0.28493595123291016,1
8550,8585,0.28493595123291016,0.28493595123291016,1
7700,7735,0.28493595123291016,0.28493595123291016,1
0,35,0.28493595123291016,0.28493595123291016,1
3600,3635,0.28493595123291016,0.28493595123291016,1
400,435,0.28493595123291016,0.28493595123291016,1
850,885,0.28493595123291016,0.28493595123291016,1
950,985,0.28493595123291016,0.28493595123291016,1
1150,1185,0.28493595123291016,0.28493595123291016,1
1500,1535,0.28493595123291016,0.28493595123291016,1
1850,1885,0.28493595123291016,0.28493595123291016,1
7650,7685,0.28493595123291016,0.28493595123291016,1
5700,5735,0.28493595123291016,0.28493595123291016,1
6000,6035,0.28493595123291016,0.28493595123291016,1
6500,6535,0.28493595123291016,0.28493595123291016,1
6700,6735,0.28493595123291016,0.28493595123291016,1
7000,7035,0.28493595123291016,0.28493595123291016,1
5750,5785,0.28493595123291016,0.28493595123291016,1
11000,11003,0.2827695608139038,0.2827695608139038,1
8550,8553,0.2827695608139038,0.2827695608139038,1
8650,8653,0.2827695608139038,0.2827695608139038,1
9400,9403,0.2827695608139038,0.2827695608139038,1
9900,9903,0.2827695608139038,0.2827695608139038,1
10050,10053,0.2827695608139038,0.2827695608139038,1
10450,10453,0.2827695608139038,0.2827695608139038,1
11700,11703,0.2827695608139038,0.2827695608139038,1
11050,11053,0.2827695608139038,0.2827695608139038,1
11600,11603,0.2827695608139038,0.2827695608139038,1
12200,12203,0.2827695608139038,0.2827695608139038,1
12800,12803,0.2827695608139038,0.2827695608139038,1
13500,13503,0.2827695608139038,0.2827695608139038,1
7750,7753,0.2827695608139038,0.2827695608139038,1
7650,7653,0.2827695608139038,0.2827695608139038,1
6000,6003,0.2827695608139038,0.2827695608139038,1
7700,7703,0.2827695608139038,0.2827695608139038,1
1850,1853,0.2827695608139038,0.2827695608139038,1
0,3,0.2827695608139038,0.2827695608139038,1
400,403,0.2827695608139038,0.2827695608139038,1
850,853,0.2827695608139038,0.2827695608139038,1
950,953,0.2827695608139038,0.2827695608139038,1
7000,7003,0.2827695608139038,0.2827695608139038,1
1500,1503,0.2827695608139038,0.2827695608139038,1
1150,1153,0.2827695608139038,0.2827695608139038,1
3600,3603,0.2827695608139038,0.2827695608139038,1
5700,5703,0.2827695608139038,0.2827695608139038,1
5750,5753,0.2827695608139038,0.2827695608139038,1
6500,6503,0.2827695608139038,0.2827695608139038,1
6700,6703,0.2827695608139038,0.2827695608139038,1
11000,11007,0.28089651465415955,0.28089651465415955,1
8650,8657,0.28089651465415955,0.28089651465415955,1
9400,9407,0.28089651465415955,0.28089651465415955,1
9900,9907,0.28089651465415955,0.28089651465415955,1
10050,10057,0.28089651465415955,0.28089651465415955,1
10450,10457,0.28089651465415955,0.28089651465415955,1
7750,7757,0.28089651465415955,0.28089651465415955,1
11050,11057,0.28089651465415955,0.28089651465415955,1
11600,11607,0.28089651465415955,0.28089651465415955,1
11700,11707,0.28089651465415955,0.28089651465415955,1
12200,12207,0.28089651465415955,0.28089651465415955,1
12800,12807,0.28089651465415955,0.28089651465415955,1
13500,13507,0.28089651465415955,0.28089651465415955,1
8550,8557,0.28089651465415955,0.28089651465415955,1
7700,7707,0.28089651465415955,0.28089651465415955,1
7650,7657,0.28089651465415955,0.28089651465415955,1
3600,3607,0.28089651465415955,0.28089651465415955,1
0,7,0.28089651465415955,0.28089651465415955,1
850,857,0.28089651465415955,0.28089651465415955,1
950,957,0.28089651465415955,0.28089651465415955,1
1150,1157,0.28089651465415955,0.28089651465415955,1
1500,1507,0.28089651465415955,0.28089651465415955,1
1850,1857,0.28089651465415955,0.28089651465415955,1
400,407,0.28089651465415955,0.28089651465415955,1
5700,5707,0.28089651465415955,0.28089651465415955,1
6000,6007,0.28089651465415955,0.28089651465415955,1
6500,6507,0.28089651465415955,0.28089651465415955,1
6700,6707,0.28089651465415955,0.28089651465415955,1
7000,7007,0.28089651465415955,0.28089651465415955,1
5750,5757,0.28089651465415955,0.28089651465415955,1
11000,11033,0.28053194284439087,0.28053194284439087,1
8650,8683,0.28053194284439087,0.28053194284439087,1
9400,9433,0.28053194284439087,0.28053194284439087,1
9900,9933,0.28053194284439087,0.28053194284439087,1
10050,10083,0.28053194284439087,0.28053194284439087,1
10450,10483,0.28053194284439087,0.28053194284439087,1
11700,11733,0.28053194284439087,0.28053194284439087,1
11050,11083,0.28053194284439087,0.28053194284439087,1
11600,11633,0.28053194284439087,0.28053194284439087,1
12200,12233,0.28053194284439087,0.28053194284439087,1
12800,12833,0.28053194284439087,0.28053194284439087,1
13500,13533,0.28053194284439087,0.28053194284439087,1
7750,7783,0.28053194284439087,0.28053194284439087,1
8550,8583,0.28053194284439087,0.28053194284439087,1
7700,7733,0.28053194284439087,0.28053194284439087,1
0,33,0.28053194284439087,0.28053194284439087,1
3600,3633,0.28053194284439087,0.28053194284439087,1
7650,7683,0.28053194284439087,0.28053194284439087,1
400,433,0.28053194284439087,0.28053194284439087,1
850,883,0.28053194284439087,0.28053194284439087,1
950,983,0.28053194284439087,0.28053194284439087,1
1500,1533,0.28053194284439087,0.28053194284439087,1
1850,1883,0.28053194284439087,0.28053194284439087,1
1150,1183,0.28053194284439087,0.28053194284439087,1
5700,5733,0.28053194284439087,0.28053194284439087,1
5750,5783,0.28053194284439087,0.28053194284439087,1
6000,6033,0.28053194284439087,0.28053194284439087,1
6500,6533,0.28053194284439087,0.28053194284439087,1
6700,6733,0.28053194284439087,0.28053194284439087,1
7000,7033,0.28053194284439087,0.28053194284439087,1
11000,11012,0.2778160572052002,0.2778160572052002,1
8550,8562,0.2778160572052002,0.2778160572052002,1
8650,8662,0.2778160572052002,0.2778160572052002,1
9400,9412,0.2778160572052002,0.2778160572052002,1
9900,9912,0.2778160572052002,0.2778160572052002,1
10050,10062,0.2778160572052002,0.2778160572052002,1
10450,10462,0.2778160572052002,0.2778160572052002,1
7750,7762,0.2778160572052002,0.2778160572052002,1
11050,11062,0.2778160572052002,0.2778160572052002,1
11600,11612,0.2778160572052002,0.2778160572052002,1
11700,11712,0.2778160572052002,0.2778160572052002,1
12200,12212,0.2778160572052002,0.2778160572052002,1
12800,12812,0.2778160572052002,0.2778160572052002,1
13500,13512,0.2778160572052002,0.2778160572052002,1
7650,7662,0.2778160572052002,0.2778160572052002,1
6000,6012,0.2778160572052002,0.2778160572052002,1
7700,7712,0.2778160572052002,0.2778160572052002,1
1850,1862,0.2778160572052002,0.2778160572052002,1
7000,7012,0.2778160572052002,0.2778160572052002,1
400,412,0.2778160572052002,0.2778160572052002,1
850,862,0.2778160572052002,0.2778160572052002,1
950,962,0.2778160572052002,0.2778160572052002,1
1500,1512,0.2778160572052002,0.2778160572052002,1
1150,1162,0.2778160572052002,0.2778160572052002,1
3600,3612,0.2778160572052002,0.2778160572052002,1
5700,5712,0.2778160572052002,0.2778160572052002,1
5750,5762,0.2778160572052002,0.2778160572052002,1
0,12,0.2778160572052002,0.2778160572052002,1
6500,6512,0.2778160572052002,0.2778160572052002,1
6700,6712,0.2778160572052002,0.2778160572052002,1
10450,10478,0.27710044384002686,0.27710044384002686,1
8550,8578,0.27710044384002686,0.27710044384002686,1
8650,8678,0.27710044384002686,0.27710044384002686,1
9400,9428,0.27710044384002686,0.27710044384002686,1
9900,9928,0.27710044384002686,0.27710044384002686,1
10050,10078,0.27710044384002686,0.27710044384002686,1
13500,13528,0.27710044384002686,0.27710044384002686,1
11000,11028,0.27710044384002686,0.27710044384002686,1
11050,11078,0.27710044384002686,0.27710044384002686,1
11600,11628,0.27710044384002686,0.27710044384002686,1
11700,11728,0.27710044384002686,0.27710044384002686,1
12200,12228,0.27710044384002686,0.27710044384002686,1
12800,12828,0.27710044384002686,0.27710044384002686,1
7700,7728,0.27710044384002686,0.27710044384002686,1
7750,7778,0.27710044384002686,0.27710044384002686,1
6500,6528,0.27710044384002686,0.27710044384002686,1
7650,7678,0.27710044384002686,0.27710044384002686,1
1500,1528,0.27710044384002686,0.27710044384002686,1
0,28,0.27710044384002686,0.27710044384002686,1
400,428,0.27710044384002686,0.27710044384002686,1
850,878,0.27710044384002686,0.27710044384002686,1
7000,7028,0.27710044384002686,0.27710044384002686,1
1150,1178,0.27710044384002686,0.27710044384002686,1
950,978,0.27710044384002686,0.27710044384002686,1
1850,1878,0.27710044384002686,0.27710044384002686,1
3600,3628,0.27710044384002686,0.27710044384002686,1
5700,5728,0.27710044384002686,0.27710044384002686,1
5750,5778,0.27710044384002686,0.27710044384002686,1
6000,6028,0.27710044384002686,0.27710044384002686,1
6700,6728,0.27710044384002686,0.27710044384002686,1
10450,10482,0.27665945887565613,0.27665945887565613,1
8550,8582,0.27665945887565613,0.27665945887565613,1
8650,8682,0.27665945887565613,0.27665945887565613,1
9400,9432,0.27665945887565613,0.27665945887565613,1
9900,9932,0.27665945887565613,0.27665945887565613,1
10050,10082,0.27665945887565613,0.27665945887565613,1
7700,7732,0.27665945887565613,0.27665945887565613,1
11000,11032,0.27665945887565613,0.27665945887565613,1
11050,11082,0.27665945887565613,0.27665945887565613,1
11700,11732,0.27665945887565613,0.27665945887565613,1
12200,12232,0.27665945887565613,0.27665945887565613,1
12800,12832,0.27665945887565613,0.27665945887565613,1
13500,13532,0.27665945887565613,0.27665945887565613,1
7750,7782,0.27665945887565613,0.27665945887565613,1
11600,11632,0.27665945887565613,0.27665945887565613,1
7650,7682,0.27665945887565613,0.27665945887565613,1
1850,1882,0.27665945887565613,0.27665945887565613,1
400,432,0.27665945887565613,0.27665945887565613,1
850,882,0.27665945887565613,0.27665945887565613,1
950,982,0.27665945887565613,0.27665945887565613,1
1150,1182,0.27665945887565613,0.27665945887565613,1
0,32,0.27665945887565613,0.27665945887565613,1
1500,1532,0.27665945887565613,0.27665945887565613,1
7000,7032,0.27665945887565613,0.27665945887565613,1
3600,3632,0.27665945887565613,0.27665945887565613,1
5750,5782,0.27665945887565613,0.27665945887565613,1
6000,6032,0.27665945887565613,0.27665945887565613,1
6500,6532,0.27665945887565613,0.27665945887565613,1
6700,6732,0.27665945887565613,0.27665945887565613,1
5700,5732,0.27665945887565613,0.27665945887565613,1
11000,11048,0.27499890327453613,0.27499890327453613,1
8550,8598,0.27499890327453613,0.27499890327453613,1
8650,8698,0.27499890327453613,0.27499890327453613,1
9400,9448,0.27499890327453613,0.27499890327453613,1
9900,9948,0.27499890327453613,0.27499890327453613,1
10050,10098,0.27499890327453613,0.27499890327453613,1
10450,10498,0.27499890327453613,0.27499890327453613,1
11700,11748,0.27499890327453613,0.27499890327453613,1
11050,11098,0.27499890327453613,0.27499890327453613,1
11600,11648,0.27499890327453613,0.27499890327453613,1
12200,12248,0.27499890327453613,0.27499890327453613,1
12800,12848,0.27499890327453613,0.27499890327453613,1
13500,13548,0.27499890327453613,0.27499890327453613,1
7700,7748,0.27499890327453613,0.27499890327453613,1
7750,7798,0.27499890327453613,0.27499890327453613,1
7650,7698,0.27499890327453613,0.27499890327453613,1
400,448,0.27499890327453613,0.27499890327453613,1
6700,6748,0.27499890327453613,0.27499890327453613,1
6500,6548,0.27499890327453613,0.27499890327453613,1
6000,6048,0.27499890327453613,0.27499890327453613,1
5750,5798,0.27499890327453613,0.27499890327453613,1
5700,5748,0.27499890327453613,0.27499890327453613,1
3600,3648,0.27499890327453613,0.27499890327453613,1
1850,1898,0.27499890327453613,0.27499890327453613,1
1500,1548,0.27499890327453613,0.27499890327453613,1
1150,1198,0.27499890327453613,0.27499890327453613,1
950,998,0.27499890327453613,0.27499890327453613,1
850,898,0.27499890327453613,0.27499890327453613,1
0,48,0.27499890327453613,0.27499890327453613,1
7000,7048,0.27499890327453613,0.27499890327453613,1
10300,10327,0.2735540568828583,0.2735540568828583,1
13850,13877,0.2735540568828583,0.2735540568828583,1
500,527,0.2735540568828583,0.2735540568828583,1
800,827,0.2735540568828583,0.2735540568828583,1
500,506,0.27232733368873596,0.27232733368873596,1
800,806,0.27232733368873596,0.27232733368873596,1
10300,10306,0.27232733368873596,0.27232733368873596,1
13850,13856,0.27232733368873596,0.27232733368873596,1
500,532,0.27208080887794495,0.27208080887794495,1
800,832,0.27208080887794495,0.27208080887794495,1
10300,10332,0.27208080887794495,0.27208080887794495,1
13850,13882,0.27208080887794495,0.27208080887794495,1
10300,10305,0.270865261554718,0.270865261554718,1
13850,13855,0.270865261554718,0.270865261554718,1
800,805,0.270865261554718,0.270865261554718,1
500,505,0.270865261554718,0.270865261554718,1
12200,12213,0.27063751220703125,0.27063751220703125,1
7700,7713,0.27063751220703125,0.27063751220703125,1
13500,13513,0.27063751220703125,0.27063751220703125,1
12800,12813,0.27063751220703125,0.27063751220703125,1
0,13,0.27063751220703125,0.27063751220703125,1
11700,11713,0.27063751220703125,0.27063751220703125,1
11600,11613,0.27063751220703125,0.27063751220703125,1
11050,11063,0.27063751220703125,0.27063751220703125,1
10450,10463,0.27063751220703125,0.27063751220703125,1
10050,10063,0.27063751220703125,0.27063751220703125,1
9900,9913,0.27063751220703125,0.27063751220703125,1
9400,9413,0.27063751220703125,0.27063751220703125,1
8650,8663,0.27063751220703125,0.27063751220703125,1
8550,8563,0.27063751220703125,0.27063751220703125,1
7750,7763,0.27063751220703125,0.27063751220703125,1
11000,11013,0.27063751220703125,0.27063751220703125,1
7650,7663,0.27063751220703125,0.27063751220703125,1
7000,7013,0.27063751220703125,0.27063751220703125,1
6700,6713,0.27063751220703125,0.27063751220703125,1
6500,6513,0.27063751220703125,0.27063751220703125,1
6000,6013,0.27063751220703125,0.27063751220703125,1
5750,5763,0.27063751220703125,0.27063751220703125,1
5700,5713,0.27063751220703125,0.27063751220703125,1
400,413,0.27063751220703125,0.27063751220703125,1
3600,3613,0.27063751220703125,0.27063751220703125,1
1850,1863,0.27063751220703125,0.27063751220703125,1
1500,1513,0.27063751220703125,0.27063751220703125,1
1150,1163,0.27063751220703125,0.27063751220703125,1
950,963,0.27063751220703125,0.27063751220703125,1
850,863,0.27063751220703125,0.27063751220703125,1
13850,13876,0.270413875579834,0.270413875579834,1
10300,10326,0.270413875579834,0.270413875579834,1
800,826,0.270413875579834,0.270413875579834,1
500,526,0.270413875579834,0.270413875579834,1
502,505,0.26790931820869446,0.26790931820869446,1
802,805,0.26790931820869446,0.26790931820869446,1
10302,10305,0.26790931820869446,0.26790931820869446,1
13852,13855,0.26790931820869446,0.26790931820869446,1
500,511,0.26771923899650574,0.26771923899650574,1
800,811,0.26771923899650574,0.26771923899650574,1
10300,10311,0.26771923899650574,0.26771923899650574,1
13850,13861,0.26771923899650574,0.26771923899650574,1
8550,8574,0.2673623859882355,0.2673623859882355,1
8650,8674,0.2673623859882355,0.2673623859882355,1
10450,10474,0.2673623859882355,0.2673623859882355,1
9400,9424,0.2673623859882355,0.2673623859882355,1
9900,9924,0.2673623859882355,0.2673623859882355,1
10050,10074,0.2673623859882355,0.2673623859882355,1
7700,7724,0.2673623859882355,0.2673623859882355,1
11000,11024,0.2673623859882355,0.2673623859882355,1
11050,11074,0.2673623859882355,0.2673623859882355,1
11600,11624,0.2673623859882355,0.2673623859882355,1
11700,11724,0.2673623859882355,0.2673623859882355,1
12800,12824,0.2673623859882355,0.2673623859882355,1
13500,13524,0.2673623859882355,0.2673623859882355,1
7750,7774,0.2673623859882355,0.2673623859882355,1
12200,12224,0.2673623859882355,0.2673623859882355,1
7650,7674,0.2673623859882355,0.2673623859882355,1
1850,1874,0.2673623859882355,0.2673623859882355,1
7000,7024,0.2673623859882355,0.2673623859882355,1
400,424,0.2673623859882355,0.2673623859882355,1
850,874,0.2673623859882355,0.2673623859882355,1
950,974,0.2673623859882355,0.2673623859882355,1
1150,1174,0.2673623859882355,0.2673623859882355,1
1500,1524,0.2673623859882355,0.2673623859882355,1
0,24,0.2673623859882355,0.2673623859882355,1
3600,3624,0.2673623859882355,0.2673623859882355,1
5750,5774,0.2673623859882355,0.2673623859882355,1
6000,6024,0.2673623859882355,0.2673623859882355,1
6500,6524,0.2673623859882355,0.2673623859882355,1
6700,6724,0.2673623859882355,0.2673623859882355,1
5700,5724,0.2673623859882355,0.2673623859882355,1
11000,11042,0.26717424392700195,0.26717424392700195,1
8550,8592,0.26717424392700195,0.26717424392700195,1
9400,9442,0.26717424392700195,0.26717424392700195,1
9900,9942,0.26717424392700195,0.26717424392700195,1
10050,10092,0.26717424392700195,0.26717424392700195,1
10450,10492,0.26717424392700195,0.26717424392700195,1
11700,11742,0.26717424392700195,0.26717424392700195,1
11050,11092,0.26717424392700195,0.26717424392700195,1
11600,11642,0.26717424392700195,0.26717424392700195,1
12200,12242,0.26717424392700195,0.26717424392700195,1
12800,12842,0.26717424392700195,0.26717424392700195,1
13500,13542,0.26717424392700195,0.26717424392700195,1
7700,7742,0.26717424392700195,0.26717424392700195,1
7750,7792,0.26717424392700195,0.26717424392700195,1
8650,8692,0.26717424392700195,0.26717424392700195,1
7650,7692,0.26717424392700195,0.26717424392700195,1
6700,6742,0.26717424392700195,0.26717424392700195,1
0,42,0.26717424392700195,0.26717424392700195,1
6500,6542,0.26717424392700195,0.26717424392700195,1
6000,6042,0.26717424392700195,0.26717424392700195,1
5750,5792,0.26717424392700195,0.26717424392700195,1
5700,5742,0.26717424392700195,0.26717424392700195,1
3600,3642,0.26717424392700195,0.26717424392700195,1
1850,1892,0.26717424392700195,0.26717424392700195,1
1500,1542,0.26717424392700195,0.26717424392700195,1
1150,1192,0.26717424392700195,0.26717424392700195,1
950,992,0.26717424392700195,0.26717424392700195,1
850,892,0.26717424392700195,0.26717424392700195,1
400,442,0.26717424392700195,0.26717424392700195,1
7000,7042,0.26717424392700195,0.26717424392700195,1
10300,10328,0.266961932182312,0.266961932182312,1
13850,13878,0.266961932182312,0.266961932182312,1
800,828,0.266961932182312,0.266961932182312,1
500,528,0.266961932182312,0.266961932182312,1
500,535,0.2665117383003235,0.2665117383003235,1
800,835,0.2665117383003235,0.2665117383003235,1
10300,10335,0.2665117383003235,0.2665117383003235,1
13850,13885,0.2665117383003235,0.2665117383003235,1
10450,10495,0.2656943202018738,0.2656943202018738,1
8550,8595,0.2656943202018738,0.2656943202018738,1
7700,7745,0.2656943202018738,0.2656943202018738,1
9400,9445,0.2656943202018738,0.2656943202018738,1
9900,9945,0.2656943202018738,0.2656943202018738,1
10050,10095,0.2656943202018738,0.2656943202018738,1
11600,11645,0.2656943202018738,0.2656943202018738,1
11000,11045,0.2656943202018738,0.2656943202018738,1
11050,11095,0.2656943202018738,0.2656943202018738,1
11700,11745,0.2656943202018738,0.2656943202018738,1
12200,12245,0.2656943202018738,0.2656943202018738,1
12800,12845,0.2656943202018738,0.2656943202018738,1
13500,13545,0.2656943202018738,0.2656943202018738,1
7750,7795,0.2656943202018738,0.2656943202018738,1
8650,8695,0.2656943202018738,0.2656943202018738,1
7650,7695,0.2656943202018738,0.2656943202018738,1
6700,6745,0.2656943202018738,0.2656943202018738,1
6500,6545,0.2656943202018738,0.2656943202018738,1
6000,6045,0.2656943202018738,0.2656943202018738,1
5750,5795,0.2656943202018738,0.2656943202018738,1
5700,5745,0.2656943202018738,0.2656943202018738,1
3600,3645,0.2656943202018738,0.2656943202018738,1
1850,1895,0.2656943202018738,0.2656943202018738,1
1500,1545,0.2656943202018738,0.2656943202018738,1
1150,1195,0.2656943202018738,0.2656943202018738,1
950,995,0.2656943202018738,0.2656943202018738,1
850,895,0.2656943202018738,0.2656943202018738,1
400,445,0.2656943202018738,0.2656943202018738,1
0,45,0.2656943202018738,0.2656943202018738,1
7000,7045,0.2656943202018738,0.2656943202018738,1
10300,10313,0.26553335785865784,0.26553335785865784,1
13850,13863,0.26553335785865784,0.26553335785865784,1
800,813,0.26553335785865784,0.26553335785865784,1
500,513,0.26553335785865784,0.26553335785865784,1
500,502,0.265375554561615,0.265375554561615,1
800,802,0.265375554561615,0.265375554561615,1
10300,10302,0.265375554561615,0.265375554561615,1
13850,13852,0.265375554561615,0.265375554561615,1
10300,10316,0.26491013169288635,0.26491013169288635,1
13850,13866,0.26491013169288635,0.26491013169288635,1
800,816,0.26491013169288635,0.26491013169288635,1
500,516,0.26491013169288635,0.26491013169288635,1
500,515,0.2634983956813812,0.2634983956813812,1
800,815,0.2634983956813812,0.2634983956813812,1
10300,10315,0.2634983956813812,0.2634983956813812,1
13850,13865,0.2634983956813812,0.2634983956813812,1
500,541,0.2624981105327606,0.2624981105327606,1
800,841,0.2624981105327606,0.2624981105327606,1
10300,10341,0.2624981105327606,0.2624981105327606,1
13850,13891,0.2624981105327606,0.2624981105327606,1
13850,13875,0.2623169720172882,0.2623169720172882,1
10300,10325,0.2623169720172882,0.2623169720172882,1
800,825,0.2623169720172882,0.2623169720172882,1
500,525,0.2623169720172882,0.2623169720172882,1
500,538,0.26175370812416077,0.26175370812416077,1
800,838,0.26175370812416077,0.26175370812416077,1
10300,10338,0.26175370812416077,0.26175370812416077,1
13850,13888,0.26175370812416077,0.26175370812416077,1
500,503,0.2600530683994293,0.2600530683994293,1
800,803,0.2600530683994293,0.2600530683994293,1
10300,10303,0.2600530683994293,0.2600530683994293,1
13850,13853,0.2600530683994293,0.2600530683994293,1
10300,10345,0.2599959671497345,0.2599959671497345,1
13850,13895,0.2599959671497345,0.2599959671497345,1
500,545,0.2599959671497345,0.2599959671497345,1
800,845,0.2599959671497345,0.2599959671497345,1
500,517,0.25953209400177,0.25953209400177,1
800,817,0.25953209400177,0.25953209400177,1
10300,10317,0.25953209400177,0.25953209400177,1
13850,13867,0.25953209400177,0.25953209400177,1
10300,10348,0.2593115270137787,0.2593115270137787,1
13850,13898,0.2593115270137787,0.2593115270137787,1
500,548,0.2593115270137787,0.2593115270137787,1
800,848,0.2593115270137787,0.2593115270137787,1
13500,13529,0.2591172456741333,0.2591172456741333,1
12800,12829,0.2591172456741333,0.2591172456741333,1
12200,12229,0.2591172456741333,0.2591172456741333,1
11700,11729,0.2591172456741333,0.2591172456741333,1
11600,11629,0.2591172456741333,0.2591172456741333,1
11050,11079,0.2591172456741333,0.2591172456741333,1
11000,11029,0.2591172456741333,0.2591172456741333,1
10450,10479,0.2591172456741333,0.2591172456741333,1
10050,10079,0.2591172456741333,0.2591172456741333,1
9900,9929,0.2591172456741333,0.2591172456741333,1
7700,7729,0.2591172456741333,0.2591172456741333,1
9400,9429,0.2591172456741333,0.2591172456741333,1
8650,8679,0.2591172456741333,0.2591172456741333,1
8550,8579,0.2591172456741333,0.2591172456741333,1
7750,7779,0.2591172456741333,0.2591172456741333,1
6000,6029,0.2591172456741333,0.2591172456741333,1
7650,7679,0.2591172456741333,0.2591172456741333,1
1500,1529,0.2591172456741333,0.2591172456741333,1
0,29,0.2591172456741333,0.2591172456741333,1
400,429,0.2591172456741333,0.2591172456741333,1
850,879,0.2591172456741333,0.2591172456741333,1
950,979,0.2591172456741333,0.2591172456741333,1
1150,1179,0.2591172456741333,0.2591172456741333,1
7000,7029,0.2591172456741333,0.2591172456741333,1
1850,1879,0.2591172456741333,0.2591172456741333,1
6500,6529,0.2591172456741333,0.2591172456741333,1
6700,6729,0.2591172456741333,0.2591172456741333,1
3600,3629,0.2591172456741333,0.2591172456741333,1
5750,5779,0.2591172456741333,0.2591172456741333,1
5700,5729,0.2591172456741333,0.2591172456741333,1
500,543,0.25906819105148315,0.25906819105148315,1
10300,10343,0.25906819105148315,0.25906819105148315,1
13850,13893,0.25906819105148315,0.25906819105148315,1
800,843,0.25906819105148315,0.25906819105148315,1
10300,10319,0.2588122487068176,0.2588122487068176,1
13850,13869,0.2588122487068176,0.2588122487068176,1
800,819,0.2588122487068176,0.2588122487068176,1
500,519,0.2588122487068176,0.2588122487068176,1
834,843,0.2587716579437256,0.2587716579437256,1
10334,10343,0.2587716579437256,0.2587716579437256,1
13884,13893,0.2587716579437256,0.2587716579437256,1
534,543,0.2587716579437256,0.2587716579437256,1
500,523,0.2584308385848999,0.2584308385848999,1
800,823,0.2584308385848999,0.2584308385848999,1
10300,10323,0.2584308385848999,0.2584308385848999,1
13850,13873,0.2584308385848999,0.2584308385848999,1
10300,10342,0.25840672850608826,0.25840672850608826,1
13850,13892,0.25840672850608826,0.25840672850608826,1
800,842,0.25840672850608826,0.25840672850608826,1
500,542,0.25840672850608826,0.25840672850608826,1
512,543,0.25803348422050476,0.25803348422050476,1
812,843,0.25803348422050476,0.25803348422050476,1
10312,10343,0.25803348422050476,0.25803348422050476,1
13862,13893,0.25803348422050476,0.25803348422050476,1
500,518,0.2564562261104584,0.2564562261104584,1
800,818,0.2564562261104584,0.2564562261104584,1
10300,10318,0.2564562261104584,0.2564562261104584,1
13850,13868,0.2564562261104584,0.2564562261104584,1
10300,10301,0.2562234401702881,0.2562234401702881,1
13850,13851,0.2562234401702881,0.2562234401702881,1
800,801,0.2562234401702881,0.2562234401702881,1
500,501,0.2562234401702881,0.2562234401702881,1
500,508,0.25591161847114563,0.25591161847114563,1
800,808,0.25591161847114563,0.25591161847114563,1
10300,10308,0.25591161847114563,0.25591161847114563,1
13850,13858,0.25591161847114563,0.25591161847114563,1
504,505,0.25569218397140503,0.25569218397140503,1
804,805,0.25569218397140503,0.25569218397140503,1
10304,10305,0.25569218397140503,0.25569218397140503,1
13854,13855,0.25569218397140503,0.25569218397140503,1
10300,10333,0.25523871183395386,0.25523871183395386,1
13850,13883,0.25523871183395386,0.25523871183395386,1
800,833,0.25523871183395386,0.25523871183395386,1
500,533,0.25523871183395386,0.25523871183395386,1
500,524,0.2533256709575653,0.2533256709575653,1
800,824,0.2533256709575653,0.2533256709575653,1
10300,10324,0.2533256709575653,0.2533256709575653,1
13850,13874,0.2533256709575653,0.2533256709575653,1
500,507,0.25325578451156616,0.25325578451156616,1
800,807,0.25325578451156616,0.25325578451156616,1
10300,10307,0.25325578451156616,0.25325578451156616,1
13850,13857,0.25325578451156616,0.25325578451156616,1
13850,13896,0.25280842185020447,0.25280842185020447,1
10300,10346,0.25280842185020447,0.25280842185020447,1
500,546,0.25280842185020447,0.25280842185020447,1
800,846,0.25280842185020447,0.25280842185020447,1
500,537,0.25279557704925537,0.25279557704925537,1
800,837,0.25279557704925537,0.25279557704925537,1
10300,10337,0.25279557704925537,0.25279557704925537,1
13850,13887,0.25279557704925537,0.25279557704925537,1
10300,10309,0.2524203956127167,0.2524203956127167,1
13850,13859,0.2524203956127167,0.2524203956127167,1
800,809,0.2524203956127167,0.2524203956127167,1
500,509,0.2524203956127167,0.2524203956127167,1
10300,10347,0.2512887716293335,0.2512887716293335,1
13850,13897,0.2512887716293335,0.2512887716293335,1
800,847,0.2512887716293335,0.2512887716293335,1
500,547,0.2512887716293335,0.2512887716293335,1
800,839,0.2511206269264221,0.2511206269264221,1
10300,10339,0.2511206269264221,0.2511206269264221,1
13850,13889,0.2511206269264221,0.2511206269264221,1
500,539,0.2511206269264221,0.2511206269264221,1
500,549,0.25105157494544983,0.25105157494544983,1
800,849,0.25105157494544983,0.25105157494544983,1
10300,10349,0.25105157494544983,0.25105157494544983,1
13850,13899,0.25105157494544983,0.25105157494544983,1
10300,10331,0.25037312507629395,0.25037312507629395,1
13850,13881,0.25037312507629395,0.25037312507629395,1
800,831,0.25037312507629395,0.25037312507629395,1
500,531,0.25037312507629395,0.25037312507629395,1
800,834,0.2500568628311157,0.2500568628311157,1
10300,10334,0.2500568628311157,0.2500568628311157,1
13850,13884,0.2500568628311157,0.2500568628311157,1
500,534,0.2500568628311157,0.2500568628311157,1
500,529,0.24952690303325653,0.24952690303325653,1
800,829,0.24952690303325653,0.24952690303325653,1
10300,10329,0.24952690303325653,0.24952690303325653,1
13850,13879,0.24952690303325653,0.24952690303325653,1
500,510,0.24924591183662415,0.24924591183662415,1
800,810,0.24924591183662415,0.24924591183662415,1
10300,10310,0.24924591183662415,0.24924591183662415,1
13850,13860,0.24924591183662415,0.24924591183662415,1
13850,13870,0.24902456998825073,0.24902456998825073,1
10300,10320,0.24902456998825073,0.24902456998825073,1
800,820,0.24902456998825073,0.24902456998825073,1
500,520,0.24902456998825073,0.24902456998825073,1
11600,11605,0.24898661673069,0.24898661673069,1
7700,7705,0.24898661673069,0.24898661673069,1
13500,13505,0.24898661673069,0.24898661673069,1
12800,12805,0.24898661673069,0.24898661673069,1
12200,12205,0.24898661673069,0.24898661673069,1
11700,11705,0.24898661673069,0.24898661673069,1
11050,11055,0.24898661673069,0.24898661673069,1
11000,11005,0.24898661673069,0.24898661673069,1
10450,10455,0.24898661673069,0.24898661673069,1
9900,9905,0.24898661673069,0.24898661673069,1
9400,9405,0.24898661673069,0.24898661673069,1
8650,8655,0.24898661673069,0.24898661673069,1
8550,8555,0.24898661673069,0.24898661673069,1
7750,7755,0.24898661673069,0.24898661673069,1
10050,10055,0.24898661673069,0.24898661673069,1
7650,7655,0.24898661673069,0.24898661673069,1
1850,1855,0.24898661673069,0.24898661673069,1
0,5,0.24898661673069,0.24898661673069,1
400,405,0.24898661673069,0.24898661673069,1
7000,7005,0.24898661673069,0.24898661673069,1
950,955,0.24898661673069,0.24898661673069,1
1150,1155,0.24898661673069,0.24898661673069,1
1500,1505,0.24898661673069,0.24898661673069,1
850,855,0.24898661673069,0.24898661673069,1
3600,3605,0.24898661673069,0.24898661673069,1
5700,5705,0.24898661673069,0.24898661673069,1
6700,6705,0.24898661673069,0.24898661673069,1
5750,5755,0.24898661673069,0.24898661673069,1
6000,6005,0.24898661673069,0.24898661673069,1
6500,6505,0.24898661673069,0.24898661673069,1
10300,10322,0.24890758097171783,0.24890758097171783,1
13850,13872,0.24890758097171783,0.24890758097171783,1
500,522,0.24890758097171783,0.24890758097171783,1
800,822,0.24890758097171783,0.24890758097171783,1
8552,8555,0.248159721493721,0.248159721493721,1
11002,11005,0.248159721493721,0.248159721493721,1
9402,9405,0.248159721493721,0.248159721493721,1
9902,9905,0.248159721493721,0.248159721493721,1
10052,10055,0.248159721493721,0.248159721493721,1
10452,10455,0.248159721493721,0.248159721493721,1
8652,8655,0.248159721493721,0.248159721493721,1
11052,11055,0.248159721493721,0.248159721493721,1
11602,11605,0.248159721493721,0.248159721493721,1
11702,11705,0.248159721493721,0.248159721493721,1
12202,12205,0.248159721493721,0.248159721493721,1
12802,12805,0.248159721493721,0.248159721493721,1
13502,13505,0.248159721493721,0.248159721493721,1
7702,7705,0.248159721493721,0.248159721493721,1
7752,7755,0.248159721493721,0.248159721493721,1
7652,7655,0.248159721493721,0.248159721493721,1
2,5,0.248159721493721,0.248159721493721,1
3602,3605,0.248159721493721,0.248159721493721,1
402,405,0.248159721493721,0.248159721493721,1
852,855,0.248159721493721,0.248159721493721,1
1152,1155,0.248159721493721,0.248159721493721,1
1502,1505,0.248159721493721,0.248159721493721,1
1852,1855,0.248159721493721,0.248159721493721,1
952,955,0.248159721493721,0.248159721493721,1
5702,5705,0.248159721493721,0.248159721493721,1
5752,5755,0.248159721493721,0.248159721493721,1
6002,6005,0.248159721493721,0.248159721493721,1
6502,6505,0.248159721493721,0.248159721493721,1
6702,6705,0.248159721493721,0.248159721493721,1
7002,7005,0.248159721493721,0.248159721493721,1
500,521,0.2480662763118744,0.2480662763118744,1
800,821,0.2480662763118744,0.2480662763118744,1
10300,10321,0.2480662763118744,0.2480662763118744,1
13850,13871,0.2480662763118744,0.2480662763118744,1
500,544,0.24805955588817596,0.24805955588817596,1
800,844,0.24805955588817596,0.24805955588817596,1
10300,10344,0.24805955588817596,0.24805955588817596,1
13850,13894,0.24805955588817596,0.24805955588817596,1
13850,13886,0.24803707003593445,0.24803707003593445,1
10300,10336,0.24803707003593445,0.24803707003593445,1
800,836,0.24803707003593445,0.24803707003593445,1
500,536,0.24803707003593445,0.24803707003593445,1
500,540,0.24744422733783722,0.24744422733783722,1
800,840,0.24744422733783722,0.24744422733783722,1
10300,10340,0.24744422733783722,0.24744422733783722,1
13850,13890,0.24744422733783722,0.24744422733783722,1
500,530,0.24725012481212616,0.24725012481212616,1
800,830,0.24725012481212616,0.24725012481212616,1
10300,10330,0.24725012481212616,0.24725012481212616,1
13850,13880,0.24725012481212616,0.24725012481212616,1
13852,13856,0.24701665341854095,0.24701665341854095,1
10302,10306,0.24701665341854095,0.24701665341854095,1
802,806,0.24701665341854095,0.24701665341854095,1
502,506,0.24701665341854095,0.24701665341854095,1
500,514,0.24619907140731812,0.24619907140731812,1
800,814,0.24619907140731812,0.24619907140731812,1
10300,10314,0.24619907140731812,0.24619907140731812,1
13850,13864,0.24619907140731812,0.24619907140731812,1
500,504,0.24539519846439362,0.24539519846439362,1
800,804,0.24539519846439362,0.24539519846439362,1
10300,10304,0.24539519846439362,0.24539519846439362,1
13850,13854,0.24539519846439362,0.24539519846439362,1
9911,9913,0.2440461367368698,0.2440461367368698,1
9411,9413,0.2440461367368698,0.2440461367368698,1
10461,10463,0.2440461367368698,0.2440461367368698,1
8661,8663,0.2440461367368698,0.2440461367368698,1
8561,8563,0.2440461367368698,0.2440461367368698,1
10061,10063,0.2440461367368698,0.2440461367368698,1
7711,7713,0.2440461367368698,0.2440461367368698,1
11011,11013,0.2440461367368698,0.2440461367368698,1
11061,11063,0.2440461367368698,0.2440461367368698,1
11611,11613,0.2440461367368698,0.2440461367368698,1
12211,12213,0.2440461367368698,0.2440461367368698,1
12811,12813,0.2440461367368698,0.2440461367368698,1
13511,13513,0.2440461367368698,0.2440461367368698,1
7761,7763,0.2440461367368698,0.2440461367368698,1
11711,11713,0.2440461367368698,0.2440461367368698,1
7661,7663,0.2440461367368698,0.2440461367368698,1
1861,1863,0.2440461367368698,0.2440461367368698,1
11,13,0.2440461367368698,0.2440461367368698,1
411,413,0.2440461367368698,0.2440461367368698,1
861,863,0.2440461367368698,0.2440461367368698,1
961,963,0.2440461367368698,0.2440461367368698,1
1161,1163,0.2440461367368698,0.2440461367368698,1
1511,1513,0.2440461367368698,0.2440461367368698,1
7011,7013,0.2440461367368698,0.2440461367368698,1
3611,3613,0.2440461367368698,0.2440461367368698,1
5761,5763,0.2440461367368698,0.2440461367368698,1
6011,6013,0.2440461367368698,0.2440461367368698,1
6511,6513,0.2440461367368698,0.2440461367368698,1
6711,6713,0.2440461367368698,0.2440461367368698,1
5711,5713,0.2440461367368698,0.2440461367368698,1
11007,11013,0.24347913265228271,0.24347913265228271,1
8557,8563,0.24347913265228271,0.24347913265228271,1
8657,8663,0.24347913265228271,0.24347913265228271,1
9407,9413,0.24347913265228271,0.24347913265228271,1
9907,9913,0.24347913265228271,0.24347913265228271,1
10057,10063,0.24347913265228271,0.24347913265228271,1
10457,10463,0.24347913265228271,0.24347913265228271,1
11707,11713,0.24347913265228271,0.24347913265228271,1
11057,11063,0.24347913265228271,0.24347913265228271,1
11607,11613,0.24347913265228271,0.24347913265228271,1
12207,12213,0.24347913265228271,0.24347913265228271,1
12807,12813,0.24347913265228271,0.24347913265228271,1
13507,13513,0.24347913265228271,0.24347913265228271,1
7707,7713,0.24347913265228271,0.24347913265228271,1
7757,7763,0.24347913265228271,0.24347913265228271,1
7657,7663,0.24347913265228271,0.24347913265228271,1
7,13,0.24347913265228271,0.24347913265228271,1
1857,1863,0.24347913265228271,0.24347913265228271,1
7007,7013,0.24347913265228271,0.24347913265228271,1
407,413,0.24347913265228271,0.24347913265228271,1
857,863,0.24347913265228271,0.24347913265228271,1
957,963,0.24347913265228271,0.24347913265228271,1
1507,1513,0.24347913265228271,0.24347913265228271,1
1157,1163,0.24347913265228271,0.24347913265228271,1
3607,3613,0.24347913265228271,0.24347913265228271,1
5707,5713,0.24347913265228271,0.24347913265228271,1
5757,5763,0.24347913265228271,0.24347913265228271,1
6007,6013,0.24347913265228271,0.24347913265228271,1
6507,6513,0.24347913265228271,0.24347913265228271,1
6707,6713,0.24347913265228271,0.24347913265228271,1
13850,13862,0.24152863025665283,0.24152863025665283,1
10300,10312,0.24152863025665283,0.24152863025665283,1
500,512,0.24152863025665283,0.24152863025665283,1
800,812,0.24152863025665283,0.24152863025665283,1
11004,11005,0.24048486351966858,0.24048486351966858,1
8554,8555,0.24048486351966858,0.24048486351966858,1
9404,9405,0.24048486351966858,0.24048486351966858,1
9904,9905,0.24048486351966858,0.24048486351966858,1
10054,10055,0.24048486351966858,0.24048486351966858,1
10454,10455,0.24048486351966858,0.24048486351966858,1
13504,13505,0.24048486351966858,0.24048486351966858,1
11054,11055,0.24048486351966858,0.24048486351966858,1
11604,11605,0.24048486351966858,0.24048486351966858,1
11704,11705,0.24048486351966858,0.24048486351966858,1
12204,12205,0.24048486351966858,0.24048486351966858,1
12804,12805,0.24048486351966858,0.24048486351966858,1
7704,7705,0.24048486351966858,0.24048486351966858,1
7754,7755,0.24048486351966858,0.24048486351966858,1
8654,8655,0.24048486351966858,0.24048486351966858,1
7654,7655,0.24048486351966858,0.24048486351966858,1
1854,1855,0.24048486351966858,0.24048486351966858,1
4,5,0.24048486351966858,0.24048486351966858,1
404,405,0.24048486351966858,0.24048486351966858,1
854,855,0.24048486351966858,0.24048486351966858,1
954,955,0.24048486351966858,0.24048486351966858,1
1154,1155,0.24048486351966858,0.24048486351966858,1
1504,1505,0.24048486351966858,0.24048486351966858,1
7004,7005,0.24048486351966858,0.24048486351966858,1
3604,3605,0.24048486351966858,0.24048486351966858,1
5754,5755,0.24048486351966858,0.24048486351966858,1
6004,6005,0.24048486351966858,0.24048486351966858,1
6504,6505,0.24048486351966858,0.24048486351966858,1
6704,6705,0.24048486351966858,0.24048486351966858,1
5704,5705,0.24048486351966858,0.24048486351966858,1
11007,11024,0.23985213041305542,0.23985213041305542,1
8557,8574,0.23985213041305542,0.23985213041305542,1
8657,8674,0.23985213041305542,0.23985213041305542,1
9407,9424,0.23985213041305542,0.23985213041305542,1
9907,9924,0.23985213041305542,0.23985213041305542,1
10057,10074,0.23985213041305542,0.23985213041305542,1
10457,10474,0.23985213041305542,0.23985213041305542,1
11707,11724,0.23985213041305542,0.23985213041305542,1
11057,11074,0.23985213041305542,0.23985213041305542,1
11607,11624,0.23985213041305542,0.23985213041305542,1
12207,12224,0.23985213041305542,0.23985213041305542,1
12807,12824,0.23985213041305542,0.23985213041305542,1
13507,13524,0.23985213041305542,0.23985213041305542,1
7707,7724,0.23985213041305542,0.23985213041305542,1
7757,7774,0.23985213041305542,0.23985213041305542,1
7657,7674,0.23985213041305542,0.23985213041305542,1
1157,1174,0.23985213041305542,0.23985213041305542,1
6707,6724,0.23985213041305542,0.23985213041305542,1
6507,6524,0.23985213041305542,0.23985213041305542,1
6007,6024,0.23985213041305542,0.23985213041305542,1
5757,5774,0.23985213041305542,0.23985213041305542,1
5707,5724,0.23985213041305542,0.23985213041305542,1
3607,3624,0.23985213041305542,0.23985213041305542,1
1857,1874,0.23985213041305542,0.23985213041305542,1
1507,1524,0.23985213041305542,0.23985213041305542,1
7,24,0.23985213041305542,0.23985213041305542,1
957,974,0.23985213041305542,0.23985213041305542,1
857,874,0.23985213041305542,0.23985213041305542,1
407,424,0.23985213041305542,0.23985213041305542,1
7007,7024,0.23985213041305542,0.23985213041305542,1
8666,8674,0.23979105055332184,0.23979105055332184,1
9416,9424,0.23979105055332184,0.23979105055332184,1
7716,7724,0.23979105055332184,0.23979105055332184,1
8566,8574,0.23979105055332184,0.23979105055332184,1
10466,10474,0.23979105055332184,0.23979105055332184,1
10066,10074,0.23979105055332184,0.23979105055332184,1
13516,13524,0.23979105055332184,0.23979105055332184,1
11016,11024,0.23979105055332184,0.23979105055332184,1
11066,11074,0.23979105055332184,0.23979105055332184,1
11616,11624,0.23979105055332184,0.23979105055332184,1
11716,11724,0.23979105055332184,0.23979105055332184,1
12216,12224,0.23979105055332184,0.23979105055332184,1
12816,12824,0.23979105055332184,0.23979105055332184,1
7766,7774,0.23979105055332184,0.23979105055332184,1
9916,9924,0.23979105055332184,0.23979105055332184,1
7666,7674,0.23979105055332184,0.23979105055332184,1
1866,1874,0.23979105055332184,0.23979105055332184,1
16,24,0.23979105055332184,0.23979105055332184,1
416,424,0.23979105055332184,0.23979105055332184,1
866,874,0.23979105055332184,0.23979105055332184,1
966,974,0.23979105055332184,0.23979105055332184,1
1516,1524,0.23979105055332184,0.23979105055332184,1
1166,1174,0.23979105055332184,0.23979105055332184,1
3616,3624,0.23979105055332184,0.23979105055332184,1
5716,5724,0.23979105055332184,0.23979105055332184,1
5766,5774,0.23979105055332184,0.23979105055332184,1
6016,6024,0.23979105055332184,0.23979105055332184,1
6516,6524,0.23979105055332184,0.23979105055332184,1
6716,6724,0.23979105055332184,0.23979105055332184,1
7016,7024,0.23979105055332184,0.23979105055332184,1
501,511,0.2392786741256714,0.2392786741256714,1
801,811,0.2392786741256714,0.2392786741256714,1
10301,10311,0.2392786741256714,0.2392786741256714,1
13851,13861,0.2392786741256714,0.2392786741256714,1
13854,13856,0.23836377263069153,0.23836377263069153,1
10304,10306,0.23836377263069153,0.23836377263069153,1
804,806,0.23836377263069153,0.23836377263069153,1
504,506,0.23836377263069153,0.23836377263069153,1
501,513,0.23833227157592773,0.23833227157592773,1
801,813,0.23833227157592773,0.23833227157592773,1
10301,10313,0.23833227157592773,0.23833227157592773,1
13851,13863,0.23833227157592773,0.23833227157592773,1
10307,10324,0.23804709315299988,0.23804709315299988,1
13857,13874,0.23804709315299988,0.23804709315299988,1
507,524,0.23804709315299988,0.23804709315299988,1
807,824,0.23804709315299988,0.23804709315299988,1
516,524,0.23756997287273407,0.23756997287273407,1
816,824,0.23756997287273407,0.23756997287273407,1
10316,10324,0.23756997287273407,0.23756997287273407,1
13866,13874,0.23756997287273407,0.23756997287273407,1
511,513,0.23710139095783234,0.23710139095783234,1
811,813,0.23710139095783234,0.23710139095783234,1
10311,10313,0.23710139095783234,0.23710139095783234,1
13861,13863,0.23710139095783234,0.23710139095783234,1
10307,10311,0.2361767292022705,0.2361767292022705,1
13857,13861,0.2361767292022705,0.2361767292022705,1
507,511,0.2361767292022705,0.2361767292022705,1
807,811,0.2361767292022705,0.2361767292022705,1
501,507,0.23130519688129425,0.23130519688129425,1
801,807,0.23130519688129425,0.23130519688129425,1
10301,10307,0.23130519688129425,0.23130519688129425,1
13851,13857,0.23130519688129425,0.23130519688129425,1
7707,7711,0.2294268161058426,0.2294268161058426,1
13507,13511,0.2294268161058426,0.2294268161058426,1
12807,12811,0.2294268161058426,0.2294268161058426,1
12207,12211,0.2294268161058426,0.2294268161058426,1
11707,11711,0.2294268161058426,0.2294268161058426,1
11607,11611,0.2294268161058426,0.2294268161058426,1
11057,11061,0.2294268161058426,0.2294268161058426,1
11007,11011,0.2294268161058426,0.2294268161058426,1
10457,10461,0.2294268161058426,0.2294268161058426,1
10057,10061,0.2294268161058426,0.2294268161058426,1
9407,9411,0.2294268161058426,0.2294268161058426,1
8657,8661,0.2294268161058426,0.2294268161058426,1
8557,8561,0.2294268161058426,0.2294268161058426,1
7757,7761,0.2294268161058426,0.2294268161058426,1
9907,9911,0.2294268161058426,0.2294268161058426,1
7657,7661,0.2294268161058426,0.2294268161058426,1
3607,3611,0.2294268161058426,0.2294268161058426,1
407,411,0.2294268161058426,0.2294268161058426,1
857,861,0.2294268161058426,0.2294268161058426,1
957,961,0.2294268161058426,0.2294268161058426,1
1157,1161,0.2294268161058426,0.2294268161058426,1
1507,1511,0.2294268161058426,0.2294268161058426,1
1857,1861,0.2294268161058426,0.2294268161058426,1
7007,7011,0.2294268161058426,0.2294268161058426,1
5707,5711,0.2294268161058426,0.2294268161058426,1
7,11,0.2294268161058426,0.2294268161058426,1
6007,6011,0.2294268161058426,0.2294268161058426,1
6507,6511,0.2294268161058426,0.2294268161058426,1
6707,6711,0.2294268161058426,0.2294268161058426,1
5757,5761,0.2294268161058426,0.2294268161058426,1
11001,11011,0.2283579707145691,0.2283579707145691,1
8551,8561,0.2283579707145691,0.2283579707145691,1
8651,8661,0.2283579707145691,0.2283579707145691,1
9401,9411,0.2283579707145691,0.2283579707145691,1
9901,9911,0.2283579707145691,0.2283579707145691,1
10051,10061,0.2283579707145691,0.2283579707145691,1
10451,10461,0.2283579707145691,0.2283579707145691,1
11701,11711,0.2283579707145691,0.2283579707145691,1
11051,11061,0.2283579707145691,0.2283579707145691,1
11601,11611,0.2283579707145691,0.2283579707145691,1
12201,12211,0.2283579707145691,0.2283579707145691,1
12801,12811,0.2283579707145691,0.2283579707145691,1
13501,13511,0.2283579707145691,0.2283579707145691,1
7701,7711,0.2283579707145691,0.2283579707145691,1
7751,7761,0.2283579707145691,0.2283579707145691,1
7651,7661,0.2283579707145691,0.2283579707145691,1
1151,1161,0.2283579707145691,0.2283579707145691,1
1,11,0.2283579707145691,0.2283579707145691,1
6701,6711,0.2283579707145691,0.2283579707145691,1
6501,6511,0.2283579707145691,0.2283579707145691,1
6001,6011,0.2283579707145691,0.2283579707145691,1
5751,5761,0.2283579707145691,0.2283579707145691,1
5701,5711,0.2283579707145691,0.2283579707145691,1
3601,3611,0.2283579707145691,0.2283579707145691,1
1851,1861,0.2283579707145691,0.2283579707145691,1
1501,1511,0.2283579707145691,0.2283579707145691,1
951,961,0.2283579707145691,0.2283579707145691,1
851,861,0.2283579707145691,0.2283579707145691,1
401,411,0.2283579707145691,0.2283579707145691,1
7001,7011,0.2283579707145691,0.2283579707145691,1
518,533,0.22710058093070984,0.22710058093070984,1
818,833,0.22710058093070984,0.22710058093070984,1
10318,10333,0.22710058093070984,0.22710058093070984,1
13868,13883,0.22710058093070984,0.22710058093070984,1
10306,10307,0.22613707184791565,0.22613707184791565,1
13856,13857,0.22613707184791565,0.22613707184791565,1
506,507,0.22613707184791565,0.22613707184791565,1
806,807,0.22613707184791565,0.22613707184791565,1
13527,13532,0.22605647146701813,0.22605647146701813,1
12827,12832,0.22605647146701813,0.22605647146701813,1
12227,12232,0.22605647146701813,0.22605647146701813,1
11727,11732,0.22605647146701813,0.22605647146701813,1
11627,11632,0.22605647146701813,0.22605647146701813,1
11077,11082,0.22605647146701813,0.22605647146701813,1
11027,11032,0.22605647146701813,0.22605647146701813,1
10477,10482,0.22605647146701813,0.22605647146701813,1
10077,10082,0.22605647146701813,0.22605647146701813,1
9927,9932,0.22605647146701813,0.22605647146701813,1
7727,7732,0.22605647146701813,0.22605647146701813,1
9427,9432,0.22605647146701813,0.22605647146701813,1
8677,8682,0.22605647146701813,0.22605647146701813,1
8577,8582,0.22605647146701813,0.22605647146701813,1
7777,7782,0.22605647146701813,0.22605647146701813,1
6027,6032,0.22605647146701813,0.22605647146701813,1
7677,7682,0.22605647146701813,0.22605647146701813,1
1527,1532,0.22605647146701813,0.22605647146701813,1
7027,7032,0.22605647146701813,0.22605647146701813,1
27,32,0.22605647146701813,0.22605647146701813,1
427,432,0.22605647146701813,0.22605647146701813,1
877,882,0.22605647146701813,0.22605647146701813,1
1177,1182,0.22605647146701813,0.22605647146701813,1
977,982,0.22605647146701813,0.22605647146701813,1
1877,1882,0.22605647146701813,0.22605647146701813,1
3627,3632,0.22605647146701813,0.22605647146701813,1
5727,5732,0.22605647146701813,0.22605647146701813,1
5777,5782,0.22605647146701813,0.22605647146701813,1
6527,6532,0.22605647146701813,0.22605647146701813,1
6727,6732,0.22605647146701813,0.22605647146701813,1
11002,11006,0.2258969396352768,0.2258969396352768,1
8552,8556,0.2258969396352768,0.2258969396352768,1
8652,8656,0.2258969396352768,0.2258969396352768,1
9402,9406,0.2258969396352768,0.2258969396352768,1
10052,10056,0.2258969396352768,0.2258969396352768,1
10452,10456,0.2258969396352768,0.2258969396352768,1
7702,7706,0.2258969396352768,0.2258969396352768,1
11052,11056,0.2258969396352768,0.2258969396352768,1
11602,11606,0.2258969396352768,0.2258969396352768,1
11702,11706,0.2258969396352768,0.2258969396352768,1
12202,12206,0.2258969396352768,0.2258969396352768,1
12802,12806,0.2258969396352768,0.2258969396352768,1
13502,13506,0.2258969396352768,0.2258969396352768,1
7752,7756,0.2258969396352768,0.2258969396352768,1
9902,9906,0.2258969396352768,0.2258969396352768,1
7652,7656,0.2258969396352768,0.2258969396352768,1
3602,3606,0.2258969396352768,0.2258969396352768,1
402,406,0.2258969396352768,0.2258969396352768,1
852,856,0.2258969396352768,0.2258969396352768,1
952,956,0.2258969396352768,0.2258969396352768,1
1152,1156,0.2258969396352768,0.2258969396352768,1
1502,1506,0.2258969396352768,0.2258969396352768,1
1852,1856,0.2258969396352768,0.2258969396352768,1
7002,7006,0.2258969396352768,0.2258969396352768,1
5702,5706,0.2258969396352768,0.2258969396352768,1
2,6,0.2258969396352768,0.2258969396352768,1
6002,6006,0.2258969396352768,0.2258969396352768,1
6502,6506,0.2258969396352768,0.2258969396352768,1
6702,6706,0.2258969396352768,0.2258969396352768,1
5752,5756,0.2258969396352768,0.2258969396352768,1
11007,11032,0.22565525770187378,0.22565525770187378,1
8657,8682,0.22565525770187378,0.22565525770187378,1
9407,9432,0.22565525770187378,0.22565525770187378,1
9907,9932,0.22565525770187378,0.22565525770187378,1
10057,10082,0.22565525770187378,0.22565525770187378,1
10457,10482,0.22565525770187378,0.22565525770187378,1
7707,7732,0.22565525770187378,0.22565525770187378,1
11057,11082,0.22565525770187378,0.22565525770187378,1
11607,11632,0.22565525770187378,0.22565525770187378,1
11707,11732,0.22565525770187378,0.22565525770187378,1
12207,12232,0.22565525770187378,0.22565525770187378,1
12807,12832,0.22565525770187378,0.22565525770187378,1
13507,13532,0.22565525770187378,0.22565525770187378,1
8557,8582,0.22565525770187378,0.22565525770187378,1
7757,7782,0.22565525770187378,0.22565525770187378,1
7657,7682,0.22565525770187378,0.22565525770187378,1
7007,7032,0.22565525770187378,0.22565525770187378,1
6707,6732,0.22565525770187378,0.22565525770187378,1
6507,6532,0.22565525770187378,0.22565525770187378,1
6007,6032,0.22565525770187378,0.22565525770187378,1
5757,5782,0.22565525770187378,0.22565525770187378,1
5707,5732,0.22565525770187378,0.22565525770187378,1
3607,3632,0.22565525770187378,0.22565525770187378,1
1857,1882,0.22565525770187378,0.22565525770187378,1
1507,1532,0.22565525770187378,0.22565525770187378,1
1157,1182,0.22565525770187378,0.22565525770187378,1
957,982,0.22565525770187378,0.22565525770187378,1
857,882,0.22565525770187378,0.22565525770187378,1
407,432,0.22565525770187378,0.22565525770187378,1
7,32,0.22565525770187378,0.22565525770187378,1
13851,13883,0.22542275488376617,0.22542275488376617,1
10301,10333,0.22542275488376617,0.22542275488376617,1
501,533,0.22542275488376617,0.22542275488376617,1
801,833,0.22542275488376617,0.22542275488376617,1
7712,7743,0.22514817118644714,0.22514817118644714,1
10462,10493,0.22514817118644714,0.22514817118644714,1
8562,8593,0.22514817118644714,0.22514817118644714,1
8662,8693,0.22514817118644714,0.22514817118644714,1
9412,9443,0.22514817118644714,0.22514817118644714,1
9912,9943,0.22514817118644714,0.22514817118644714,1
10062,10093,0.22514817118644714,0.22514817118644714,1
11062,11093,0.22514817118644714,0.22514817118644714,1
11012,11043,0.22514817118644714,0.22514817118644714,1
11612,11643,0.22514817118644714,0.22514817118644714,1
11712,11743,0.22514817118644714,0.22514817118644714,1
12212,12243,0.22514817118644714,0.22514817118644714,1
12812,12843,0.22514817118644714,0.22514817118644714,1
13512,13543,0.22514817118644714,0.22514817118644714,1
7762,7793,0.22514817118644714,0.22514817118644714,1
6712,6743,0.22514817118644714,0.22514817118644714,1
7662,7693,0.22514817118644714,0.22514817118644714,1
1862,1893,0.22514817118644714,0.22514817118644714,1
12,43,0.22514817118644714,0.22514817118644714,1
7012,7043,0.22514817118644714,0.22514817118644714,1
412,443,0.22514817118644714,0.22514817118644714,1
862,893,0.22514817118644714,0.22514817118644714,1
962,993,0.22514817118644714,0.22514817118644714,1
1512,1543,0.22514817118644714,0.22514817118644714,1
1162,1193,0.22514817118644714,0.22514817118644714,1
3612,3643,0.22514817118644714,0.22514817118644714,1
5712,5743,0.22514817118644714,0.22514817118644714,1
5762,5793,0.22514817118644714,0.22514817118644714,1
6012,6043,0.22514817118644714,0.22514817118644714,1
6512,6543,0.22514817118644714,0.22514817118644714,1
13857,13882,0.2240641713142395,0.2240641713142395,1
10307,10332,0.2240641713142395,0.2240641713142395,1
807,832,0.2240641713142395,0.2240641713142395,1
507,532,0.2240641713142395,0.2240641713142395,1
11018,11033,0.22351959347724915,0.22351959347724915,1
8668,8683,0.22351959347724915,0.22351959347724915,1
9418,9433,0.22351959347724915,0.22351959347724915,1
9918,9933,0.22351959347724915,0.22351959347724915,1
10068,10083,0.22351959347724915,0.22351959347724915,1
10468,10483,0.22351959347724915,0.22351959347724915,1
13518,13533,0.22351959347724915,0.22351959347724915,1
11068,11083,0.22351959347724915,0.22351959347724915,1
11618,11633,0.22351959347724915,0.22351959347724915,1
11718,11733,0.22351959347724915,0.22351959347724915,1
12218,12233,0.22351959347724915,0.22351959347724915,1
12818,12833,0.22351959347724915,0.22351959347724915,1
7718,7733,0.22351959347724915,0.22351959347724915,1
7768,7783,0.22351959347724915,0.22351959347724915,1
8568,8583,0.22351959347724915,0.22351959347724915,1
7668,7683,0.22351959347724915,0.22351959347724915,1
1518,1533,0.22351959347724915,0.22351959347724915,1
18,33,0.22351959347724915,0.22351959347724915,1
418,433,0.22351959347724915,0.22351959347724915,1
868,883,0.22351959347724915,0.22351959347724915,1
968,983,0.22351959347724915,0.22351959347724915,1
1168,1183,0.22351959347724915,0.22351959347724915,1
1868,1883,0.22351959347724915,0.22351959347724915,1
3618,3633,0.22351959347724915,0.22351959347724915,1
5718,5733,0.22351959347724915,0.22351959347724915,1
5768,5783,0.22351959347724915,0.22351959347724915,1
6018,6033,0.22351959347724915,0.22351959347724915,1
6518,6533,0.22351959347724915,0.22351959347724915,1
6718,6733,0.22351959347724915,0.22351959347724915,1
7018,7033,0.22351959347724915,0.22351959347724915,1
7707,7733,0.22287794947624207,0.22287794947624207,1
13507,13533,0.22287794947624207,0.22287794947624207,1
12807,12833,0.22287794947624207,0.22287794947624207,1
12207,12233,0.22287794947624207,0.22287794947624207,1
11707,11733,0.22287794947624207,0.22287794947624207,1
11607,11633,0.22287794947624207,0.22287794947624207,1
11057,11083,0.22287794947624207,0.22287794947624207,1
11007,11033,0.22287794947624207,0.22287794947624207,1
10457,10483,0.22287794947624207,0.22287794947624207,1
10057,10083,0.22287794947624207,0.22287794947624207,1
9907,9933,0.22287794947624207,0.22287794947624207,1
9407,9433,0.22287794947624207,0.22287794947624207,1
8657,8683,0.22287794947624207,0.22287794947624207,1
8557,8583,0.22287794947624207,0.22287794947624207,1
7757,7783,0.22287794947624207,0.22287794947624207,1
7657,7683,0.22287794947624207,0.22287794947624207,1
1857,1883,0.22287794947624207,0.22287794947624207,1
7,33,0.22287794947624207,0.22287794947624207,1
407,433,0.22287794947624207,0.22287794947624207,1
857,883,0.22287794947624207,0.22287794947624207,1
957,983,0.22287794947624207,0.22287794947624207,1
1157,1183,0.22287794947624207,0.22287794947624207,1
1507,1533,0.22287794947624207,0.22287794947624207,1
6507,6533,0.22287794947624207,0.22287794947624207,1
3607,3633,0.22287794947624207,0.22287794947624207,1
5757,5783,0.22287794947624207,0.22287794947624207,1
6007,6033,0.22287794947624207,0.22287794947624207,1
7007,7033,0.22287794947624207,0.22287794947624207,1
6707,6733,0.22287794947624207,0.22287794947624207,1
5707,5733,0.22287794947624207,0.22287794947624207,1
527,532,0.22286507487297058,0.22286507487297058,1
827,832,0.22286507487297058,0.22286507487297058,1
10327,10332,0.22286507487297058,0.22286507487297058,1
13877,13882,0.22286507487297058,0.22286507487297058,1
7701,7707,0.22279107570648193,0.22279107570648193,1
10451,10457,0.22279107570648193,0.22279107570648193,1
8551,8557,0.22279107570648193,0.22279107570648193,1
8651,8657,0.22279107570648193,0.22279107570648193,1
9401,9407,0.22279107570648193,0.22279107570648193,1
9901,9907,0.22279107570648193,0.22279107570648193,1
10051,10057,0.22279107570648193,0.22279107570648193,1
11051,11057,0.22279107570648193,0.22279107570648193,1
11001,11007,0.22279107570648193,0.22279107570648193,1
11601,11607,0.22279107570648193,0.22279107570648193,1
11701,11707,0.22279107570648193,0.22279107570648193,1
12201,12207,0.22279107570648193,0.22279107570648193,1
12801,12807,0.22279107570648193,0.22279107570648193,1
13501,13507,0.22279107570648193,0.22279107570648193,1
7751,7757,0.22279107570648193,0.22279107570648193,1
7001,7007,0.22279107570648193,0.22279107570648193,1
7651,7657,0.22279107570648193,0.22279107570648193,1
1851,1857,0.22279107570648193,0.22279107570648193,1
401,407,0.22279107570648193,0.22279107570648193,1
851,857,0.22279107570648193,0.22279107570648193,1
951,957,0.22279107570648193,0.22279107570648193,1
1151,1157,0.22279107570648193,0.22279107570648193,1
1501,1507,0.22279107570648193,0.22279107570648193,1
1,7,0.22279107570648193,0.22279107570648193,1
3601,3607,0.22279107570648193,0.22279107570648193,1
5751,5757,0.22279107570648193,0.22279107570648193,1
6001,6007,0.22279107570648193,0.22279107570648193,1
6501,6507,0.22279107570648193,0.22279107570648193,1
6701,6707,0.22279107570648193,0.22279107570648193,1
5701,5707,0.22279107570648193,0.22279107570648193,1
11034,11043,0.2224687933921814,0.2224687933921814,1
8584,8593,0.2224687933921814,0.2224687933921814,1
8684,8693,0.2224687933921814,0.2224687933921814,1
9434,9443,0.2224687933921814,0.2224687933921814,1
9934,9943,0.2224687933921814,0.2224687933921814,1
10084,10093,0.2224687933921814,0.2224687933921814,1
10484,10493,0.2224687933921814,0.2224687933921814,1
11734,11743,0.2224687933921814,0.2224687933921814,1
11084,11093,0.2224687933921814,0.2224687933921814,1
11634,11643,0.2224687933921814,0.2224687933921814,1
12234,12243,0.2224687933921814,0.2224687933921814,1
12834,12843,0.2224687933921814,0.2224687933921814,1
13534,13543,0.2224687933921814,0.2224687933921814,1
7734,7743,0.2224687933921814,0.2224687933921814,1
7784,7793,0.2224687933921814,0.2224687933921814,1
7034,7043,0.2224687933921814,0.2224687933921814,1
7684,7693,0.2224687933921814,0.2224687933921814,1
1884,1893,0.2224687933921814,0.2224687933921814,1
434,443,0.2224687933921814,0.2224687933921814,1
884,893,0.2224687933921814,0.2224687933921814,1
984,993,0.2224687933921814,0.2224687933921814,1
1184,1193,0.2224687933921814,0.2224687933921814,1
1534,1543,0.2224687933921814,0.2224687933921814,1
34,43,0.2224687933921814,0.2224687933921814,1
3634,3643,0.2224687933921814,0.2224687933921814,1
5784,5793,0.2224687933921814,0.2224687933921814,1
6034,6043,0.2224687933921814,0.2224687933921814,1
6534,6543,0.2224687933921814,0.2224687933921814,1
6734,6743,0.2224687933921814,0.2224687933921814,1
5734,5743,0.2224687933921814,0.2224687933921814,1
11006,11007,0.22176244854927063,0.22176244854927063,1
8556,8557,0.22176244854927063,0.22176244854927063,1
8656,8657,0.22176244854927063,0.22176244854927063,1
9406,9407,0.22176244854927063,0.22176244854927063,1
9906,9907,0.22176244854927063,0.22176244854927063,1
10056,10057,0.22176244854927063,0.22176244854927063,1
10456,10457,0.22176244854927063,0.22176244854927063,1
7706,7707,0.22176244854927063,0.22176244854927063,1
11056,11057,0.22176244854927063,0.22176244854927063,1
11606,11607,0.22176244854927063,0.22176244854927063,1
11706,11707,0.22176244854927063,0.22176244854927063,1
12206,12207,0.22176244854927063,0.22176244854927063,1
12806,12807,0.22176244854927063,0.22176244854927063,1
13506,13507,0.22176244854927063,0.22176244854927063,1
7756,7757,0.22176244854927063,0.22176244854927063,1
6006,6007,0.22176244854927063,0.22176244854927063,1
7656,7657,0.22176244854927063,0.22176244854927063,1
1856,1857,0.22176244854927063,0.22176244854927063,1
6,7,0.22176244854927063,0.22176244854927063,1
406,407,0.22176244854927063,0.22176244854927063,1
856,857,0.22176244854927063,0.22176244854927063,1
956,957,0.22176244854927063,0.22176244854927063,1
7006,7007,0.22176244854927063,0.22176244854927063,1
1506,1507,0.22176244854927063,0.22176244854927063,1
1156,1157,0.22176244854927063,0.22176244854927063,1
3606,3607,0.22176244854927063,0.22176244854927063,1
5706,5707,0.22176244854927063,0.22176244854927063,1
5756,5757,0.22176244854927063,0.22176244854927063,1
6506,6507,0.22176244854927063,0.22176244854927063,1
6706,6707,0.22176244854927063,0.22176244854927063,1
8554,8556,0.21981333196163177,0.21981333196163177,1
8654,8656,0.21981333196163177,0.21981333196163177,1
9404,9406,0.21981333196163177,0.21981333196163177,1
10454,10456,0.21981333196163177,0.21981333196163177,1
9904,9906,0.21981333196163177,0.21981333196163177,1
10054,10056,0.21981333196163177,0.21981333196163177,1
7704,7706,0.21981333196163177,0.21981333196163177,1
11004,11006,0.21981333196163177,0.21981333196163177,1
11054,11056,0.21981333196163177,0.21981333196163177,1
11604,11606,0.21981333196163177,0.21981333196163177,1
11704,11706,0.21981333196163177,0.21981333196163177,1
12204,12206,0.21981333196163177,0.21981333196163177,1
12804,12806,0.21981333196163177,0.21981333196163177,1
13504,13506,0.21981333196163177,0.21981333196163177,1
7754,7756,0.21981333196163177,0.21981333196163177,1
6004,6006,0.21981333196163177,0.21981333196163177,1
7654,7656,0.21981333196163177,0.21981333196163177,1
1154,1156,0.21981333196163177,0.21981333196163177,1
7004,7006,0.21981333196163177,0.21981333196163177,1
4,6,0.21981333196163177,0.21981333196163177,1
404,406,0.21981333196163177,0.21981333196163177,1
854,856,0.21981333196163177,0.21981333196163177,1
954,956,0.21981333196163177,0.21981333196163177,1
1504,1506,0.21981333196163177,0.21981333196163177,1
6704,6706,0.21981333196163177,0.21981333196163177,1
5754,5756,0.21981333196163177,0.21981333196163177,1
6504,6506,0.21981333196163177,0.21981333196163177,1
1854,1856,0.21981333196163177,0.21981333196163177,1
5704,5706,0.21981333196163177,0.21981333196163177,1
3604,3606,0.21981333196163177,0.21981333196163177,1
501,516,0.21867309510707855,0.21867309510707855,1
10301,10316,0.21867309510707855,0.21867309510707855,1
13851,13866,0.21867309510707855,0.21867309510707855,1
801,816,0.21867309510707855,0.21867309510707855,1
507,526,0.2178928256034851,0.2178928256034851,1
807,826,0.2178928256034851,0.2178928256034851,1
10307,10326,0.2178928256034851,0.2178928256034851,1
13857,13876,0.2178928256034851,0.2178928256034851,1
516,526,0.2169596552848816,0.2169596552848816,1
816,826,0.2169596552848816,0.2169596552848816,1
10316,10326,0.2169596552848816,0.2169596552848816,1
13866,13876,0.2169596552848816,0.2169596552848816,1
511,516,0.21498416364192963,0.21498416364192963,1
811,816,0.21498416364192963,0.21498416364192963,1
10311,10316,0.21498416364192963,0.21498416364192963,1
13861,13866,0.21498416364192963,0.21498416364192963,1
13520,13526,0.21355676651000977,0.21355676651000977,1
12820,12826,0.21355676651000977,0.21355676651000977,1
12220,12226,0.21355676651000977,0.21355676651000977,1
11720,11726,0.21355676651000977,0.21355676651000977,1
11620,11626,0.21355676651000977,0.21355676651000977,1
11070,11076,0.21355676651000977,0.21355676651000977,1
7720,7726,0.21355676651000977,0.21355676651000977,1
11020,11026,0.21355676651000977,0.21355676651000977,1
10470,10476,0.21355676651000977,0.21355676651000977,1
10070,10076,0.21355676651000977,0.21355676651000977,1
9920,9926,0.21355676651000977,0.21355676651000977,1
9420,9426,0.21355676651000977,0.21355676651000977,1
8670,8676,0.21355676651000977,0.21355676651000977,1
8570,8576,0.21355676651000977,0.21355676651000977,1
7770,7776,0.21355676651000977,0.21355676651000977,1
1870,1876,0.21355676651000977,0.21355676651000977,1
7670,7676,0.21355676651000977,0.21355676651000977,1
1520,1526,0.21355676651000977,0.21355676651000977,1
7020,7026,0.21355676651000977,0.21355676651000977,1
20,26,0.21355676651000977,0.21355676651000977,1
420,426,0.21355676651000977,0.21355676651000977,1
870,876,0.21355676651000977,0.21355676651000977,1
1170,1176,0.21355676651000977,0.21355676651000977,1
970,976,0.21355676651000977,0.21355676651000977,1
3620,3626,0.21355676651000977,0.21355676651000977,1
5720,5726,0.21355676651000977,0.21355676651000977,1
5770,5776,0.21355676651000977,0.21355676651000977,1
6020,6026,0.21355676651000977,0.21355676651000977,1
6520,6526,0.21355676651000977,0.21355676651000977,1
6720,6726,0.21355676651000977,0.21355676651000977,1
10457,10476,0.21318745613098145,0.21318745613098145,1
8557,8576,0.21318745613098145,0.21318745613098145,1
8657,8676,0.21318745613098145,0.21318745613098145,1
9407,9426,0.21318745613098145,0.21318745613098145,1
9907,9926,0.21318745613098145,0.21318745613098145,1
10057,10076,0.21318745613098145,0.21318745613098145,1
13507,13526,0.21318745613098145,0.21318745613098145,1
11007,11026,0.21318745613098145,0.21318745613098145,1
11057,11076,0.21318745613098145,0.21318745613098145,1
11607,11626,0.21318745613098145,0.21318745613098145,1
11707,11726,0.21318745613098145,0.21318745613098145,1
12207,12226,0.21318745613098145,0.21318745613098145,1
12807,12826,0.21318745613098145,0.21318745613098145,1
7707,7726,0.21318745613098145,0.21318745613098145,1
7757,7776,0.21318745613098145,0.21318745613098145,1
6507,6526,0.21318745613098145,0.21318745613098145,1
7657,7676,0.21318745613098145,0.21318745613098145,1
1507,1526,0.21318745613098145,0.21318745613098145,1
7,26,0.21318745613098145,0.21318745613098145,1
407,426,0.21318745613098145,0.21318745613098145,1
857,876,0.21318745613098145,0.21318745613098145,1
7007,7026,0.21318745613098145,0.21318745613098145,1
1157,1176,0.21318745613098145,0.21318745613098145,1
957,976,0.21318745613098145,0.21318745613098145,1
1857,1876,0.21318745613098145,0.21318745613098145,1
3607,3626,0.21318745613098145,0.21318745613098145,1
5707,5726,0.21318745613098145,0.21318745613098145,1
5757,5776,0.21318745613098145,0.21318745613098145,1
6007,6026,0.21318745613098145,0.21318745613098145,1
6707,6726,0.21318745613098145,0.21318745613098145,1
10301,10344,0.21109695732593536,0.21109695732593536,1
13851,13894,0.21109695732593536,0.21109695732593536,1
801,844,0.21109695732593536,0.21109695732593536,1
501,544,0.21109695732593536,0.21109695732593536,1
520,527,0.21046586334705353,0.21046586334705353,1
820,827,0.21046586334705353,0.21046586334705353,1
10320,10327,0.21046586334705353,0.21046586334705353,1
13870,13877,0.21046586334705353,0.21046586334705353,1
520,544,0.21028538048267365,0.21028538048267365,1
820,844,0.21028538048267365,0.21028538048267365,1
10320,10344,0.21028538048267365,0.21028538048267365,1
13870,13894,0.21028538048267365,0.21028538048267365,1
13868,13877,0.21018896996974945,0.21018896996974945,1
10318,10327,0.21018896996974945,0.21018896996974945,1
518,527,0.21018896996974945,0.21018896996974945,1
818,827,0.21018896996974945,0.21018896996974945,1
9420,9427,0.20871587097644806,0.20871587097644806,1
11020,11027,0.20871587097644806,0.20871587097644806,1
8670,8677,0.20871587097644806,0.20871587097644806,1
9920,9927,0.20871587097644806,0.20871587097644806,1
10070,10077,0.20871587097644806,0.20871587097644806,1
10470,10477,0.20871587097644806,0.20871587097644806,1
12820,12827,0.20871587097644806,0.20871587097644806,1
11070,11077,0.20871587097644806,0.20871587097644806,1
11620,11627,0.20871587097644806,0.20871587097644806,1
11720,11727,0.20871587097644806,0.20871587097644806,1
12220,12227,0.20871587097644806,0.20871587097644806,1
7770,7777,0.20871587097644806,0.20871587097644806,1
13520,13527,0.20871587097644806,0.20871587097644806,1
8570,8577,0.20871587097644806,0.20871587097644806,1
7720,7727,0.20871587097644806,0.20871587097644806,1
970,977,0.20871587097644806,0.20871587097644806,1
3620,3627,0.20871587097644806,0.20871587097644806,1
20,27,0.20871587097644806,0.20871587097644806,1
420,427,0.20871587097644806,0.20871587097644806,1
870,877,0.20871587097644806,0.20871587097644806,1
7670,7677,0.20871587097644806,0.20871587097644806,1
1170,1177,0.20871587097644806,0.20871587097644806,1
1870,1877,0.20871587097644806,0.20871587097644806,1
1520,1527,0.20871587097644806,0.20871587097644806,1
5720,5727,0.20871587097644806,0.20871587097644806,1
5770,5777,0.20871587097644806,0.20871587097644806,1
6020,6027,0.20871587097644806,0.20871587097644806,1
6520,6527,0.20871587097644806,0.20871587097644806,1
6720,6727,0.20871587097644806,0.20871587097644806,1
7020,7027,0.20871587097644806,0.20871587097644806,1
9418,9427,0.20821386575698853,0.20821386575698853,1
10068,10077,0.20821386575698853,0.20821386575698853,1
11018,11027,0.20821386575698853,0.20821386575698853,1
8668,8677,0.20821386575698853,0.20821386575698853,1
8568,8577,0.20821386575698853,0.20821386575698853,1
10468,10477,0.20821386575698853,0.20821386575698853,1
7718,7727,0.20821386575698853,0.20821386575698853,1
11068,11077,0.20821386575698853,0.20821386575698853,1
11618,11627,0.20821386575698853,0.20821386575698853,1
11718,11727,0.20821386575698853,0.20821386575698853,1
12218,12227,0.20821386575698853,0.20821386575698853,1
12818,12827,0.20821386575698853,0.20821386575698853,1
13518,13527,0.20821386575698853,0.20821386575698853,1
7768,7777,0.20821386575698853,0.20821386575698853,1
9918,9927,0.20821386575698853,0.20821386575698853,1
7668,7677,0.20821386575698853,0.20821386575698853,1
3618,3627,0.20821386575698853,0.20821386575698853,1
7018,7027,0.20821386575698853,0.20821386575698853,1
868,877,0.20821386575698853,0.20821386575698853,1
968,977,0.20821386575698853,0.20821386575698853,1
1168,1177,0.20821386575698853,0.20821386575698853,1
1518,1527,0.20821386575698853,0.20821386575698853,1
1868,1877,0.20821386575698853,0.20821386575698853,1
418,427,0.20821386575698853,0.20821386575698853,1
5718,5727,0.20821386575698853,0.20821386575698853,1
18,27,0.20821386575698853,0.20821386575698853,1
6018,6027,0.20821386575698853,0.20821386575698853,1
6518,6527,0.20821386575698853,0.20821386575698853,1
6718,6727,0.20821386575698853,0.20821386575698853,1
5768,5777,0.20821386575698853,0.20821386575698853,1
11018,11035,0.20813289284706116,0.20813289284706116,1
8568,8585,0.20813289284706116,0.20813289284706116,1
8668,8685,0.20813289284706116,0.20813289284706116,1
9918,9935,0.20813289284706116,0.20813289284706116,1
10068,10085,0.20813289284706116,0.20813289284706116,1
10468,10485,0.20813289284706116,0.20813289284706116,1
11718,11735,0.20813289284706116,0.20813289284706116,1
11068,11085,0.20813289284706116,0.20813289284706116,1
11618,11635,0.20813289284706116,0.20813289284706116,1
12218,12235,0.20813289284706116,0.20813289284706116,1
12818,12835,0.20813289284706116,0.20813289284706116,1
13518,13535,0.20813289284706116,0.20813289284706116,1
7718,7735,0.20813289284706116,0.20813289284706116,1
7768,7785,0.20813289284706116,0.20813289284706116,1
9418,9435,0.20813289284706116,0.20813289284706116,1
7668,7685,0.20813289284706116,0.20813289284706116,1
3618,3635,0.20813289284706116,0.20813289284706116,1
7018,7035,0.20813289284706116,0.20813289284706116,1
418,435,0.20813289284706116,0.20813289284706116,1
868,885,0.20813289284706116,0.20813289284706116,1
968,985,0.20813289284706116,0.20813289284706116,1
1168,1185,0.20813289284706116,0.20813289284706116,1
1868,1885,0.20813289284706116,0.20813289284706116,1
1518,1535,0.20813289284706116,0.20813289284706116,1
5718,5735,0.20813289284706116,0.20813289284706116,1
5768,5785,0.20813289284706116,0.20813289284706116,1
6018,6035,0.20813289284706116,0.20813289284706116,1
18,35,0.20813289284706116,0.20813289284706116,1
6518,6535,0.20813289284706116,0.20813289284706116,1
6718,6735,0.20813289284706116,0.20813289284706116,1
501,531,0.20770856738090515,0.20770856738090515,1
801,831,0.20770856738090515,0.20770856738090515,1
10301,10331,0.20770856738090515,0.20770856738090515,1
13851,13881,0.20770856738090515,0.20770856738090515,1
10307,10308,0.20733529329299927,0.20733529329299927,1
13857,13858,0.20733529329299927,0.20733529329299927,1
507,508,0.20733529329299927,0.20733529329299927,1
807,808,0.20733529329299927,0.20733529329299927,1
13507,13516,0.2072940468788147,0.2072940468788147,1
12807,12816,0.2072940468788147,0.2072940468788147,1
12207,12216,0.2072940468788147,0.2072940468788147,1
11707,11716,0.2072940468788147,0.2072940468788147,1
11607,11616,0.2072940468788147,0.2072940468788147,1
11057,11066,0.2072940468788147,0.2072940468788147,1
11007,11016,0.2072940468788147,0.2072940468788147,1
10457,10466,0.2072940468788147,0.2072940468788147,1
10057,10066,0.2072940468788147,0.2072940468788147,1
9907,9916,0.2072940468788147,0.2072940468788147,1
9407,9416,0.2072940468788147,0.2072940468788147,1
7707,7716,0.2072940468788147,0.2072940468788147,1
8657,8666,0.2072940468788147,0.2072940468788147,1
8557,8566,0.2072940468788147,0.2072940468788147,1
7757,7766,0.2072940468788147,0.2072940468788147,1
6507,6516,0.2072940468788147,0.2072940468788147,1
7657,7666,0.2072940468788147,0.2072940468788147,1
1507,1516,0.2072940468788147,0.2072940468788147,1
7007,7016,0.2072940468788147,0.2072940468788147,1
7,16,0.2072940468788147,0.2072940468788147,1
407,416,0.2072940468788147,0.2072940468788147,1
857,866,0.2072940468788147,0.2072940468788147,1
1157,1166,0.2072940468788147,0.2072940468788147,1
957,966,0.2072940468788147,0.2072940468788147,1
1857,1866,0.2072940468788147,0.2072940468788147,1
3607,3616,0.2072940468788147,0.2072940468788147,1
5707,5716,0.2072940468788147,0.2072940468788147,1
5757,5766,0.2072940468788147,0.2072940468788147,1
6007,6016,0.2072940468788147,0.2072940468788147,1
6707,6716,0.2072940468788147,0.2072940468788147,1
10451,10485,0.20726220309734344,0.20726220309734344,1
8551,8585,0.20726220309734344,0.20726220309734344,1
8651,8685,0.20726220309734344,0.20726220309734344,1
9401,9435,0.20726220309734344,0.20726220309734344,1
9901,9935,0.20726220309734344,0.20726220309734344,1
10051,10085,0.20726220309734344,0.20726220309734344,1
13501,13535,0.20726220309734344,0.20726220309734344,1
11001,11035,0.20726220309734344,0.20726220309734344,1
11051,11085,0.20726220309734344,0.20726220309734344,1
11601,11635,0.20726220309734344,0.20726220309734344,1
11701,11735,0.20726220309734344,0.20726220309734344,1
12201,12235,0.20726220309734344,0.20726220309734344,1
12801,12835,0.20726220309734344,0.20726220309734344,1
7751,7785,0.20726220309734344,0.20726220309734344,1
7701,7735,0.20726220309734344,0.20726220309734344,1
7651,7685,0.20726220309734344,0.20726220309734344,1
1851,1885,0.20726220309734344,0.20726220309734344,1
7001,7035,0.20726220309734344,0.20726220309734344,1
1,35,0.20726220309734344,0.20726220309734344,1
401,435,0.20726220309734344,0.20726220309734344,1
851,885,0.20726220309734344,0.20726220309734344,1
1151,1185,0.20726220309734344,0.20726220309734344,1
1501,1535,0.20726220309734344,0.20726220309734344,1
951,985,0.20726220309734344,0.20726220309734344,1
3601,3635,0.20726220309734344,0.20726220309734344,1
5701,5735,0.20726220309734344,0.20726220309734344,1
5751,5785,0.20726220309734344,0.20726220309734344,1
6001,6035,0.20726220309734344,0.20726220309734344,1
6501,6535,0.20726220309734344,0.20726220309734344,1
6701,6735,0.20726220309734344,0.20726220309734344,1
11011,11016,0.20721134543418884,0.20721134543418884,1
8561,8566,0.20721134543418884,0.20721134543418884,1
8661,8666,0.20721134543418884,0.20721134543418884,1
9411,9416,0.20721134543418884,0.20721134543418884,1
9911,9916,0.20721134543418884,0.20721134543418884,1
10061,10066,0.20721134543418884,0.20721134543418884,1
10461,10466,0.20721134543418884,0.20721134543418884,1
7711,7716,0.20721134543418884,0.20721134543418884,1
11061,11066,0.20721134543418884,0.20721134543418884,1
11611,11616,0.20721134543418884,0.20721134543418884,1
11711,11716,0.20721134543418884,0.20721134543418884,1
12211,12216,0.20721134543418884,0.20721134543418884,1
12811,12816,0.20721134543418884,0.20721134543418884,1
13511,13516,0.20721134543418884,0.20721134543418884,1
7761,7766,0.20721134543418884,0.20721134543418884,1
6511,6516,0.20721134543418884,0.20721134543418884,1
7661,7666,0.20721134543418884,0.20721134543418884,1
1861,1866,0.20721134543418884,0.20721134543418884,1
411,416,0.20721134543418884,0.20721134543418884,1
861,866,0.20721134543418884,0.20721134543418884,1
961,966,0.20721134543418884,0.20721134543418884,1
1161,1166,0.20721134543418884,0.20721134543418884,1
1511,1516,0.20721134543418884,0.20721134543418884,1
7011,7016,0.20721134543418884,0.20721134543418884,1
3611,3616,0.20721134543418884,0.20721134543418884,1
5761,5766,0.20721134543418884,0.20721134543418884,1
6011,6016,0.20721134543418884,0.20721134543418884,1
11,16,0.20721134543418884,0.20721134543418884,1
6711,6716,0.20721134543418884,0.20721134543418884,1
5711,5716,0.20721134543418884,0.20721134543418884,1
11001,11009,0.20720750093460083,0.20720750093460083,1
8651,8659,0.20720750093460083,0.20720750093460083,1
9401,9409,0.20720750093460083,0.20720750093460083,1
9901,9909,0.20720750093460083,0.20720750093460083,1
10051,10059,0.20720750093460083,0.20720750093460083,1
10451,10459,0.20720750093460083,0.20720750093460083,1
11701,11709,0.20720750093460083,0.20720750093460083,1
11051,11059,0.20720750093460083,0.20720750093460083,1
11601,11609,0.20720750093460083,0.20720750093460083,1
12201,12209,0.20720750093460083,0.20720750093460083,1
12801,12809,0.20720750093460083,0.20720750093460083,1
13501,13509,0.20720750093460083,0.20720750093460083,1
7701,7709,0.20720750093460083,0.20720750093460083,1
7751,7759,0.20720750093460083,0.20720750093460083,1
8551,8559,0.20720750093460083,0.20720750093460083,1
7651,7659,0.20720750093460083,0.20720750093460083,1
7001,7009,0.20720750093460083,0.20720750093460083,1
1,9,0.20720750093460083,0.20720750093460083,1
6701,6709,0.20720750093460083,0.20720750093460083,1
6501,6509,0.20720750093460083,0.20720750093460083,1
6001,6009,0.20720750093460083,0.20720750093460083,1
5751,5759,0.20720750093460083,0.20720750093460083,1
5701,5709,0.20720750093460083,0.20720750093460083,1
3601,3609,0.20720750093460083,0.20720750093460083,1
1851,1859,0.20720750093460083,0.20720750093460083,1
1501,1509,0.20720750093460083,0.20720750093460083,1
1151,1159,0.20720750093460083,0.20720750093460083,1
951,959,0.20720750093460083,0.20720750093460083,1
851,859,0.20720750093460083,0.20720750093460083,1
401,409,0.20720750093460083,0.20720750093460083,1
13851,13858,0.20720744132995605,0.20720744132995605,1
10301,10308,0.20720744132995605,0.20720744132995605,1
801,808,0.20720744132995605,0.20720744132995605,1
501,508,0.20720744132995605,0.20720744132995605,1
518,531,0.2065442055463791,0.2065442055463791,1
818,831,0.2065442055463791,0.2065442055463791,1
10318,10331,0.2065442055463791,0.2065442055463791,1
13868,13881,0.2065442055463791,0.2065442055463791,1
501,509,0.20605982840061188,0.20605982840061188,1
801,809,0.20605982840061188,0.20605982840061188,1
10301,10309,0.20605982840061188,0.20605982840061188,1
13851,13859,0.20605982840061188,0.20605982840061188,1
10301,10335,0.20444881916046143,0.20444881916046143,1
13851,13885,0.20444881916046143,0.20444881916046143,1
801,835,0.20444881916046143,0.20444881916046143,1
501,535,0.20444881916046143,0.20444881916046143,1
13868,13885,0.20360822975635529,0.20360822975635529,1
10318,10335,0.20360822975635529,0.20360822975635529,1
518,535,0.20360822975635529,0.20360822975635529,1
818,835,0.20360822975635529,0.20360822975635529,1
7720,7744,0.20333637297153473,0.20333637297153473,1
10470,10494,0.20333637297153473,0.20333637297153473,1
8570,8594,0.20333637297153473,0.20333637297153473,1
8670,8694,0.20333637297153473,0.20333637297153473,1
9420,9444,0.20333637297153473,0.20333637297153473,1
9920,9944,0.20333637297153473,0.20333637297153473,1
10070,10094,0.20333637297153473,0.20333637297153473,1
11020,11044,0.20333637297153473,0.20333637297153473,1
11070,11094,0.20333637297153473,0.20333637297153473,1
11620,11644,0.20333637297153473,0.20333637297153473,1
11720,11744,0.20333637297153473,0.20333637297153473,1
12220,12244,0.20333637297153473,0.20333637297153473,1
12820,12844,0.20333637297153473,0.20333637297153473,1
13520,13544,0.20333637297153473,0.20333637297153473,1
7770,7794,0.20333637297153473,0.20333637297153473,1
6720,6744,0.20333637297153473,0.20333637297153473,1
7670,7694,0.20333637297153473,0.20333637297153473,1
1520,1544,0.20333637297153473,0.20333637297153473,1
7020,7044,0.20333637297153473,0.20333637297153473,1
20,44,0.20333637297153473,0.20333637297153473,1
420,444,0.20333637297153473,0.20333637297153473,1
870,894,0.20333637297153473,0.20333637297153473,1
1170,1194,0.20333637297153473,0.20333637297153473,1
970,994,0.20333637297153473,0.20333637297153473,1
1870,1894,0.20333637297153473,0.20333637297153473,1
3620,3644,0.20333637297153473,0.20333637297153473,1
5720,5744,0.20333637297153473,0.20333637297153473,1
5770,5794,0.20333637297153473,0.20333637297153473,1
6020,6044,0.20333637297153473,0.20333637297153473,1
6520,6544,0.20333637297153473,0.20333637297153473,1
7718,7744,0.20332232117652893,0.20332232117652893,1
8568,8594,0.20332232117652893,0.20332232117652893,1
8668,8694,0.20332232117652893,0.20332232117652893,1
9418,9444,0.20332232117652893,0.20332232117652893,1
9918,9944,0.20332232117652893,0.20332232117652893,1
10068,10094,0.20332232117652893,0.20332232117652893,1
13518,13544,0.20332232117652893,0.20332232117652893,1
11018,11044,0.20332232117652893,0.20332232117652893,1
11068,11094,0.20332232117652893,0.20332232117652893,1
11618,11644,0.20332232117652893,0.20332232117652893,1
11718,11744,0.20332232117652893,0.20332232117652893,1
12218,12244,0.20332232117652893,0.20332232117652893,1
12818,12844,0.20332232117652893,0.20332232117652893,1
7768,7794,0.20332232117652893,0.20332232117652893,1
10468,10494,0.20332232117652893,0.20332232117652893,1
7668,7694,0.20332232117652893,0.20332232117652893,1
1868,1894,0.20332232117652893,0.20332232117652893,1
18,44,0.20332232117652893,0.20332232117652893,1
418,444,0.20332232117652893,0.20332232117652893,1
868,894,0.20332232117652893,0.20332232117652893,1
968,994,0.20332232117652893,0.20332232117652893,1
1168,1194,0.20332232117652893,0.20332232117652893,1
1518,1544,0.20332232117652893,0.20332232117652893,1
7018,7044,0.20332232117652893,0.20332232117652893,1
3618,3644,0.20332232117652893,0.20332232117652893,1
6518,6544,0.20332232117652893,0.20332232117652893,1
6718,6744,0.20332232117652893,0.20332232117652893,1
5718,5744,0.20332232117652893,0.20332232117652893,1
6018,6044,0.20332232117652893,0.20332232117652893,1
5768,5794,0.20332232117652893,0.20332232117652893,1
7720,7745,0.20301058888435364,0.20301058888435364,1
13520,13545,0.20301058888435364,0.20301058888435364,1
12820,12845,0.20301058888435364,0.20301058888435364,1
12220,12245,0.20301058888435364,0.20301058888435364,1
11720,11745,0.20301058888435364,0.20301058888435364,1
11620,11645,0.20301058888435364,0.20301058888435364,1
11070,11095,0.20301058888435364,0.20301058888435364,1
11020,11045,0.20301058888435364,0.20301058888435364,1
10470,10495,0.20301058888435364,0.20301058888435364,1
9920,9945,0.20301058888435364,0.20301058888435364,1
9420,9445,0.20301058888435364,0.20301058888435364,1
8670,8695,0.20301058888435364,0.20301058888435364,1
8570,8595,0.20301058888435364,0.20301058888435364,1
7770,7795,0.20301058888435364,0.20301058888435364,1
10070,10095,0.20301058888435364,0.20301058888435364,1
7670,7695,0.20301058888435364,0.20301058888435364,1
1870,1895,0.20301058888435364,0.20301058888435364,1
20,45,0.20301058888435364,0.20301058888435364,1
7020,7045,0.20301058888435364,0.20301058888435364,1
870,895,0.20301058888435364,0.20301058888435364,1
970,995,0.20301058888435364,0.20301058888435364,1
1170,1195,0.20301058888435364,0.20301058888435364,1
1520,1545,0.20301058888435364,0.20301058888435364,1
420,445,0.20301058888435364,0.20301058888435364,1
3620,3645,0.20301058888435364,0.20301058888435364,1
6020,6045,0.20301058888435364,0.20301058888435364,1
5720,5745,0.20301058888435364,0.20301058888435364,1
6520,6545,0.20301058888435364,0.20301058888435364,1
6720,6745,0.20301058888435364,0.20301058888435364,1
5770,5795,0.20301058888435364,0.20301058888435364,1
501,502,0.20249319076538086,0.20249319076538086,1
801,802,0.20249319076538086,0.20249319076538086,1
10301,10302,0.20249319076538086,0.20249319076538086,1
13851,13852,0.20249319076538086,0.20249319076538086,1
9420,9428,0.2024087756872177,0.2024087756872177,1
10470,10478,0.2024087756872177,0.2024087756872177,1
8570,8578,0.2024087756872177,0.2024087756872177,1
8670,8678,0.2024087756872177,0.2024087756872177,1
9920,9928,0.2024087756872177,0.2024087756872177,1
10070,10078,0.2024087756872177,0.2024087756872177,1
12220,12228,0.2024087756872177,0.2024087756872177,1
11020,11028,0.2024087756872177,0.2024087756872177,1
11070,11078,0.2024087756872177,0.2024087756872177,1
11620,11628,0.2024087756872177,0.2024087756872177,1
11720,11728,0.2024087756872177,0.2024087756872177,1
12820,12828,0.2024087756872177,0.2024087756872177,1
13520,13528,0.2024087756872177,0.2024087756872177,1
7770,7778,0.2024087756872177,0.2024087756872177,1
7720,7728,0.2024087756872177,0.2024087756872177,1
7670,7678,0.2024087756872177,0.2024087756872177,1
7020,7028,0.2024087756872177,0.2024087756872177,1
6720,6728,0.2024087756872177,0.2024087756872177,1
6520,6528,0.2024087756872177,0.2024087756872177,1
6020,6028,0.2024087756872177,0.2024087756872177,1
5770,5778,0.2024087756872177,0.2024087756872177,1
5720,5728,0.2024087756872177,0.2024087756872177,1
3620,3628,0.2024087756872177,0.2024087756872177,1
1870,1878,0.2024087756872177,0.2024087756872177,1
1520,1528,0.2024087756872177,0.2024087756872177,1
1170,1178,0.2024087756872177,0.2024087756872177,1
970,978,0.2024087756872177,0.2024087756872177,1
870,878,0.2024087756872177,0.2024087756872177,1
420,428,0.2024087756872177,0.2024087756872177,1
20,28,0.2024087756872177,0.2024087756872177,1
13851,13865,0.2023884505033493,0.2023884505033493,1
10301,10315,0.2023884505033493,0.2023884505033493,1
801,815,0.2023884505033493,0.2023884505033493,1
501,515,0.2023884505033493,0.2023884505033493,1
10468,10478,0.20230749249458313,0.20230749249458313,1
7768,7778,0.20230749249458313,0.20230749249458313,1
8568,8578,0.20230749249458313,0.20230749249458313,1
8668,8678,0.20230749249458313,0.20230749249458313,1
9418,9428,0.20230749249458313,0.20230749249458313,1
9918,9928,0.20230749249458313,0.20230749249458313,1
10068,10078,0.20230749249458313,0.20230749249458313,1
11018,11028,0.20230749249458313,0.20230749249458313,1
11068,11078,0.20230749249458313,0.20230749249458313,1
11618,11628,0.20230749249458313,0.20230749249458313,1
11718,11728,0.20230749249458313,0.20230749249458313,1
12218,12228,0.20230749249458313,0.20230749249458313,1
12818,12828,0.20230749249458313,0.20230749249458313,1
13518,13528,0.20230749249458313,0.20230749249458313,1
7718,7728,0.20230749249458313,0.20230749249458313,1
7668,7678,0.20230749249458313,0.20230749249458313,1
7018,7028,0.20230749249458313,0.20230749249458313,1
1518,1528,0.20230749249458313,0.20230749249458313,1
6718,6728,0.20230749249458313,0.20230749249458313,1
18,28,0.20230749249458313,0.20230749249458313,1
418,428,0.20230749249458313,0.20230749249458313,1
868,878,0.20230749249458313,0.20230749249458313,1
968,978,0.20230749249458313,0.20230749249458313,1
1168,1178,0.20230749249458313,0.20230749249458313,1
6018,6028,0.20230749249458313,0.20230749249458313,1
1868,1878,0.20230749249458313,0.20230749249458313,1
5718,5728,0.20230749249458313,0.20230749249458313,1
5768,5778,0.20230749249458313,0.20230749249458313,1
3618,3628,0.20230749249458313,0.20230749249458313,1
6518,6528,0.20230749249458313,0.20230749249458313,1
11018,11045,0.2022235244512558,0.2022235244512558,1
8568,8595,0.2022235244512558,0.2022235244512558,1
8668,8695,0.2022235244512558,0.2022235244512558,1
9918,9945,0.2022235244512558,0.2022235244512558,1
10068,10095,0.2022235244512558,0.2022235244512558,1
10468,10495,0.2022235244512558,0.2022235244512558,1
11618,11645,0.2022235244512558,0.2022235244512558,1
11068,11095,0.2022235244512558,0.2022235244512558,1
7718,7745,0.2022235244512558,0.2022235244512558,1
11718,11745,0.2022235244512558,0.2022235244512558,1
12218,12245,0.2022235244512558,0.2022235244512558,1
12818,12845,0.2022235244512558,0.2022235244512558,1
13518,13545,0.2022235244512558,0.2022235244512558,1
7768,7795,0.2022235244512558,0.2022235244512558,1
9418,9445,0.2022235244512558,0.2022235244512558,1
7668,7695,0.2022235244512558,0.2022235244512558,1
1868,1895,0.2022235244512558,0.2022235244512558,1
7018,7045,0.2022235244512558,0.2022235244512558,1
418,445,0.2022235244512558,0.2022235244512558,1
868,895,0.2022235244512558,0.2022235244512558,1
968,995,0.2022235244512558,0.2022235244512558,1
1168,1195,0.2022235244512558,0.2022235244512558,1
1518,1545,0.2022235244512558,0.2022235244512558,1
18,45,0.2022235244512558,0.2022235244512558,1
3618,3645,0.2022235244512558,0.2022235244512558,1
5768,5795,0.2022235244512558,0.2022235244512558,1
6018,6045,0.2022235244512558,0.2022235244512558,1
6518,6545,0.2022235244512558,0.2022235244512558,1
6718,6745,0.2022235244512558,0.2022235244512558,1
5718,5745,0.2022235244512558,0.2022235244512558,1
10301,10318,0.2019776850938797,0.2019776850938797,1
13851,13868,0.2019776850938797,0.2019776850938797,1
801,818,0.2019776850938797,0.2019776850938797,1
501,518,0.2019776850938797,0.2019776850938797,1
11007,11009,0.20183618366718292,0.20183618366718292,1
8557,8559,0.20183618366718292,0.20183618366718292,1
8657,8659,0.20183618366718292,0.20183618366718292,1
9407,9409,0.20183618366718292,0.20183618366718292,1
9907,9909,0.20183618366718292,0.20183618366718292,1
10057,10059,0.20183618366718292,0.20183618366718292,1
10457,10459,0.20183618366718292,0.20183618366718292,1
13507,13509,0.20183618366718292,0.20183618366718292,1
11057,11059,0.20183618366718292,0.20183618366718292,1
11607,11609,0.20183618366718292,0.20183618366718292,1
11707,11709,0.20183618366718292,0.20183618366718292,1
12207,12209,0.20183618366718292,0.20183618366718292,1
12807,12809,0.20183618366718292,0.20183618366718292,1
7707,7709,0.20183618366718292,0.20183618366718292,1
7757,7759,0.20183618366718292,0.20183618366718292,1
857,859,0.20183618366718292,0.20183618366718292,1
7657,7659,0.20183618366718292,0.20183618366718292,1
3607,3609,0.20183618366718292,0.20183618366718292,1
7,9,0.20183618366718292,0.20183618366718292,1
957,959,0.20183618366718292,0.20183618366718292,1
1157,1159,0.20183618366718292,0.20183618366718292,1
7007,7009,0.20183618366718292,0.20183618366718292,1
1857,1859,0.20183618366718292,0.20183618366718292,1
1507,1509,0.20183618366718292,0.20183618366718292,1
5707,5709,0.20183618366718292,0.20183618366718292,1
5757,5759,0.20183618366718292,0.20183618366718292,1
6007,6009,0.20183618366718292,0.20183618366718292,1
6507,6509,0.20183618366718292,0.20183618366718292,1
6707,6709,0.20183618366718292,0.20183618366718292,1
407,409,0.20183618366718292,0.20183618366718292,1
520,523,0.20156456530094147,0.20156456530094147,1
820,823,0.20156456530094147,0.20156456530094147,1
10320,10323,0.20156456530094147,0.20156456530094147,1
13870,13873,0.20156456530094147,0.20156456530094147,1
10318,10323,0.20128460228443146,0.20128460228443146,1
13868,13873,0.20128460228443146,0.20128460228443146,1
818,823,0.20128460228443146,0.20128460228443146,1
518,523,0.20128460228443146,0.20128460228443146,1
520,525,0.20101892948150635,0.20101892948150635,1
820,825,0.20101892948150635,0.20101892948150635,1
10320,10325,0.20101892948150635,0.20101892948150635,1
13870,13875,0.20101892948150635,0.20101892948150635,1
518,528,0.20097655057907104,0.20097655057907104,1
818,828,0.20097655057907104,0.20097655057907104,1
10318,10328,0.20097655057907104,0.20097655057907104,1
13868,13878,0.20097655057907104,0.20097655057907104,1
501,503,0.20093122124671936,0.20093122124671936,1
801,803,0.20093122124671936,0.20093122124671936,1
10301,10303,0.20093122124671936,0.20093122124671936,1
13851,13853,0.20093122124671936,0.20093122124671936,1
13868,13875,0.20082005858421326,0.20082005858421326,1
10318,10325,0.20082005858421326,0.20082005858421326,1
818,825,0.20082005858421326,0.20082005858421326,1
518,525,0.20082005858421326,0.20082005858421326,1
520,528,0.20060665905475616,0.20060665905475616,1
820,828,0.20060665905475616,0.20060665905475616,1
10320,10328,0.20060665905475616,0.20060665905475616,1
13870,13878,0.20060665905475616,0.20060665905475616,1
7720,7725,0.19931451976299286,0.19931451976299286,1
13520,13525,0.19931451976299286,0.19931451976299286,1
12820,12825,0.19931451976299286,0.19931451976299286,1
12220,12225,0.19931451976299286,0.19931451976299286,1
11720,11725,0.19931451976299286,0.19931451976299286,1
11620,11625,0.19931451976299286,0.19931451976299286,1
11070,11075,0.19931451976299286,0.19931451976299286,1
11020,11025,0.19931451976299286,0.19931451976299286,1
10470,10475,0.19931451976299286,0.19931451976299286,1
9920,9925,0.19931451976299286,0.19931451976299286,1
9420,9425,0.19931451976299286,0.19931451976299286,1
8670,8675,0.19931451976299286,0.19931451976299286,1
8570,8575,0.19931451976299286,0.19931451976299286,1
7770,7775,0.19931451976299286,0.19931451976299286,1
10070,10075,0.19931451976299286,0.19931451976299286,1
7670,7675,0.19931451976299286,0.19931451976299286,1
1870,1875,0.19931451976299286,0.19931451976299286,1
20,25,0.19931451976299286,0.19931451976299286,1
7020,7025,0.19931451976299286,0.19931451976299286,1
870,875,0.19931451976299286,0.19931451976299286,1
970,975,0.19931451976299286,0.19931451976299286,1
1170,1175,0.19931451976299286,0.19931451976299286,1
1520,1525,0.19931451976299286,0.19931451976299286,1
420,425,0.19931451976299286,0.19931451976299286,1
3620,3625,0.19931451976299286,0.19931451976299286,1
5770,5775,0.19931451976299286,0.19931451976299286,1
6020,6025,0.19931451976299286,0.19931451976299286,1
6520,6525,0.19931451976299286,0.19931451976299286,1
6720,6725,0.19931451976299286,0.19931451976299286,1
5720,5725,0.19931451976299286,0.19931451976299286,1
10468,10479,0.19903188943862915,0.19903188943862915,1
8568,8579,0.19903188943862915,0.19903188943862915,1
8668,8679,0.19903188943862915,0.19903188943862915,1
9418,9429,0.19903188943862915,0.19903188943862915,1
9918,9929,0.19903188943862915,0.19903188943862915,1
10068,10079,0.19903188943862915,0.19903188943862915,1
11618,11629,0.19903188943862915,0.19903188943862915,1
11018,11029,0.19903188943862915,0.19903188943862915,1
11068,11079,0.19903188943862915,0.19903188943862915,1
11718,11729,0.19903188943862915,0.19903188943862915,1
12218,12229,0.19903188943862915,0.19903188943862915,1
12818,12829,0.19903188943862915,0.19903188943862915,1
7718,7729,0.19903188943862915,0.19903188943862915,1
7768,7779,0.19903188943862915,0.19903188943862915,1
13518,13529,0.19903188943862915,0.19903188943862915,1
7668,7679,0.19903188943862915,0.19903188943862915,1
1518,1529,0.19903188943862915,0.19903188943862915,1
7018,7029,0.19903188943862915,0.19903188943862915,1
18,29,0.19903188943862915,0.19903188943862915,1
418,429,0.19903188943862915,0.19903188943862915,1
868,879,0.19903188943862915,0.19903188943862915,1
968,979,0.19903188943862915,0.19903188943862915,1
1168,1179,0.19903188943862915,0.19903188943862915,1
1868,1879,0.19903188943862915,0.19903188943862915,1
3618,3629,0.19903188943862915,0.19903188943862915,1
5718,5729,0.19903188943862915,0.19903188943862915,1
5768,5779,0.19903188943862915,0.19903188943862915,1
6018,6029,0.19903188943862915,0.19903188943862915,1
6518,6529,0.19903188943862915,0.19903188943862915,1
6718,6729,0.19903188943862915,0.19903188943862915,1
7718,7725,0.19874197244644165,0.19874197244644165,1
13518,13525,0.19874197244644165,0.19874197244644165,1
12818,12825,0.19874197244644165,0.19874197244644165,1
12218,12225,0.19874197244644165,0.19874197244644165,1
11718,11725,0.19874197244644165,0.19874197244644165,1
11618,11625,0.19874197244644165,0.19874197244644165,1
11068,11075,0.19874197244644165,0.19874197244644165,1
11018,11025,0.19874197244644165,0.19874197244644165,1
10468,10475,0.19874197244644165,0.19874197244644165,1
10068,10075,0.19874197244644165,0.19874197244644165,1
9918,9925,0.19874197244644165,0.19874197244644165,1
9418,9425,0.19874197244644165,0.19874197244644165,1
8568,8575,0.19874197244644165,0.19874197244644165,1
7768,7775,0.19874197244644165,0.19874197244644165,1
8668,8675,0.19874197244644165,0.19874197244644165,1
7668,7675,0.19874197244644165,0.19874197244644165,1
1868,1875,0.19874197244644165,0.19874197244644165,1
18,25,0.19874197244644165,0.19874197244644165,1
418,425,0.19874197244644165,0.19874197244644165,1
868,875,0.19874197244644165,0.19874197244644165,1
968,975,0.19874197244644165,0.19874197244644165,1
1518,1525,0.19874197244644165,0.19874197244644165,1
1168,1175,0.19874197244644165,0.19874197244644165,1
3618,3625,0.19874197244644165,0.19874197244644165,1
5718,5725,0.19874197244644165,0.19874197244644165,1
5768,5775,0.19874197244644165,0.19874197244644165,1
6018,6025,0.19874197244644165,0.19874197244644165,1
6518,6525,0.19874197244644165,0.19874197244644165,1
6718,6725,0.19874197244644165,0.19874197244644165,1
7018,7025,0.19874197244644165,0.19874197244644165,1
10320,10345,0.19849655032157898,0.19849655032157898,1
13870,13895,0.19849655032157898,0.19849655032157898,1
820,845,0.19849655032157898,0.19849655032157898,1
520,545,0.19849655032157898,0.19849655032157898,1
818,845,0.19838736951351166,0.19838736951351166,1
10318,10345,0.19838736951351166,0.19838736951351166,1
13868,13895,0.19838736951351166,0.19838736951351166,1
518,545,0.19838736951351166,0.19838736951351166,1
11020,11029,0.19808679819107056,0.19808679819107056,1
8570,8579,0.19808679819107056,0.19808679819107056,1
8670,8679,0.19808679819107056,0.19808679819107056,1
9920,9929,0.19808679819107056,0.19808679819107056,1
10070,10079,0.19808679819107056,0.19808679819107056,1
10470,10479,0.19808679819107056,0.19808679819107056,1
11720,11729,0.19808679819107056,0.19808679819107056,1
11070,11079,0.19808679819107056,0.19808679819107056,1
11620,11629,0.19808679819107056,0.19808679819107056,1
12220,12229,0.19808679819107056,0.19808679819107056,1
12820,12829,0.19808679819107056,0.19808679819107056,1
13520,13529,0.19808679819107056,0.19808679819107056,1
7720,7729,0.19808679819107056,0.19808679819107056,1
7770,7779,0.19808679819107056,0.19808679819107056,1
9420,9429,0.19808679819107056,0.19808679819107056,1
7670,7679,0.19808679819107056,0.19808679819107056,1
1870,1879,0.19808679819107056,0.19808679819107056,1
7020,7029,0.19808679819107056,0.19808679819107056,1
420,429,0.19808679819107056,0.19808679819107056,1
870,879,0.19808679819107056,0.19808679819107056,1
970,979,0.19808679819107056,0.19808679819107056,1
1170,1179,0.19808679819107056,0.19808679819107056,1
1520,1529,0.19808679819107056,0.19808679819107056,1
3620,3629,0.19808679819107056,0.19808679819107056,1
5720,5729,0.19808679819107056,0.19808679819107056,1
5770,5779,0.19808679819107056,0.19808679819107056,1
6020,6029,0.19808679819107056,0.19808679819107056,1
20,29,0.19808679819107056,0.19808679819107056,1
6520,6529,0.19808679819107056,0.19808679819107056,1
6720,6729,0.19808679819107056,0.19808679819107056,1
7751,7752,0.19792653620243073,0.19792653620243073,1
13501,13502,0.19792653620243073,0.19792653620243073,1
12801,12802,0.19792653620243073,0.19792653620243073,1
12201,12202,0.19792653620243073,0.19792653620243073,1
11701,11702,0.19792653620243073,0.19792653620243073,1
11601,11602,0.19792653620243073,0.19792653620243073,1
11051,11052,0.19792653620243073,0.19792653620243073,1
11001,11002,0.19792653620243073,0.19792653620243073,1
10451,10452,0.19792653620243073,0.19792653620243073,1
10051,10052,0.19792653620243073,0.19792653620243073,1
9901,9902,0.19792653620243073,0.19792653620243073,1
9401,9402,0.19792653620243073,0.19792653620243073,1
8651,8652,0.19792653620243073,0.19792653620243073,1
8551,8552,0.19792653620243073,0.19792653620243073,1
7701,7702,0.19792653620243073,0.19792653620243073,1
951,952,0.19792653620243073,0.19792653620243073,1
7651,7652,0.19792653620243073,0.19792653620243073,1
7001,7002,0.19792653620243073,0.19792653620243073,1
6701,6702,0.19792653620243073,0.19792653620243073,1
6501,6502,0.19792653620243073,0.19792653620243073,1
6001,6002,0.19792653620243073,0.19792653620243073,1
5751,5752,0.19792653620243073,0.19792653620243073,1
5701,5702,0.19792653620243073,0.19792653620243073,1
3601,3602,0.19792653620243073,0.19792653620243073,1
1851,1852,0.19792653620243073,0.19792653620243073,1
1501,1502,0.19792653620243073,0.19792653620243073,1
1151,1152,0.19792653620243073,0.19792653620243073,1
1,2,0.19792653620243073,0.19792653620243073,1
851,852,0.19792653620243073,0.19792653620243073,1
401,402,0.19792653620243073,0.19792653620243073,1
13868,13891,0.19772477447986603,0.19772477447986603,1
10318,10341,0.19772477447986603,0.19772477447986603,1
818,841,0.19772477447986603,0.19772477447986603,1
518,541,0.19772477447986603,0.19772477447986603,1
10451,10453,0.19766834378242493,0.19766834378242493,1
8551,8553,0.19766834378242493,0.19766834378242493,1
8651,8653,0.19766834378242493,0.19766834378242493,1
9401,9403,0.19766834378242493,0.19766834378242493,1
9901,9903,0.19766834378242493,0.19766834378242493,1
10051,10053,0.19766834378242493,0.19766834378242493,1
7701,7703,0.19766834378242493,0.19766834378242493,1
11001,11003,0.19766834378242493,0.19766834378242493,1
11051,11053,0.19766834378242493,0.19766834378242493,1
11601,11603,0.19766834378242493,0.19766834378242493,1
11701,11703,0.19766834378242493,0.19766834378242493,1
12201,12203,0.19766834378242493,0.19766834378242493,1
12801,12803,0.19766834378242493,0.19766834378242493,1
13501,13503,0.19766834378242493,0.19766834378242493,1
7751,7753,0.19766834378242493,0.19766834378242493,1
7001,7003,0.19766834378242493,0.19766834378242493,1
7651,7653,0.19766834378242493,0.19766834378242493,1
6501,6503,0.19766834378242493,0.19766834378242493,1
6001,6003,0.19766834378242493,0.19766834378242493,1
5751,5753,0.19766834378242493,0.19766834378242493,1
5701,5703,0.19766834378242493,0.19766834378242493,1
3601,3603,0.19766834378242493,0.19766834378242493,1
1851,1853,0.19766834378242493,0.19766834378242493,1
1501,1503,0.19766834378242493,0.19766834378242493,1
1151,1153,0.19766834378242493,0.19766834378242493,1
951,953,0.19766834378242493,0.19766834378242493,1
851,853,0.19766834378242493,0.19766834378242493,1
401,403,0.19766834378242493,0.19766834378242493,1
1,3,0.19766834378242493,0.19766834378242493,1
6701,6703,0.19766834378242493,0.19766834378242493,1
13868,13870,0.19766320288181305,0.19766320288181305,1
10318,10320,0.19766320288181305,0.19766320288181305,1
518,520,0.19766320288181305,0.19766320288181305,1
818,820,0.19766320288181305,0.19766320288181305,1
7707,7708,0.1976138949394226,0.1976138949394226,1
10457,10458,0.1976138949394226,0.1976138949394226,1
8557,8558,0.1976138949394226,0.1976138949394226,1
8657,8658,0.1976138949394226,0.1976138949394226,1
9407,9408,0.1976138949394226,0.1976138949394226,1
9907,9908,0.1976138949394226,0.1976138949394226,1
10057,10058,0.1976138949394226,0.1976138949394226,1
11007,11008,0.1976138949394226,0.1976138949394226,1
11057,11058,0.1976138949394226,0.1976138949394226,1
11607,11608,0.1976138949394226,0.1976138949394226,1
11707,11708,0.1976138949394226,0.1976138949394226,1
12207,12208,0.1976138949394226,0.1976138949394226,1
12807,12808,0.1976138949394226,0.1976138949394226,1
13507,13508,0.1976138949394226,0.1976138949394226,1
7757,7758,0.1976138949394226,0.1976138949394226,1
7007,7008,0.1976138949394226,0.1976138949394226,1
7657,7658,0.1976138949394226,0.1976138949394226,1
1507,1508,0.1976138949394226,0.1976138949394226,1
6707,6708,0.1976138949394226,0.1976138949394226,1
7,8,0.1976138949394226,0.1976138949394226,1
407,408,0.1976138949394226,0.1976138949394226,1
857,858,0.1976138949394226,0.1976138949394226,1
1157,1158,0.1976138949394226,0.1976138949394226,1
957,958,0.1976138949394226,0.1976138949394226,1
1857,1858,0.1976138949394226,0.1976138949394226,1
3607,3608,0.1976138949394226,0.1976138949394226,1
5707,5708,0.1976138949394226,0.1976138949394226,1
5757,5758,0.1976138949394226,0.1976138949394226,1
6007,6008,0.1976138949394226,0.1976138949394226,1
6507,6508,0.1976138949394226,0.1976138949394226,1
11018,11041,0.19737419486045837,0.19737419486045837,1
8668,8691,0.19737419486045837,0.19737419486045837,1
9418,9441,0.19737419486045837,0.19737419486045837,1
9918,9941,0.19737419486045837,0.19737419486045837,1
10068,10091,0.19737419486045837,0.19737419486045837,1
10468,10491,0.19737419486045837,0.19737419486045837,1
12818,12841,0.19737419486045837,0.19737419486045837,1
11068,11091,0.19737419486045837,0.19737419486045837,1
11618,11641,0.19737419486045837,0.19737419486045837,1
11718,11741,0.19737419486045837,0.19737419486045837,1
12218,12241,0.19737419486045837,0.19737419486045837,1
7718,7741,0.19737419486045837,0.19737419486045837,1
13518,13541,0.19737419486045837,0.19737419486045837,1
7768,7791,0.19737419486045837,0.19737419486045837,1
8568,8591,0.19737419486045837,0.19737419486045837,1
7668,7691,0.19737419486045837,0.19737419486045837,1
1868,1891,0.19737419486045837,0.19737419486045837,1
18,41,0.19737419486045837,0.19737419486045837,1
7018,7041,0.19737419486045837,0.19737419486045837,1
868,891,0.19737419486045837,0.19737419486045837,1
968,991,0.19737419486045837,0.19737419486045837,1
1168,1191,0.19737419486045837,0.19737419486045837,1
1518,1541,0.19737419486045837,0.19737419486045837,1
418,441,0.19737419486045837,0.19737419486045837,1
3618,3641,0.19737419486045837,0.19737419486045837,1
5768,5791,0.19737419486045837,0.19737419486045837,1
6018,6041,0.19737419486045837,0.19737419486045837,1
6518,6541,0.19737419486045837,0.19737419486045837,1
6718,6741,0.19737419486045837,0.19737419486045837,1
5718,5741,0.19737419486045837,0.19737419486045837,1
10318,10349,0.19681218266487122,0.19681218266487122,1
13868,13899,0.19681218266487122,0.19681218266487122,1
518,549,0.19681218266487122,0.19681218266487122,1
818,849,0.19681218266487122,0.19681218266487122,1
520,547,0.196783185005188,0.196783185005188,1
820,847,0.196783185005188,0.196783185005188,1
10320,10347,0.196783185005188,0.196783185005188,1
13870,13897,0.196783185005188,0.196783185005188,1
10318,10329,0.19668960571289062,0.19668960571289062,1
13868,13879,0.19668960571289062,0.19668960571289062,1
518,529,0.19668960571289062,0.19668960571289062,1
818,829,0.19668960571289062,0.19668960571289062,1
11001,11008,0.1963668167591095,0.1963668167591095,1
8551,8558,0.1963668167591095,0.1963668167591095,1
8651,8658,0.1963668167591095,0.1963668167591095,1
9901,9908,0.1963668167591095,0.1963668167591095,1
10051,10058,0.1963668167591095,0.1963668167591095,1
10451,10458,0.1963668167591095,0.1963668167591095,1
11601,11608,0.1963668167591095,0.1963668167591095,1
11051,11058,0.1963668167591095,0.1963668167591095,1
7701,7708,0.1963668167591095,0.1963668167591095,1
11701,11708,0.1963668167591095,0.1963668167591095,1
12201,12208,0.1963668167591095,0.1963668167591095,1
12801,12808,0.1963668167591095,0.1963668167591095,1
13501,13508,0.1963668167591095,0.1963668167591095,1
7751,7758,0.1963668167591095,0.1963668167591095,1
9401,9408,0.1963668167591095,0.1963668167591095,1
7651,7658,0.1963668167591095,0.1963668167591095,1
1851,1858,0.1963668167591095,0.1963668167591095,1
7001,7008,0.1963668167591095,0.1963668167591095,1
401,408,0.1963668167591095,0.1963668167591095,1
851,858,0.1963668167591095,0.1963668167591095,1
951,958,0.1963668167591095,0.1963668167591095,1
1151,1158,0.1963668167591095,0.1963668167591095,1
1501,1508,0.1963668167591095,0.1963668167591095,1
1,8,0.1963668167591095,0.1963668167591095,1
3601,3608,0.1963668167591095,0.1963668167591095,1
5751,5758,0.1963668167591095,0.1963668167591095,1
6001,6008,0.1963668167591095,0.1963668167591095,1
6501,6508,0.1963668167591095,0.1963668167591095,1
6701,6708,0.1963668167591095,0.1963668167591095,1
5701,5708,0.1963668167591095,0.1963668167591095,1
10068,10099,0.1963462084531784,0.1963462084531784,1
7768,7799,0.1963462084531784,0.1963462084531784,1
8568,8599,0.1963462084531784,0.1963462084531784,1
8668,8699,0.1963462084531784,0.1963462084531784,1
13518,13549,0.1963462084531784,0.1963462084531784,1
9918,9949,0.1963462084531784,0.1963462084531784,1
11068,11099,0.1963462084531784,0.1963462084531784,1
10468,10499,0.1963462084531784,0.1963462084531784,1
7668,7699,0.1963462084531784,0.1963462084531784,1
11618,11649,0.1963462084531784,0.1963462084531784,1
11718,11749,0.1963462084531784,0.1963462084531784,1
12218,12249,0.1963462084531784,0.1963462084531784,1
12818,12849,0.1963462084531784,0.1963462084531784,1
7718,7749,0.1963462084531784,0.1963462084531784,1
11018,11049,0.1963462084531784,0.1963462084531784,1
7018,7049,0.1963462084531784,0.1963462084531784,1
1518,1549,0.1963462084531784,0.1963462084531784,1
6718,6749,0.1963462084531784,0.1963462084531784,1
18,49,0.1963462084531784,0.1963462084531784,1
418,449,0.1963462084531784,0.1963462084531784,1
868,899,0.1963462084531784,0.1963462084531784,1
968,999,0.1963462084531784,0.1963462084531784,1
1168,1199,0.1963462084531784,0.1963462084531784,1
9418,9449,0.1963462084531784,0.1963462084531784,1
1868,1899,0.1963462084531784,0.1963462084531784,1
6018,6049,0.1963462084531784,0.1963462084531784,1
6518,6549,0.1963462084531784,0.1963462084531784,1
3618,3649,0.1963462084531784,0.1963462084531784,1
5768,5799,0.1963462084531784,0.1963462084531784,1
5718,5749,0.1963462084531784,0.1963462084531784,1
543,547,0.19634288549423218,0.19634288549423218,1
843,847,0.19634288549423218,0.19634288549423218,1
10343,10347,0.19634288549423218,0.19634288549423218,1
13893,13897,0.19634288549423218,0.19634288549423218,1
13501,13515,0.19624534249305725,0.19624534249305725,1
12801,12815,0.19624534249305725,0.19624534249305725,1
12201,12215,0.19624534249305725,0.19624534249305725,1
11701,11715,0.19624534249305725,0.19624534249305725,1
11601,11615,0.19624534249305725,0.19624534249305725,1
11001,11015,0.19624534249305725,0.19624534249305725,1
10451,10465,0.19624534249305725,0.19624534249305725,1
10051,10065,0.19624534249305725,0.19624534249305725,1
9901,9915,0.19624534249305725,0.19624534249305725,1
9401,9415,0.19624534249305725,0.19624534249305725,1
8651,8665,0.19624534249305725,0.19624534249305725,1
8551,8565,0.19624534249305725,0.19624534249305725,1
7701,7715,0.19624534249305725,0.19624534249305725,1
11051,11065,0.19624534249305725,0.19624534249305725,1
7751,7765,0.19624534249305725,0.19624534249305725,1
7651,7665,0.19624534249305725,0.19624534249305725,1
1501,1515,0.19624534249305725,0.19624534249305725,1
7001,7015,0.19624534249305725,0.19624534249305725,1
1,15,0.19624534249305725,0.19624534249305725,1
401,415,0.19624534249305725,0.19624534249305725,1
851,865,0.19624534249305725,0.19624534249305725,1
951,965,0.19624534249305725,0.19624534249305725,1
1151,1165,0.19624534249305725,0.19624534249305725,1
6701,6715,0.19624534249305725,0.19624534249305725,1
1851,1865,0.19624534249305725,0.19624534249305725,1
5701,5715,0.19624534249305725,0.19624534249305725,1
5751,5765,0.19624534249305725,0.19624534249305725,1
6001,6015,0.19624534249305725,0.19624534249305725,1
3601,3615,0.19624534249305725,0.19624534249305725,1
6501,6515,0.19624534249305725,0.19624534249305725,1
501,549,0.1959974616765976,0.1959974616765976,1
801,849,0.1959974616765976,0.1959974616765976,1
10301,10349,0.1959974616765976,0.1959974616765976,1
13851,13899,0.1959974616765976,0.1959974616765976,1
13851,13879,0.19581282138824463,0.19581282138824463,1
10301,10329,0.19581282138824463,0.19581282138824463,1
501,529,0.19581282138824463,0.19581282138824463,1
801,829,0.19581282138824463,0.19581282138824463,1
501,522,0.19574779272079468,0.19574779272079468,1
801,822,0.19574779272079468,0.19574779272079468,1
10301,10322,0.19574779272079468,0.19574779272079468,1
13851,13872,0.19574779272079468,0.19574779272079468,1
7770,7791,0.1957409679889679,0.1957409679889679,1
8570,8591,0.1957409679889679,0.1957409679889679,1
8670,8691,0.1957409679889679,0.1957409679889679,1
9420,9441,0.1957409679889679,0.1957409679889679,1
9920,9941,0.1957409679889679,0.1957409679889679,1
10070,10091,0.1957409679889679,0.1957409679889679,1
11070,11091,0.1957409679889679,0.1957409679889679,1
7670,7691,0.1957409679889679,0.1957409679889679,1
11620,11641,0.1957409679889679,0.1957409679889679,1
11720,11741,0.1957409679889679,0.1957409679889679,1
12220,12241,0.1957409679889679,0.1957409679889679,1
12820,12841,0.1957409679889679,0.1957409679889679,1
13520,13541,0.1957409679889679,0.1957409679889679,1
7720,7741,0.1957409679889679,0.1957409679889679,1
11020,11041,0.1957409679889679,0.1957409679889679,1
7020,7041,0.1957409679889679,0.1957409679889679,1
1520,1541,0.1957409679889679,0.1957409679889679,1
6720,6741,0.1957409679889679,0.1957409679889679,1
20,41,0.1957409679889679,0.1957409679889679,1
420,441,0.1957409679889679,0.1957409679889679,1
870,891,0.1957409679889679,0.1957409679889679,1
970,991,0.1957409679889679,0.1957409679889679,1
1170,1191,0.1957409679889679,0.1957409679889679,1
10470,10491,0.1957409679889679,0.1957409679889679,1
1870,1891,0.1957409679889679,0.1957409679889679,1
3620,3641,0.1957409679889679,0.1957409679889679,1
5720,5741,0.1957409679889679,0.1957409679889679,1
5770,5791,0.1957409679889679,0.1957409679889679,1
6020,6041,0.1957409679889679,0.1957409679889679,1
6520,6541,0.1957409679889679,0.1957409679889679,1
10320,10341,0.19539684057235718,0.19539684057235718,1
13870,13891,0.19539684057235718,0.19539684057235718,1
820,841,0.19539684057235718,0.19539684057235718,1
520,541,0.19539684057235718,0.19539684057235718,1
507,509,0.19509296119213104,0.19509296119213104,1
807,809,0.19509296119213104,0.19509296119213104,1
10307,10309,0.19509296119213104,0.19509296119213104,1
13857,13859,0.19509296119213104,0.19509296119213104,1
10318,10322,0.195089191198349,0.195089191198349,1
13868,13872,0.195089191198349,0.195089191198349,1
818,822,0.195089191198349,0.195089191198349,1
518,522,0.195089191198349,0.195089191198349,1
10301,10320,0.1949787139892578,0.1949787139892578,1
13851,13870,0.1949787139892578,0.1949787139892578,1
801,820,0.1949787139892578,0.1949787139892578,1
501,520,0.1949787139892578,0.1949787139892578,1
11020,11049,0.19497831165790558,0.19497831165790558,1
8670,8699,0.19497831165790558,0.19497831165790558,1
9420,9449,0.19497831165790558,0.19497831165790558,1
9920,9949,0.19497831165790558,0.19497831165790558,1
10070,10099,0.19497831165790558,0.19497831165790558,1
10470,10499,0.19497831165790558,0.19497831165790558,1
13520,13549,0.19497831165790558,0.19497831165790558,1
11070,11099,0.19497831165790558,0.19497831165790558,1
11620,11649,0.19497831165790558,0.19497831165790558,1
11720,11749,0.19497831165790558,0.19497831165790558,1
12220,12249,0.19497831165790558,0.19497831165790558,1
12820,12849,0.19497831165790558,0.19497831165790558,1
7720,7749,0.19497831165790558,0.19497831165790558,1
8570,8599,0.19497831165790558,0.19497831165790558,1
7770,7799,0.19497831165790558,0.19497831165790558,1
7670,7699,0.19497831165790558,0.19497831165790558,1
1870,1899,0.19497831165790558,0.19497831165790558,1
20,49,0.19497831165790558,0.19497831165790558,1
420,449,0.19497831165790558,0.19497831165790558,1
870,899,0.19497831165790558,0.19497831165790558,1
970,999,0.19497831165790558,0.19497831165790558,1
1170,1199,0.19497831165790558,0.19497831165790558,1
1520,1549,0.19497831165790558,0.19497831165790558,1
3620,3649,0.19497831165790558,0.19497831165790558,1
5720,5749,0.19497831165790558,0.19497831165790558,1
5770,5799,0.19497831165790558,0.19497831165790558,1
6020,6049,0.19497831165790558,0.19497831165790558,1
6520,6549,0.19497831165790558,0.19497831165790558,1
6720,6749,0.19497831165790558,0.19497831165790558,1
7020,7049,0.19497831165790558,0.19497831165790558,1
518,539,0.19472509622573853,0.19472509622573853,1
818,839,0.19472509622573853,0.19472509622573853,1
10318,10339,0.19472509622573853,0.19472509622573853,1
13868,13889,0.19472509622573853,0.19472509622573853,1
518,538,0.1946163922548294,0.1946163922548294,1
818,838,0.1946163922548294,0.1946163922548294,1
10318,10338,0.1946163922548294,0.1946163922548294,1
13868,13888,0.1946163922548294,0.1946163922548294,1
10301,10338,0.1945595145225525,0.1945595145225525,1
13851,13888,0.1945595145225525,0.1945595145225525,1
801,838,0.1945595145225525,0.1945595145225525,1
501,538,0.1945595145225525,0.1945595145225525,1
511,515,0.19451318681240082,0.19451318681240082,1
811,815,0.19451318681240082,0.19451318681240082,1
10311,10315,0.19451318681240082,0.19451318681240082,1
13861,13865,0.19451318681240082,0.19451318681240082,1
10311,10318,0.19442030787467957,0.19442030787467957,1
13861,13868,0.19442030787467957,0.19442030787467957,1
811,818,0.19442030787467957,0.19442030787467957,1
511,518,0.19442030787467957,0.19442030787467957,1
10301,10317,0.19391986727714539,0.19391986727714539,1
13851,13867,0.19391986727714539,0.19391986727714539,1
501,517,0.19391986727714539,0.19391986727714539,1
801,817,0.19391986727714539,0.19391986727714539,1
7718,7731,0.19388779997825623,0.19388779997825623,1
13518,13531,0.19388779997825623,0.19388779997825623,1
12818,12831,0.19388779997825623,0.19388779997825623,1
12218,12231,0.19388779997825623,0.19388779997825623,1
11718,11731,0.19388779997825623,0.19388779997825623,1
11618,11631,0.19388779997825623,0.19388779997825623,1
11068,11081,0.19388779997825623,0.19388779997825623,1
11018,11031,0.19388779997825623,0.19388779997825623,1
10468,10481,0.19388779997825623,0.19388779997825623,1
10068,10081,0.19388779997825623,0.19388779997825623,1
9918,9931,0.19388779997825623,0.19388779997825623,1
9418,9431,0.19388779997825623,0.19388779997825623,1
8668,8681,0.19388779997825623,0.19388779997825623,1
8568,8581,0.19388779997825623,0.19388779997825623,1
7768,7781,0.19388779997825623,0.19388779997825623,1
6018,6031,0.19388779997825623,0.19388779997825623,1
7668,7681,0.19388779997825623,0.19388779997825623,1
6718,6731,0.19388779997825623,0.19388779997825623,1
6518,6531,0.19388779997825623,0.19388779997825623,1
18,31,0.19388779997825623,0.19388779997825623,1
5768,5781,0.19388779997825623,0.19388779997825623,1
5718,5731,0.19388779997825623,0.19388779997825623,1
3618,3631,0.19388779997825623,0.19388779997825623,1
1868,1881,0.19388779997825623,0.19388779997825623,1
1518,1531,0.19388779997825623,0.19388779997825623,1
1168,1181,0.19388779997825623,0.19388779997825623,1
968,981,0.19388779997825623,0.19388779997825623,1
868,881,0.19388779997825623,0.19388779997825623,1
418,431,0.19388779997825623,0.19388779997825623,1
7018,7031,0.19388779997825623,0.19388779997825623,1
501,540,0.19381596148014069,0.19381596148014069,1
801,840,0.19381596148014069,0.19381596148014069,1
10301,10340,0.19381596148014069,0.19381596148014069,1
13851,13890,0.19381596148014069,0.19381596148014069,1
501,512,0.19372396171092987,0.19372396171092987,1
801,812,0.19372396171092987,0.19372396171092987,1
10301,10312,0.19372396171092987,0.19372396171092987,1
13851,13862,0.19372396171092987,0.19372396171092987,1
10301,10319,0.19356557726860046,0.19356557726860046,1
13851,13869,0.19356557726860046,0.19356557726860046,1
501,519,0.19356557726860046,0.19356557726860046,1
801,819,0.19356557726860046,0.19356557726860046,1
801,830,0.19351187348365784,0.19351187348365784,1
10301,10330,0.19351187348365784,0.19351187348365784,1
13851,13880,0.19351187348365784,0.19351187348365784,1
501,530,0.19351187348365784,0.19351187348365784,1
10318,10342,0.19337745010852814,0.19337745010852814,1
13868,13892,0.19337745010852814,0.19337745010852814,1
518,542,0.19337745010852814,0.19337745010852814,1
818,842,0.19337745010852814,0.19337745010852814,1
8568,8573,0.19334115087985992,0.19334115087985992,1
11018,11023,0.19334115087985992,0.19334115087985992,1
9418,9423,0.19334115087985992,0.19334115087985992,1
9918,9923,0.19334115087985992,0.19334115087985992,1
10068,10073,0.19334115087985992,0.19334115087985992,1
10468,10473,0.19334115087985992,0.19334115087985992,1
13518,13523,0.19334115087985992,0.19334115087985992,1
11068,11073,0.19334115087985992,0.19334115087985992,1
11618,11623,0.19334115087985992,0.19334115087985992,1
11718,11723,0.19334115087985992,0.19334115087985992,1
12218,12223,0.19334115087985992,0.19334115087985992,1
12818,12823,0.19334115087985992,0.19334115087985992,1
7718,7723,0.19334115087985992,0.19334115087985992,1
7768,7773,0.19334115087985992,0.19334115087985992,1
8668,8673,0.19334115087985992,0.19334115087985992,1
7668,7673,0.19334115087985992,0.19334115087985992,1
7018,7023,0.19334115087985992,0.19334115087985992,1
6718,6723,0.19334115087985992,0.19334115087985992,1
6518,6523,0.19334115087985992,0.19334115087985992,1
6018,6023,0.19334115087985992,0.19334115087985992,1
5768,5773,0.19334115087985992,0.19334115087985992,1
5718,5723,0.19334115087985992,0.19334115087985992,1
3618,3623,0.19334115087985992,0.19334115087985992,1
1868,1873,0.19334115087985992,0.19334115087985992,1
1518,1523,0.19334115087985992,0.19334115087985992,1
1168,1173,0.19334115087985992,0.19334115087985992,1
968,973,0.19334115087985992,0.19334115087985992,1
868,873,0.19334115087985992,0.19334115087985992,1
418,423,0.19334115087985992,0.19334115087985992,1
18,23,0.19334115087985992,0.19334115087985992,1
13870,13892,0.19333454966545105,0.19333454966545105,1
10320,10342,0.19333454966545105,0.19333454966545105,1
820,842,0.19333454966545105,0.19333454966545105,1
520,542,0.19333454966545105,0.19333454966545105,1
11020,11023,0.19328057765960693,0.19328057765960693,1
8570,8573,0.19328057765960693,0.19328057765960693,1
8670,8673,0.19328057765960693,0.19328057765960693,1
9420,9423,0.19328057765960693,0.19328057765960693,1
9920,9923,0.19328057765960693,0.19328057765960693,1
10070,10073,0.19328057765960693,0.19328057765960693,1
10470,10473,0.19328057765960693,0.19328057765960693,1
11070,11073,0.19328057765960693,0.19328057765960693,1
11620,11623,0.19328057765960693,0.19328057765960693,1
11720,11723,0.19328057765960693,0.19328057765960693,1
12220,12223,0.19328057765960693,0.19328057765960693,1
12820,12823,0.19328057765960693,0.19328057765960693,1
13520,13523,0.19328057765960693,0.19328057765960693,1
7720,7723,0.19328057765960693,0.19328057765960693,1
7770,7773,0.19328057765960693,0.19328057765960693,1
3620,3623,0.19328057765960693,0.19328057765960693,1
7670,7673,0.19328057765960693,0.19328057765960693,1
1870,1873,0.19328057765960693,0.19328057765960693,1
420,423,0.19328057765960693,0.19328057765960693,1
870,873,0.19328057765960693,0.19328057765960693,1
970,973,0.19328057765960693,0.19328057765960693,1
1170,1173,0.19328057765960693,0.19328057765960693,1
1520,1523,0.19328057765960693,0.19328057765960693,1
7020,7023,0.19328057765960693,0.19328057765960693,1
20,23,0.19328057765960693,0.19328057765960693,1
5770,5773,0.19328057765960693,0.19328057765960693,1
6020,6023,0.19328057765960693,0.19328057765960693,1
6520,6523,0.19328057765960693,0.19328057765960693,1
6720,6723,0.19328057765960693,0.19328057765960693,1
5720,5723,0.19328057765960693,0.19328057765960693,1
8670,8692,0.1932053416967392,0.1932053416967392,1
9920,9942,0.1932053416967392,0.1932053416967392,1
9420,9442,0.1932053416967392,0.1932053416967392,1
7720,7742,0.1932053416967392,0.1932053416967392,1
8570,8592,0.1932053416967392,0.1932053416967392,1
10470,10492,0.1932053416967392,0.1932053416967392,1
10070,10092,0.1932053416967392,0.1932053416967392,1
13520,13542,0.1932053416967392,0.1932053416967392,1
11020,11042,0.1932053416967392,0.1932053416967392,1
11070,11092,0.1932053416967392,0.1932053416967392,1
11620,11642,0.1932053416967392,0.1932053416967392,1
11720,11742,0.1932053416967392,0.1932053416967392,1
12220,12242,0.1932053416967392,0.1932053416967392,1
12820,12842,0.1932053416967392,0.1932053416967392,1
7770,7792,0.1932053416967392,0.1932053416967392,1
7020,7042,0.1932053416967392,0.1932053416967392,1
7670,7692,0.1932053416967392,0.1932053416967392,1
6520,6542,0.1932053416967392,0.1932053416967392,1
6020,6042,0.1932053416967392,0.1932053416967392,1
5770,5792,0.1932053416967392,0.1932053416967392,1
5720,5742,0.1932053416967392,0.1932053416967392,1
3620,3642,0.1932053416967392,0.1932053416967392,1
1870,1892,0.1932053416967392,0.1932053416967392,1
1520,1542,0.1932053416967392,0.1932053416967392,1
1170,1192,0.1932053416967392,0.1932053416967392,1
970,992,0.1932053416967392,0.1932053416967392,1
870,892,0.1932053416967392,0.1932053416967392,1
420,442,0.1932053416967392,0.1932053416967392,1
20,42,0.1932053416967392,0.1932053416967392,1
6720,6742,0.1932053416967392,0.1932053416967392,1
11011,11015,0.19313478469848633,0.19313478469848633,1
8661,8665,0.19313478469848633,0.19313478469848633,1
9411,9415,0.19313478469848633,0.19313478469848633,1
9911,9915,0.19313478469848633,0.19313478469848633,1
10061,10065,0.19313478469848633,0.19313478469848633,1
10461,10465,0.19313478469848633,0.19313478469848633,1
7711,7715,0.19313478469848633,0.19313478469848633,1
11061,11065,0.19313478469848633,0.19313478469848633,1
11611,11615,0.19313478469848633,0.19313478469848633,1
11711,11715,0.19313478469848633,0.19313478469848633,1
12211,12215,0.19313478469848633,0.19313478469848633,1
12811,12815,0.19313478469848633,0.19313478469848633,1
13511,13515,0.19313478469848633,0.19313478469848633,1
7761,7765,0.19313478469848633,0.19313478469848633,1
8561,8565,0.19313478469848633,0.19313478469848633,1
7661,7665,0.19313478469848633,0.19313478469848633,1
1511,1515,0.19313478469848633,0.19313478469848633,1
7011,7015,0.19313478469848633,0.19313478469848633,1
11,15,0.19313478469848633,0.19313478469848633,1
411,415,0.19313478469848633,0.19313478469848633,1
861,865,0.19313478469848633,0.19313478469848633,1
961,965,0.19313478469848633,0.19313478469848633,1
1161,1165,0.19313478469848633,0.19313478469848633,1
6711,6715,0.19313478469848633,0.19313478469848633,1
1861,1865,0.19313478469848633,0.19313478469848633,1
6011,6015,0.19313478469848633,0.19313478469848633,1
6511,6515,0.19313478469848633,0.19313478469848633,1
3611,3615,0.19313478469848633,0.19313478469848633,1
5761,5765,0.19313478469848633,0.19313478469848633,1
5711,5715,0.19313478469848633,0.19313478469848633,1
501,539,0.19304218888282776,0.19304218888282776,1
801,839,0.19304218888282776,0.19304218888282776,1
10301,10339,0.19304218888282776,0.19304218888282776,1
13851,13889,0.19304218888282776,0.19304218888282776,1
11018,11042,0.19292186200618744,0.19292186200618744,1
8668,8692,0.19292186200618744,0.19292186200618744,1
9418,9442,0.19292186200618744,0.19292186200618744,1
9918,9942,0.19292186200618744,0.19292186200618744,1
10068,10092,0.19292186200618744,0.19292186200618744,1
10468,10492,0.19292186200618744,0.19292186200618744,1
12818,12842,0.19292186200618744,0.19292186200618744,1
11068,11092,0.19292186200618744,0.19292186200618744,1
11618,11642,0.19292186200618744,0.19292186200618744,1
11718,11742,0.19292186200618744,0.19292186200618744,1
12218,12242,0.19292186200618744,0.19292186200618744,1
7718,7742,0.19292186200618744,0.19292186200618744,1
13518,13542,0.19292186200618744,0.19292186200618744,1
7768,7792,0.19292186200618744,0.19292186200618744,1
8568,8592,0.19292186200618744,0.19292186200618744,1
7668,7692,0.19292186200618744,0.19292186200618744,1
1868,1892,0.19292186200618744,0.19292186200618744,1
18,42,0.19292186200618744,0.19292186200618744,1
7018,7042,0.19292186200618744,0.19292186200618744,1
868,892,0.19292186200618744,0.19292186200618744,1
968,992,0.19292186200618744,0.19292186200618744,1
1168,1192,0.19292186200618744,0.19292186200618744,1
1518,1542,0.19292186200618744,0.19292186200618744,1
418,442,0.19292186200618744,0.19292186200618744,1
3618,3642,0.19292186200618744,0.19292186200618744,1
5768,5792,0.19292186200618744,0.19292186200618744,1
6018,6042,0.19292186200618744,0.19292186200618744,1
6518,6542,0.19292186200618744,0.19292186200618744,1
6718,6742,0.19292186200618744,0.19292186200618744,1
5718,5742,0.19292186200618744,0.19292186200618744,1
11001,11031,0.19276225566864014,0.19276225566864014,1
8551,8581,0.19276225566864014,0.19276225566864014,1
8651,8681,0.19276225566864014,0.19276225566864014,1
9901,9931,0.19276225566864014,0.19276225566864014,1
10051,10081,0.19276225566864014,0.19276225566864014,1
10451,10481,0.19276225566864014,0.19276225566864014,1
11701,11731,0.19276225566864014,0.19276225566864014,1
11051,11081,0.19276225566864014,0.19276225566864014,1
11601,11631,0.19276225566864014,0.19276225566864014,1
12201,12231,0.19276225566864014,0.19276225566864014,1
12801,12831,0.19276225566864014,0.19276225566864014,1
13501,13531,0.19276225566864014,0.19276225566864014,1
7701,7731,0.19276225566864014,0.19276225566864014,1
7751,7781,0.19276225566864014,0.19276225566864014,1
9401,9431,0.19276225566864014,0.19276225566864014,1
7651,7681,0.19276225566864014,0.19276225566864014,1
6701,6731,0.19276225566864014,0.19276225566864014,1
6501,6531,0.19276225566864014,0.19276225566864014,1
1,31,0.19276225566864014,0.19276225566864014,1
6001,6031,0.19276225566864014,0.19276225566864014,1
5751,5781,0.19276225566864014,0.19276225566864014,1
5701,5731,0.19276225566864014,0.19276225566864014,1
3601,3631,0.19276225566864014,0.19276225566864014,1
1851,1881,0.19276225566864014,0.19276225566864014,1
1501,1531,0.19276225566864014,0.19276225566864014,1
1151,1181,0.19276225566864014,0.19276225566864014,1
951,981,0.19276225566864014,0.19276225566864014,1
851,881,0.19276225566864014,0.19276225566864014,1
401,431,0.19276225566864014,0.19276225566864014,1
7001,7031,0.19276225566864014,0.19276225566864014,1
13868,13880,0.1925664246082306,0.1925664246082306,1
10318,10330,0.1925664246082306,0.1925664246082306,1
518,530,0.1925664246082306,0.1925664246082306,1
818,830,0.1925664246082306,0.1925664246082306,1
10320,10340,0.19245195388793945,0.19245195388793945,1
13870,13890,0.19245195388793945,0.19245195388793945,1
820,840,0.19245195388793945,0.19245195388793945,1
520,540,0.19245195388793945,0.19245195388793945,1
501,510,0.1915493607521057,0.1915493607521057,1
801,810,0.1915493607521057,0.1915493607521057,1
10301,10310,0.1915493607521057,0.1915493607521057,1
13851,13860,0.1915493607521057,0.1915493607521057,1
501,504,0.1914728432893753,0.1914728432893753,1
801,804,0.1914728432893753,0.1914728432893753,1
10301,10304,0.1914728432893753,0.1914728432893753,1
13851,13854,0.1914728432893753,0.1914728432893753,1
10318,10319,0.1914617270231247,0.1914617270231247,1
13868,13869,0.1914617270231247,0.1914617270231247,1
518,519,0.1914617270231247,0.1914617270231247,1
818,819,0.1914617270231247,0.1914617270231247,1
7718,7722,0.19091041386127472,0.19091041386127472,1
13518,13522,0.19091041386127472,0.19091041386127472,1
12818,12822,0.19091041386127472,0.19091041386127472,1
12218,12222,0.19091041386127472,0.19091041386127472,1
11718,11722,0.19091041386127472,0.19091041386127472,1
11618,11622,0.19091041386127472,0.19091041386127472,1
11068,11072,0.19091041386127472,0.19091041386127472,1
11018,11022,0.19091041386127472,0.19091041386127472,1
10468,10472,0.19091041386127472,0.19091041386127472,1
10068,10072,0.19091041386127472,0.19091041386127472,1
9418,9422,0.19091041386127472,0.19091041386127472,1
8668,8672,0.19091041386127472,0.19091041386127472,1
8568,8572,0.19091041386127472,0.19091041386127472,1
7768,7772,0.19091041386127472,0.19091041386127472,1
9918,9922,0.19091041386127472,0.19091041386127472,1
7668,7672,0.19091041386127472,0.19091041386127472,1
6718,6722,0.19091041386127472,0.19091041386127472,1
6518,6522,0.19091041386127472,0.19091041386127472,1
6018,6022,0.19091041386127472,0.19091041386127472,1
18,22,0.19091041386127472,0.19091041386127472,1
5768,5772,0.19091041386127472,0.19091041386127472,1
5718,5722,0.19091041386127472,0.19091041386127472,1
3618,3622,0.19091041386127472,0.19091041386127472,1
1868,1872,0.19091041386127472,0.19091041386127472,1
1518,1522,0.19091041386127472,0.19091041386127472,1
1168,1172,0.19091041386127472,0.19091041386127472,1
968,972,0.19091041386127472,0.19091041386127472,1
868,872,0.19091041386127472,0.19091041386127472,1
418,422,0.19091041386127472,0.19091041386127472,1
7018,7022,0.19091041386127472,0.19091041386127472,1
10451,10467,0.190245121717453,0.190245121717453,1
8551,8567,0.190245121717453,0.190245121717453,1
8651,8667,0.190245121717453,0.190245121717453,1
13501,13517,0.190245121717453,0.190245121717453,1
9401,9417,0.190245121717453,0.190245121717453,1
9901,9917,0.190245121717453,0.190245121717453,1
10051,10067,0.190245121717453,0.190245121717453,1
12801,12817,0.190245121717453,0.190245121717453,1
7701,7717,0.190245121717453,0.190245121717453,1
11001,11017,0.190245121717453,0.190245121717453,1
11051,11067,0.190245121717453,0.190245121717453,1
11601,11617,0.190245121717453,0.190245121717453,1
11701,11717,0.190245121717453,0.190245121717453,1
12201,12217,0.190245121717453,0.190245121717453,1
7751,7767,0.190245121717453,0.190245121717453,1
6501,6517,0.190245121717453,0.190245121717453,1
7651,7667,0.190245121717453,0.190245121717453,1
1151,1167,0.190245121717453,0.190245121717453,1
7001,7017,0.190245121717453,0.190245121717453,1
1,17,0.190245121717453,0.190245121717453,1
401,417,0.190245121717453,0.190245121717453,1
851,867,0.190245121717453,0.190245121717453,1
951,967,0.190245121717453,0.190245121717453,1
1851,1867,0.190245121717453,0.190245121717453,1
1501,1517,0.190245121717453,0.190245121717453,1
5701,5717,0.190245121717453,0.190245121717453,1
5751,5767,0.190245121717453,0.190245121717453,1
6001,6017,0.190245121717453,0.190245121717453,1
3601,3617,0.190245121717453,0.190245121717453,1
6701,6717,0.190245121717453,0.190245121717453,1
11001,11022,0.19010744988918304,0.19010744988918304,1
8651,8672,0.19010744988918304,0.19010744988918304,1
9401,9422,0.19010744988918304,0.19010744988918304,1
9901,9922,0.19010744988918304,0.19010744988918304,1
10051,10072,0.19010744988918304,0.19010744988918304,1
10451,10472,0.19010744988918304,0.19010744988918304,1
12801,12822,0.19010744988918304,0.19010744988918304,1
11051,11072,0.19010744988918304,0.19010744988918304,1
11601,11622,0.19010744988918304,0.19010744988918304,1
11701,11722,0.19010744988918304,0.19010744988918304,1
12201,12222,0.19010744988918304,0.19010744988918304,1
7701,7722,0.19010744988918304,0.19010744988918304,1
13501,13522,0.19010744988918304,0.19010744988918304,1
7751,7772,0.19010744988918304,0.19010744988918304,1
8551,8572,0.19010744988918304,0.19010744988918304,1
7651,7672,0.19010744988918304,0.19010744988918304,1
3601,3622,0.19010744988918304,0.19010744988918304,1
7001,7022,0.19010744988918304,0.19010744988918304,1
401,422,0.19010744988918304,0.19010744988918304,1
851,872,0.19010744988918304,0.19010744988918304,1
951,972,0.19010744988918304,0.19010744988918304,1
1501,1522,0.19010744988918304,0.19010744988918304,1
1851,1872,0.19010744988918304,0.19010744988918304,1
1151,1172,0.19010744988918304,0.19010744988918304,1
5701,5722,0.19010744988918304,0.19010744988918304,1
5751,5772,0.19010744988918304,0.19010744988918304,1
6001,6022,0.19010744988918304,0.19010744988918304,1
6501,6522,0.19010744988918304,0.19010744988918304,1
6701,6722,0.19010744988918304,0.19010744988918304,1
1,22,0.19010744988918304,0.19010744988918304,1
10470,10497,0.19010336697101593,0.19010336697101593,1
8570,8597,0.19010336697101593,0.19010336697101593,1
8670,8697,0.19010336697101593,0.19010336697101593,1
9420,9447,0.19010336697101593,0.19010336697101593,1
13520,13547,0.19010336697101593,0.19010336697101593,1
9920,9947,0.19010336697101593,0.19010336697101593,1
10070,10097,0.19010336697101593,0.19010336697101593,1
12820,12847,0.19010336697101593,0.19010336697101593,1
11020,11047,0.19010336697101593,0.19010336697101593,1
11070,11097,0.19010336697101593,0.19010336697101593,1
11620,11647,0.19010336697101593,0.19010336697101593,1
11720,11747,0.19010336697101593,0.19010336697101593,1
12220,12247,0.19010336697101593,0.19010336697101593,1
7720,7747,0.19010336697101593,0.19010336697101593,1
7770,7797,0.19010336697101593,0.19010336697101593,1
6020,6047,0.19010336697101593,0.19010336697101593,1
7670,7697,0.19010336697101593,0.19010336697101593,1
1170,1197,0.19010336697101593,0.19010336697101593,1
7020,7047,0.19010336697101593,0.19010336697101593,1
20,47,0.19010336697101593,0.19010336697101593,1
420,447,0.19010336697101593,0.19010336697101593,1
870,897,0.19010336697101593,0.19010336697101593,1
970,997,0.19010336697101593,0.19010336697101593,1
1870,1897,0.19010336697101593,0.19010336697101593,1
1520,1547,0.19010336697101593,0.19010336697101593,1
5720,5747,0.19010336697101593,0.19010336697101593,1
5770,5797,0.19010336697101593,0.19010336697101593,1
6520,6547,0.19010336697101593,0.19010336697101593,1
3620,3647,0.19010336697101593,0.19010336697101593,1
6720,6747,0.19010336697101593,0.19010336697101593,1
501,514,0.18995754420757294,0.18995754420757294,1
801,814,0.18995754420757294,0.18995754420757294,1
10301,10314,0.18995754420757294,0.18995754420757294,1
13851,13864,0.18995754420757294,0.18995754420757294,1
11018,11047,0.18974222242832184,0.18974222242832184,1
8668,8697,0.18974222242832184,0.18974222242832184,1
9418,9447,0.18974222242832184,0.18974222242832184,1
9918,9947,0.18974222242832184,0.18974222242832184,1
10068,10097,0.18974222242832184,0.18974222242832184,1
10468,10497,0.18974222242832184,0.18974222242832184,1
12818,12847,0.18974222242832184,0.18974222242832184,1
11068,11097,0.18974222242832184,0.18974222242832184,1
11618,11647,0.18974222242832184,0.18974222242832184,1
11718,11747,0.18974222242832184,0.18974222242832184,1
12218,12247,0.18974222242832184,0.18974222242832184,1
7718,7747,0.18974222242832184,0.18974222242832184,1
13518,13547,0.18974222242832184,0.18974222242832184,1
7768,7797,0.18974222242832184,0.18974222242832184,1
8568,8597,0.18974222242832184,0.18974222242832184,1
7668,7697,0.18974222242832184,0.18974222242832184,1
1868,1897,0.18974222242832184,0.18974222242832184,1
18,47,0.18974222242832184,0.18974222242832184,1
7018,7047,0.18974222242832184,0.18974222242832184,1
418,447,0.18974222242832184,0.18974222242832184,1
868,897,0.18974222242832184,0.18974222242832184,1
968,997,0.18974222242832184,0.18974222242832184,1
1168,1197,0.18974222242832184,0.18974222242832184,1
1518,1547,0.18974222242832184,0.18974222242832184,1
3618,3647,0.18974222242832184,0.18974222242832184,1
5718,5747,0.18974222242832184,0.18974222242832184,1
5768,5797,0.18974222242832184,0.18974222242832184,1
6018,6047,0.18974222242832184,0.18974222242832184,1
6518,6547,0.18974222242832184,0.18974222242832184,1
6718,6747,0.18974222242832184,0.18974222242832184,1
10468,10489,0.188644140958786,0.188644140958786,1
8568,8589,0.188644140958786,0.188644140958786,1
8668,8689,0.188644140958786,0.188644140958786,1
9418,9439,0.188644140958786,0.188644140958786,1
9918,9939,0.188644140958786,0.188644140958786,1
10068,10089,0.188644140958786,0.188644140958786,1
11018,11039,0.188644140958786,0.188644140958786,1
7718,7739,0.188644140958786,0.188644140958786,1
11068,11089,0.188644140958786,0.188644140958786,1
11618,11639,0.188644140958786,0.188644140958786,1
11718,11739,0.188644140958786,0.188644140958786,1
12218,12239,0.188644140958786,0.188644140958786,1
12818,12839,0.188644140958786,0.188644140958786,1
13518,13539,0.188644140958786,0.188644140958786,1
7768,7789,0.188644140958786,0.188644140958786,1
7018,7039,0.188644140958786,0.188644140958786,1
7668,7689,0.188644140958786,0.188644140958786,1
6718,6739,0.188644140958786,0.188644140958786,1
6518,6539,0.188644140958786,0.188644140958786,1
6018,6039,0.188644140958786,0.188644140958786,1
5768,5789,0.188644140958786,0.188644140958786,1
3618,3639,0.188644140958786,0.188644140958786,1
1868,1889,0.188644140958786,0.188644140958786,1
1518,1539,0.188644140958786,0.188644140958786,1
1168,1189,0.188644140958786,0.188644140958786,1
968,989,0.188644140958786,0.188644140958786,1
868,889,0.188644140958786,0.188644140958786,1
418,439,0.188644140958786,0.188644140958786,1
18,39,0.188644140958786,0.188644140958786,1
5718,5739,0.188644140958786,0.188644140958786,1
10343,10346,0.18856889009475708,0.18856889009475708,1
13893,13896,0.18856889009475708,0.18856889009475708,1
843,846,0.18856889009475708,0.18856889009475708,1
543,546,0.18856889009475708,0.18856889009475708,1
11011,11017,0.18825627863407135,0.18825627863407135,1
8561,8567,0.18825627863407135,0.18825627863407135,1
8661,8667,0.18825627863407135,0.18825627863407135,1
9411,9417,0.18825627863407135,0.18825627863407135,1
9911,9917,0.18825627863407135,0.18825627863407135,1
10061,10067,0.18825627863407135,0.18825627863407135,1
10461,10467,0.18825627863407135,0.18825627863407135,1
11061,11067,0.18825627863407135,0.18825627863407135,1
7711,7717,0.18825627863407135,0.18825627863407135,1
11611,11617,0.18825627863407135,0.18825627863407135,1
11711,11717,0.18825627863407135,0.18825627863407135,1
12211,12217,0.18825627863407135,0.18825627863407135,1
12811,12817,0.18825627863407135,0.18825627863407135,1
13511,13517,0.18825627863407135,0.18825627863407135,1
7761,7767,0.18825627863407135,0.18825627863407135,1
961,967,0.18825627863407135,0.18825627863407135,1
7661,7667,0.18825627863407135,0.18825627863407135,1
1861,1867,0.18825627863407135,0.18825627863407135,1
11,17,0.18825627863407135,0.18825627863407135,1
411,417,0.18825627863407135,0.18825627863407135,1
861,867,0.18825627863407135,0.18825627863407135,1
1161,1167,0.18825627863407135,0.18825627863407135,1
1511,1517,0.18825627863407135,0.18825627863407135,1
7011,7017,0.18825627863407135,0.18825627863407135,1
3611,3617,0.18825627863407135,0.18825627863407135,1
5761,5767,0.18825627863407135,0.18825627863407135,1
6011,6017,0.18825627863407135,0.18825627863407135,1
6511,6517,0.18825627863407135,0.18825627863407135,1
6711,6717,0.18825627863407135,0.18825627863407135,1
5711,5717,0.18825627863407135,0.18825627863407135,1
511,517,0.1878543645143509,0.1878543645143509,1
811,817,0.1878543645143509,0.1878543645143509,1
10311,10317,0.1878543645143509,0.1878543645143509,1
13861,13867,0.1878543645143509,0.1878543645143509,1
801,846,0.1875302493572235,0.1875302493572235,1
10301,10346,0.1875302493572235,0.1875302493572235,1
13851,13896,0.1875302493572235,0.1875302493572235,1
501,546,0.1875302493572235,0.1875302493572235,1
7701,7712,0.1866382211446762,0.1866382211446762,1
13501,13512,0.1866382211446762,0.1866382211446762,1
12801,12812,0.1866382211446762,0.1866382211446762,1
12201,12212,0.1866382211446762,0.1866382211446762,1
11701,11712,0.1866382211446762,0.1866382211446762,1
11601,11612,0.1866382211446762,0.1866382211446762,1
11051,11062,0.1866382211446762,0.1866382211446762,1
11001,11012,0.1866382211446762,0.1866382211446762,1
10451,10462,0.1866382211446762,0.1866382211446762,1
10051,10062,0.1866382211446762,0.1866382211446762,1
9901,9912,0.1866382211446762,0.1866382211446762,1
9401,9412,0.1866382211446762,0.1866382211446762,1
8651,8662,0.1866382211446762,0.1866382211446762,1
7751,7762,0.1866382211446762,0.1866382211446762,1
8551,8562,0.1866382211446762,0.1866382211446762,1
7651,7662,0.1866382211446762,0.1866382211446762,1
3601,3612,0.1866382211446762,0.1866382211446762,1
401,412,0.1866382211446762,0.1866382211446762,1
851,862,0.1866382211446762,0.1866382211446762,1
951,962,0.1866382211446762,0.1866382211446762,1
1151,1162,0.1866382211446762,0.1866382211446762,1
1501,1512,0.1866382211446762,0.1866382211446762,1
1851,1862,0.1866382211446762,0.1866382211446762,1
7001,7012,0.1866382211446762,0.1866382211446762,1
5701,5712,0.1866382211446762,0.1866382211446762,1
6001,6012,0.1866382211446762,0.1866382211446762,1
6501,6512,0.1866382211446762,0.1866382211446762,1
6701,6712,0.1866382211446762,0.1866382211446762,1
1,12,0.1866382211446762,0.1866382211446762,1
5751,5762,0.1866382211446762,0.1866382211446762,1
10451,10468,0.1866368055343628,0.1866368055343628,1
7751,7768,0.1866368055343628,0.1866368055343628,1
8551,8568,0.1866368055343628,0.1866368055343628,1
8651,8668,0.1866368055343628,0.1866368055343628,1
9401,9418,0.1866368055343628,0.1866368055343628,1
9901,9918,0.1866368055343628,0.1866368055343628,1
10051,10068,0.1866368055343628,0.1866368055343628,1
11601,11618,0.1866368055343628,0.1866368055343628,1
11001,11018,0.1866368055343628,0.1866368055343628,1
11051,11068,0.1866368055343628,0.1866368055343628,1
11701,11718,0.1866368055343628,0.1866368055343628,1
12201,12218,0.1866368055343628,0.1866368055343628,1
12801,12818,0.1866368055343628,0.1866368055343628,1
7701,7718,0.1866368055343628,0.1866368055343628,1
13501,13518,0.1866368055343628,0.1866368055343628,1
7651,7668,0.1866368055343628,0.1866368055343628,1
7001,7018,0.1866368055343628,0.1866368055343628,1
1501,1518,0.1866368055343628,0.1866368055343628,1
6701,6718,0.1866368055343628,0.1866368055343628,1
1,18,0.1866368055343628,0.1866368055343628,1
401,418,0.1866368055343628,0.1866368055343628,1
851,868,0.1866368055343628,0.1866368055343628,1
1151,1168,0.1866368055343628,0.1866368055343628,1
951,968,0.1866368055343628,0.1866368055343628,1
1851,1868,0.1866368055343628,0.1866368055343628,1
3601,3618,0.1866368055343628,0.1866368055343628,1
5701,5718,0.1866368055343628,0.1866368055343628,1
5751,5768,0.1866368055343628,0.1866368055343628,1
6001,6018,0.1866368055343628,0.1866368055343628,1
6501,6518,0.1866368055343628,0.1866368055343628,1
11020,11039,0.18647858500480652,0.18647858500480652,1
8670,8689,0.18647858500480652,0.18647858500480652,1
9420,9439,0.18647858500480652,0.18647858500480652,1
9920,9939,0.18647858500480652,0.18647858500480652,1
10070,10089,0.18647858500480652,0.18647858500480652,1
10470,10489,0.18647858500480652,0.18647858500480652,1
11720,11739,0.18647858500480652,0.18647858500480652,1
11070,11089,0.18647858500480652,0.18647858500480652,1
11620,11639,0.18647858500480652,0.18647858500480652,1
12220,12239,0.18647858500480652,0.18647858500480652,1
12820,12839,0.18647858500480652,0.18647858500480652,1
13520,13539,0.18647858500480652,0.18647858500480652,1
7720,7739,0.18647858500480652,0.18647858500480652,1
8570,8589,0.18647858500480652,0.18647858500480652,1
7770,7789,0.18647858500480652,0.18647858500480652,1
7670,7689,0.18647858500480652,0.18647858500480652,1
1870,1889,0.18647858500480652,0.18647858500480652,1
20,39,0.18647858500480652,0.18647858500480652,1
420,439,0.18647858500480652,0.18647858500480652,1
870,889,0.18647858500480652,0.18647858500480652,1
970,989,0.18647858500480652,0.18647858500480652,1
1170,1189,0.18647858500480652,0.18647858500480652,1
1520,1539,0.18647858500480652,0.18647858500480652,1
3620,3639,0.18647858500480652,0.18647858500480652,1
5720,5739,0.18647858500480652,0.18647858500480652,1
5770,5789,0.18647858500480652,0.18647858500480652,1
6020,6039,0.18647858500480652,0.18647858500480652,1
6520,6539,0.18647858500480652,0.18647858500480652,1
6720,6739,0.18647858500480652,0.18647858500480652,1
7020,7039,0.18647858500480652,0.18647858500480652,1
501,534,0.18597780168056488,0.18597780168056488,1
801,834,0.18597780168056488,0.18597780168056488,1
10301,10334,0.18597780168056488,0.18597780168056488,1
13851,13884,0.18597780168056488,0.18597780168056488,1
10451,10460,0.18466727435588837,0.18466727435588837,1
8551,8560,0.18466727435588837,0.18466727435588837,1
8651,8660,0.18466727435588837,0.18466727435588837,1
9401,9410,0.18466727435588837,0.18466727435588837,1
9901,9910,0.18466727435588837,0.18466727435588837,1
10051,10060,0.18466727435588837,0.18466727435588837,1
11601,11610,0.18466727435588837,0.18466727435588837,1
11001,11010,0.18466727435588837,0.18466727435588837,1
11051,11060,0.18466727435588837,0.18466727435588837,1
11701,11710,0.18466727435588837,0.18466727435588837,1
12201,12210,0.18466727435588837,0.18466727435588837,1
12801,12810,0.18466727435588837,0.18466727435588837,1
13501,13510,0.18466727435588837,0.18466727435588837,1
7701,7710,0.18466727435588837,0.18466727435588837,1
7751,7760,0.18466727435588837,0.18466727435588837,1
7651,7660,0.18466727435588837,0.18466727435588837,1
1851,1860,0.18466727435588837,0.18466727435588837,1
1,10,0.18466727435588837,0.18466727435588837,1
401,410,0.18466727435588837,0.18466727435588837,1
851,860,0.18466727435588837,0.18466727435588837,1
951,960,0.18466727435588837,0.18466727435588837,1
1151,1160,0.18466727435588837,0.18466727435588837,1
1501,1510,0.18466727435588837,0.18466727435588837,1
7001,7010,0.18466727435588837,0.18466727435588837,1
3601,3610,0.18466727435588837,0.18466727435588837,1
6501,6510,0.18466727435588837,0.18466727435588837,1
6701,6710,0.18466727435588837,0.18466727435588837,1
5701,5710,0.18466727435588837,0.18466727435588837,1
6001,6010,0.18466727435588837,0.18466727435588837,1
5751,5760,0.18466727435588837,0.18466727435588837,1
501,536,0.18459083139896393,0.18459083139896393,1
801,836,0.18459083139896393,0.18459083139896393,1
10301,10336,0.18459083139896393,0.18459083139896393,1
13851,13886,0.18459083139896393,0.18459083139896393,1
518,537,0.1845293790102005,0.1845293790102005,1
818,837,0.1845293790102005,0.1845293790102005,1
10318,10337,0.1845293790102005,0.1845293790102005,1
13868,13887,0.1845293790102005,0.1845293790102005,1
10310,10312,0.18436725437641144,0.18436725437641144,1
13860,13862,0.18436725437641144,0.18436725437641144,1
510,512,0.18436725437641144,0.18436725437641144,1
810,812,0.18436725437641144,0.18436725437641144,1
501,537,0.18411710858345032,0.18411710858345032,1
801,837,0.18411710858345032,0.18411710858345032,1
10301,10337,0.18411710858345032,0.18411710858345032,1
13851,13887,0.18411710858345032,0.18411710858345032,1
10318,10336,0.18411210179328918,0.18411210179328918,1
13868,13886,0.18411210179328918,0.18411210179328918,1
518,536,0.18411210179328918,0.18411210179328918,1
818,836,0.18411210179328918,0.18411210179328918,1
7718,7720,0.18394708633422852,0.18394708633422852,1
13518,13520,0.18394708633422852,0.18394708633422852,1
12818,12820,0.18394708633422852,0.18394708633422852,1
12218,12220,0.18394708633422852,0.18394708633422852,1
11718,11720,0.18394708633422852,0.18394708633422852,1
11618,11620,0.18394708633422852,0.18394708633422852,1
11068,11070,0.18394708633422852,0.18394708633422852,1
11018,11020,0.18394708633422852,0.18394708633422852,1
10468,10470,0.18394708633422852,0.18394708633422852,1
10068,10070,0.18394708633422852,0.18394708633422852,1
9918,9920,0.18394708633422852,0.18394708633422852,1
9418,9420,0.18394708633422852,0.18394708633422852,1
8668,8670,0.18394708633422852,0.18394708633422852,1
8568,8570,0.18394708633422852,0.18394708633422852,1
7768,7770,0.18394708633422852,0.18394708633422852,1
7018,7020,0.18394708633422852,0.18394708633422852,1
7668,7670,0.18394708633422852,0.18394708633422852,1
6718,6720,0.18394708633422852,0.18394708633422852,1
6518,6520,0.18394708633422852,0.18394708633422852,1
6018,6020,0.18394708633422852,0.18394708633422852,1
5768,5770,0.18394708633422852,0.18394708633422852,1
5718,5720,0.18394708633422852,0.18394708633422852,1
3618,3620,0.18394708633422852,0.18394708633422852,1
1868,1870,0.18394708633422852,0.18394708633422852,1
1518,1520,0.18394708633422852,0.18394708633422852,1
1168,1170,0.18394708633422852,0.18394708633422852,1
968,970,0.18394708633422852,0.18394708633422852,1
868,870,0.18394708633422852,0.18394708633422852,1
418,420,0.18394708633422852,0.18394708633422852,1
18,20,0.18394708633422852,0.18394708633422852,1
7711,7718,0.18376649916172028,0.18376649916172028,1
10461,10468,0.18376649916172028,0.18376649916172028,1
8561,8568,0.18376649916172028,0.18376649916172028,1
8661,8668,0.18376649916172028,0.18376649916172028,1
9411,9418,0.18376649916172028,0.18376649916172028,1
9911,9918,0.18376649916172028,0.18376649916172028,1
10061,10068,0.18376649916172028,0.18376649916172028,1
11061,11068,0.18376649916172028,0.18376649916172028,1
11011,11018,0.18376649916172028,0.18376649916172028,1
11611,11618,0.18376649916172028,0.18376649916172028,1
11711,11718,0.18376649916172028,0.18376649916172028,1
12211,12218,0.18376649916172028,0.18376649916172028,1
12811,12818,0.18376649916172028,0.18376649916172028,1
13511,13518,0.18376649916172028,0.18376649916172028,1
7761,7768,0.18376649916172028,0.18376649916172028,1
861,868,0.18376649916172028,0.18376649916172028,1
7661,7668,0.18376649916172028,0.18376649916172028,1
1861,1868,0.18376649916172028,0.18376649916172028,1
7011,7018,0.18376649916172028,0.18376649916172028,1
411,418,0.18376649916172028,0.18376649916172028,1
961,968,0.18376649916172028,0.18376649916172028,1
1161,1168,0.18376649916172028,0.18376649916172028,1
1511,1518,0.18376649916172028,0.18376649916172028,1
11,18,0.18376649916172028,0.18376649916172028,1
3611,3618,0.18376649916172028,0.18376649916172028,1
5761,5768,0.18376649916172028,0.18376649916172028,1
6011,6018,0.18376649916172028,0.18376649916172028,1
6511,6518,0.18376649916172028,0.18376649916172028,1
5711,5718,0.18376649916172028,0.18376649916172028,1
6711,6718,0.18376649916172028,0.18376649916172028,1
10310,10314,0.18295474350452423,0.18295474350452423,1
13860,13864,0.18295474350452423,0.18295474350452423,1
810,814,0.18295474350452423,0.18295474350452423,1
510,514,0.18295474350452423,0.18295474350452423,1
520,534,0.18289650976657867,0.18289650976657867,1
820,834,0.18289650976657867,0.18289650976657867,1
10320,10334,0.18289650976657867,0.18289650976657867,1
13870,13884,0.18289650976657867,0.18289650976657867,1
11018,11038,0.18262533843517303,0.18262533843517303,1
8668,8688,0.18262533843517303,0.18262533843517303,1
9418,9438,0.18262533843517303,0.18262533843517303,1
9918,9938,0.18262533843517303,0.18262533843517303,1
10068,10088,0.18262533843517303,0.18262533843517303,1
10468,10488,0.18262533843517303,0.18262533843517303,1
7018,7038,0.18262533843517303,0.18262533843517303,1
11068,11088,0.18262533843517303,0.18262533843517303,1
11618,11638,0.18262533843517303,0.18262533843517303,1
11718,11738,0.18262533843517303,0.18262533843517303,1
12218,12238,0.18262533843517303,0.18262533843517303,1
12818,12838,0.18262533843517303,0.18262533843517303,1
13518,13538,0.18262533843517303,0.18262533843517303,1
7768,7788,0.18262533843517303,0.18262533843517303,1
8568,8588,0.18262533843517303,0.18262533843517303,1
5768,5788,0.18262533843517303,0.18262533843517303,1
7718,7738,0.18262533843517303,0.18262533843517303,1
1868,1888,0.18262533843517303,0.18262533843517303,1
7668,7688,0.18262533843517303,0.18262533843517303,1
418,438,0.18262533843517303,0.18262533843517303,1
868,888,0.18262533843517303,0.18262533843517303,1
968,988,0.18262533843517303,0.18262533843517303,1
1518,1538,0.18262533843517303,0.18262533843517303,1
1168,1188,0.18262533843517303,0.18262533843517303,1
3618,3638,0.18262533843517303,0.18262533843517303,1
5718,5738,0.18262533843517303,0.18262533843517303,1
18,38,0.18262533843517303,0.18262533843517303,1
6018,6038,0.18262533843517303,0.18262533843517303,1
6518,6538,0.18262533843517303,0.18262533843517303,1
6718,6738,0.18262533843517303,0.18262533843517303,1
10452,10453,0.18241026997566223,0.18241026997566223,1
8552,8553,0.18241026997566223,0.18241026997566223,1
8652,8653,0.18241026997566223,0.18241026997566223,1
9402,9403,0.18241026997566223,0.18241026997566223,1
9902,9903,0.18241026997566223,0.18241026997566223,1
10052,10053,0.18241026997566223,0.18241026997566223,1
13502,13503,0.18241026997566223,0.18241026997566223,1
11002,11003,0.18241026997566223,0.18241026997566223,1
11052,11053,0.18241026997566223,0.18241026997566223,1
11602,11603,0.18241026997566223,0.18241026997566223,1
11702,11703,0.18241026997566223,0.18241026997566223,1
12202,12203,0.18241026997566223,0.18241026997566223,1
12802,12803,0.18241026997566223,0.18241026997566223,1
7702,7703,0.18241026997566223,0.18241026997566223,1
7752,7753,0.18241026997566223,0.18241026997566223,1
6502,6503,0.18241026997566223,0.18241026997566223,1
7652,7653,0.18241026997566223,0.18241026997566223,1
1502,1503,0.18241026997566223,0.18241026997566223,1
2,3,0.18241026997566223,0.18241026997566223,1
402,403,0.18241026997566223,0.18241026997566223,1
852,853,0.18241026997566223,0.18241026997566223,1
7002,7003,0.18241026997566223,0.18241026997566223,1
1152,1153,0.18241026997566223,0.18241026997566223,1
952,953,0.18241026997566223,0.18241026997566223,1
1852,1853,0.18241026997566223,0.18241026997566223,1
3602,3603,0.18241026997566223,0.18241026997566223,1
5702,5703,0.18241026997566223,0.18241026997566223,1
5752,5753,0.18241026997566223,0.18241026997566223,1
6002,6003,0.18241026997566223,0.18241026997566223,1
6702,6703,0.18241026997566223,0.18241026997566223,1
11011,11012,0.18225856125354767,0.18225856125354767,1
8661,8662,0.18225856125354767,0.18225856125354767,1
9411,9412,0.18225856125354767,0.18225856125354767,1
9911,9912,0.18225856125354767,0.18225856125354767,1
10061,10062,0.18225856125354767,0.18225856125354767,1
10461,10462,0.18225856125354767,0.18225856125354767,1
7711,7712,0.18225856125354767,0.18225856125354767,1
11061,11062,0.18225856125354767,0.18225856125354767,1
11611,11612,0.18225856125354767,0.18225856125354767,1
11711,11712,0.18225856125354767,0.18225856125354767,1
12211,12212,0.18225856125354767,0.18225856125354767,1
12811,12812,0.18225856125354767,0.18225856125354767,1
13511,13512,0.18225856125354767,0.18225856125354767,1
8561,8562,0.18225856125354767,0.18225856125354767,1
7761,7762,0.18225856125354767,0.18225856125354767,1
7661,7662,0.18225856125354767,0.18225856125354767,1
3611,3612,0.18225856125354767,0.18225856125354767,1
411,412,0.18225856125354767,0.18225856125354767,1
861,862,0.18225856125354767,0.18225856125354767,1
961,962,0.18225856125354767,0.18225856125354767,1
1161,1162,0.18225856125354767,0.18225856125354767,1
1511,1512,0.18225856125354767,0.18225856125354767,1
1861,1862,0.18225856125354767,0.18225856125354767,1
11,12,0.18225856125354767,0.18225856125354767,1
5711,5712,0.18225856125354767,0.18225856125354767,1
6011,6012,0.18225856125354767,0.18225856125354767,1
6511,6512,0.18225856125354767,0.18225856125354767,1
6711,6712,0.18225856125354767,0.18225856125354767,1
7011,7012,0.18225856125354767,0.18225856125354767,1
5761,5762,0.18225856125354767,0.18225856125354767,1
11001,11014,0.18225187063217163,0.18225187063217163,1
8551,8564,0.18225187063217163,0.18225187063217163,1
8651,8664,0.18225187063217163,0.18225187063217163,1
9401,9414,0.18225187063217163,0.18225187063217163,1
9901,9914,0.18225187063217163,0.18225187063217163,1
10051,10064,0.18225187063217163,0.18225187063217163,1
10451,10464,0.18225187063217163,0.18225187063217163,1
11701,11714,0.18225187063217163,0.18225187063217163,1
11051,11064,0.18225187063217163,0.18225187063217163,1
11601,11614,0.18225187063217163,0.18225187063217163,1
12201,12214,0.18225187063217163,0.18225187063217163,1
12801,12814,0.18225187063217163,0.18225187063217163,1
13501,13514,0.18225187063217163,0.18225187063217163,1
7701,7714,0.18225187063217163,0.18225187063217163,1
7751,7764,0.18225187063217163,0.18225187063217163,1
7651,7664,0.18225187063217163,0.18225187063217163,1
1,14,0.18225187063217163,0.18225187063217163,1
1851,1864,0.18225187063217163,0.18225187063217163,1
7001,7014,0.18225187063217163,0.18225187063217163,1
401,414,0.18225187063217163,0.18225187063217163,1
851,864,0.18225187063217163,0.18225187063217163,1
951,964,0.18225187063217163,0.18225187063217163,1
1501,1514,0.18225187063217163,0.18225187063217163,1
1151,1164,0.18225187063217163,0.18225187063217163,1
3601,3614,0.18225187063217163,0.18225187063217163,1
5701,5714,0.18225187063217163,0.18225187063217163,1
5751,5764,0.18225187063217163,0.18225187063217163,1
6001,6014,0.18225187063217163,0.18225187063217163,1
6501,6514,0.18225187063217163,0.18225187063217163,1
6701,6714,0.18225187063217163,0.18225187063217163,1
11020,11048,0.18218131363391876,0.18218131363391876,1
8670,8698,0.18218131363391876,0.18218131363391876,1
9420,9448,0.18218131363391876,0.18218131363391876,1
9920,9948,0.18218131363391876,0.18218131363391876,1
10070,10098,0.18218131363391876,0.18218131363391876,1
10470,10498,0.18218131363391876,0.18218131363391876,1
7720,7748,0.18218131363391876,0.18218131363391876,1
11070,11098,0.18218131363391876,0.18218131363391876,1
11620,11648,0.18218131363391876,0.18218131363391876,1
11720,11748,0.18218131363391876,0.18218131363391876,1
12220,12248,0.18218131363391876,0.18218131363391876,1
12820,12848,0.18218131363391876,0.18218131363391876,1
13520,13548,0.18218131363391876,0.18218131363391876,1
7770,7798,0.18218131363391876,0.18218131363391876,1
8570,8598,0.18218131363391876,0.18218131363391876,1
7670,7698,0.18218131363391876,0.18218131363391876,1
20,48,0.18218131363391876,0.18218131363391876,1
6720,6748,0.18218131363391876,0.18218131363391876,1
6520,6548,0.18218131363391876,0.18218131363391876,1
6020,6048,0.18218131363391876,0.18218131363391876,1
5770,5798,0.18218131363391876,0.18218131363391876,1
5720,5748,0.18218131363391876,0.18218131363391876,1
3620,3648,0.18218131363391876,0.18218131363391876,1
1870,1898,0.18218131363391876,0.18218131363391876,1
1520,1548,0.18218131363391876,0.18218131363391876,1
1170,1198,0.18218131363391876,0.18218131363391876,1
970,998,0.18218131363391876,0.18218131363391876,1
870,898,0.18218131363391876,0.18218131363391876,1
420,448,0.18218131363391876,0.18218131363391876,1
7020,7048,0.18218131363391876,0.18218131363391876,1
7720,7738,0.18185293674468994,0.18185293674468994,1
10470,10488,0.18185293674468994,0.18185293674468994,1
8570,8588,0.18185293674468994,0.18185293674468994,1
8670,8688,0.18185293674468994,0.18185293674468994,1
9420,9438,0.18185293674468994,0.18185293674468994,1
9920,9938,0.18185293674468994,0.18185293674468994,1
10070,10088,0.18185293674468994,0.18185293674468994,1
11020,11038,0.18185293674468994,0.18185293674468994,1
11070,11088,0.18185293674468994,0.18185293674468994,1
11620,11638,0.18185293674468994,0.18185293674468994,1
11720,11738,0.18185293674468994,0.18185293674468994,1
12220,12238,0.18185293674468994,0.18185293674468994,1
12820,12838,0.18185293674468994,0.18185293674468994,1
13520,13538,0.18185293674468994,0.18185293674468994,1
7770,7788,0.18185293674468994,0.18185293674468994,1
7020,7038,0.18185293674468994,0.18185293674468994,1
7670,7688,0.18185293674468994,0.18185293674468994,1
1520,1538,0.18185293674468994,0.18185293674468994,1
6720,6738,0.18185293674468994,0.18185293674468994,1
20,38,0.18185293674468994,0.18185293674468994,1
420,438,0.18185293674468994,0.18185293674468994,1
870,888,0.18185293674468994,0.18185293674468994,1
1170,1188,0.18185293674468994,0.18185293674468994,1
970,988,0.18185293674468994,0.18185293674468994,1
1870,1888,0.18185293674468994,0.18185293674468994,1
3620,3638,0.18185293674468994,0.18185293674468994,1
5720,5738,0.18185293674468994,0.18185293674468994,1
5770,5788,0.18185293674468994,0.18185293674468994,1
6020,6038,0.18185293674468994,0.18185293674468994,1
6520,6538,0.18185293674468994,0.18185293674468994,1
11043,11046,0.1816965490579605,0.1816965490579605,1
8593,8596,0.1816965490579605,0.1816965490579605,1
8693,8696,0.1816965490579605,0.1816965490579605,1
9443,9446,0.1816965490579605,0.1816965490579605,1
9943,9946,0.1816965490579605,0.1816965490579605,1
10093,10096,0.1816965490579605,0.1816965490579605,1
10493,10496,0.1816965490579605,0.1816965490579605,1
7743,7746,0.1816965490579605,0.1816965490579605,1
11093,11096,0.1816965490579605,0.1816965490579605,1
11643,11646,0.1816965490579605,0.1816965490579605,1
11743,11746,0.1816965490579605,0.1816965490579605,1
12243,12246,0.1816965490579605,0.1816965490579605,1
12843,12846,0.1816965490579605,0.1816965490579605,1
13543,13546,0.1816965490579605,0.1816965490579605,1
7793,7796,0.1816965490579605,0.1816965490579605,1
7693,7696,0.1816965490579605,0.1816965490579605,1
43,46,0.1816965490579605,0.1816965490579605,1
1893,1896,0.1816965490579605,0.1816965490579605,1
7043,7046,0.1816965490579605,0.1816965490579605,1
443,446,0.1816965490579605,0.1816965490579605,1
893,896,0.1816965490579605,0.1816965490579605,1
993,996,0.1816965490579605,0.1816965490579605,1
1543,1546,0.1816965490579605,0.1816965490579605,1
1193,1196,0.1816965490579605,0.1816965490579605,1
3643,3646,0.1816965490579605,0.1816965490579605,1
5743,5746,0.1816965490579605,0.1816965490579605,1
5793,5796,0.1816965490579605,0.1816965490579605,1
6043,6046,0.1816965490579605,0.1816965490579605,1
6543,6546,0.1816965490579605,0.1816965490579605,1
6743,6746,0.1816965490579605,0.1816965490579605,1
11018,11046,0.18160156905651093,0.18160156905651093,1
8568,8596,0.18160156905651093,0.18160156905651093,1
8668,8696,0.18160156905651093,0.18160156905651093,1
9418,9446,0.18160156905651093,0.18160156905651093,1
9918,9946,0.18160156905651093,0.18160156905651093,1
10068,10096,0.18160156905651093,0.18160156905651093,1
10468,10496,0.18160156905651093,0.18160156905651093,1
7718,7746,0.18160156905651093,0.18160156905651093,1
11068,11096,0.18160156905651093,0.18160156905651093,1
11618,11646,0.18160156905651093,0.18160156905651093,1
11718,11746,0.18160156905651093,0.18160156905651093,1
12218,12246,0.18160156905651093,0.18160156905651093,1
12818,12846,0.18160156905651093,0.18160156905651093,1
13518,13546,0.18160156905651093,0.18160156905651093,1
7768,7796,0.18160156905651093,0.18160156905651093,1
6518,6546,0.18160156905651093,0.18160156905651093,1
7668,7696,0.18160156905651093,0.18160156905651093,1
1868,1896,0.18160156905651093,0.18160156905651093,1
18,46,0.18160156905651093,0.18160156905651093,1
418,446,0.18160156905651093,0.18160156905651093,1
868,896,0.18160156905651093,0.18160156905651093,1
968,996,0.18160156905651093,0.18160156905651093,1
7018,7046,0.18160156905651093,0.18160156905651093,1
1518,1546,0.18160156905651093,0.18160156905651093,1
1168,1196,0.18160156905651093,0.18160156905651093,1
3618,3646,0.18160156905651093,0.18160156905651093,1
5718,5746,0.18160156905651093,0.18160156905651093,1
5768,5796,0.18160156905651093,0.18160156905651093,1
6018,6046,0.18160156905651093,0.18160156905651093,1
6718,6746,0.18160156905651093,0.18160156905651093,1
11018,11048,0.18154318630695343,0.18154318630695343,1
8668,8698,0.18154318630695343,0.18154318630695343,1
9418,9448,0.18154318630695343,0.18154318630695343,1
9918,9948,0.18154318630695343,0.18154318630695343,1
10068,10098,0.18154318630695343,0.18154318630695343,1
10468,10498,0.18154318630695343,0.18154318630695343,1
8568,8598,0.18154318630695343,0.18154318630695343,1
11068,11098,0.18154318630695343,0.18154318630695343,1
11618,11648,0.18154318630695343,0.18154318630695343,1
11718,11748,0.18154318630695343,0.18154318630695343,1
12218,12248,0.18154318630695343,0.18154318630695343,1
12818,12848,0.18154318630695343,0.18154318630695343,1
13518,13548,0.18154318630695343,0.18154318630695343,1
7718,7748,0.18154318630695343,0.18154318630695343,1
7768,7798,0.18154318630695343,0.18154318630695343,1
7018,7048,0.18154318630695343,0.18154318630695343,1
7668,7698,0.18154318630695343,0.18154318630695343,1
6718,6748,0.18154318630695343,0.18154318630695343,1
6518,6548,0.18154318630695343,0.18154318630695343,1
6018,6048,0.18154318630695343,0.18154318630695343,1
5768,5798,0.18154318630695343,0.18154318630695343,1
5718,5748,0.18154318630695343,0.18154318630695343,1
3618,3648,0.18154318630695343,0.18154318630695343,1
1868,1898,0.18154318630695343,0.18154318630695343,1
1518,1548,0.18154318630695343,0.18154318630695343,1
1168,1198,0.18154318630695343,0.18154318630695343,1
968,998,0.18154318630695343,0.18154318630695343,1
868,898,0.18154318630695343,0.18154318630695343,1
418,448,0.18154318630695343,0.18154318630695343,1
18,48,0.18154318630695343,0.18154318630695343,1
11001,11034,0.18135111033916473,0.18135111033916473,1
8551,8584,0.18135111033916473,0.18135111033916473,1
9401,9434,0.18135111033916473,0.18135111033916473,1
9901,9934,0.18135111033916473,0.18135111033916473,1
10051,10084,0.18135111033916473,0.18135111033916473,1
10451,10484,0.18135111033916473,0.18135111033916473,1
7701,7734,0.18135111033916473,0.18135111033916473,1
11051,11084,0.18135111033916473,0.18135111033916473,1
11601,11634,0.18135111033916473,0.18135111033916473,1
11701,11734,0.18135111033916473,0.18135111033916473,1
12201,12234,0.18135111033916473,0.18135111033916473,1
12801,12834,0.18135111033916473,0.18135111033916473,1
13501,13534,0.18135111033916473,0.18135111033916473,1
7751,7784,0.18135111033916473,0.18135111033916473,1
8651,8684,0.18135111033916473,0.18135111033916473,1
7651,7684,0.18135111033916473,0.18135111033916473,1
6701,6734,0.18135111033916473,0.18135111033916473,1
6501,6534,0.18135111033916473,0.18135111033916473,1
6001,6034,0.18135111033916473,0.18135111033916473,1
5751,5784,0.18135111033916473,0.18135111033916473,1
5701,5734,0.18135111033916473,0.18135111033916473,1
3601,3634,0.18135111033916473,0.18135111033916473,1
1851,1884,0.18135111033916473,0.18135111033916473,1
1501,1534,0.18135111033916473,0.18135111033916473,1
1151,1184,0.18135111033916473,0.18135111033916473,1
951,984,0.18135111033916473,0.18135111033916473,1
851,884,0.18135111033916473,0.18135111033916473,1
401,434,0.18135111033916473,0.18135111033916473,1
1,34,0.18135111033916473,0.18135111033916473,1
7001,7034,0.18135111033916473,0.18135111033916473,1
13858,13860,0.18110410869121552,0.18110410869121552,1
10308,10310,0.18110410869121552,0.18110410869121552,1
508,510,0.18110410869121552,0.18110410869121552,1
808,810,0.18110410869121552,0.18110410869121552,1
11018,11019,0.18060661852359772,0.18060661852359772,1
8668,8669,0.18060661852359772,0.18060661852359772,1
9418,9419,0.18060661852359772,0.18060661852359772,1
9918,9919,0.18060661852359772,0.18060661852359772,1
10068,10069,0.18060661852359772,0.18060661852359772,1
10468,10469,0.18060661852359772,0.18060661852359772,1
7018,7019,0.18060661852359772,0.18060661852359772,1
11068,11069,0.18060661852359772,0.18060661852359772,1
11618,11619,0.18060661852359772,0.18060661852359772,1
11718,11719,0.18060661852359772,0.18060661852359772,1
12218,12219,0.18060661852359772,0.18060661852359772,1
12818,12819,0.18060661852359772,0.18060661852359772,1
13518,13519,0.18060661852359772,0.18060661852359772,1
7768,7769,0.18060661852359772,0.18060661852359772,1
8568,8569,0.18060661852359772,0.18060661852359772,1
5768,5769,0.18060661852359772,0.18060661852359772,1
7718,7719,0.18060661852359772,0.18060661852359772,1
1868,1869,0.18060661852359772,0.18060661852359772,1
18,19,0.18060661852359772,0.18060661852359772,1
418,419,0.18060661852359772,0.18060661852359772,1
868,869,0.18060661852359772,0.18060661852359772,1
968,969,0.18060661852359772,0.18060661852359772,1
7668,7669,0.18060661852359772,0.18060661852359772,1
1518,1519,0.18060661852359772,0.18060661852359772,1
1168,1169,0.18060661852359772,0.18060661852359772,1
3618,3619,0.18060661852359772,0.18060661852359772,1
5718,5719,0.18060661852359772,0.18060661852359772,1
6018,6019,0.18060661852359772,0.18060661852359772,1
6518,6519,0.18060661852359772,0.18060661852359772,1
6718,6719,0.18060661852359772,0.18060661852359772,1
10468,10484,0.18055683374404907,0.18055683374404907,1
8568,8584,0.18055683374404907,0.18055683374404907,1
8668,8684,0.18055683374404907,0.18055683374404907,1
9418,9434,0.18055683374404907,0.18055683374404907,1
9918,9934,0.18055683374404907,0.18055683374404907,1
10068,10084,0.18055683374404907,0.18055683374404907,1
13518,13534,0.18055683374404907,0.18055683374404907,1
11018,11034,0.18055683374404907,0.18055683374404907,1
11068,11084,0.18055683374404907,0.18055683374404907,1
11618,11634,0.18055683374404907,0.18055683374404907,1
11718,11734,0.18055683374404907,0.18055683374404907,1
12218,12234,0.18055683374404907,0.18055683374404907,1
12818,12834,0.18055683374404907,0.18055683374404907,1
7768,7784,0.18055683374404907,0.18055683374404907,1
7718,7734,0.18055683374404907,0.18055683374404907,1
7668,7684,0.18055683374404907,0.18055683374404907,1
1868,1884,0.18055683374404907,0.18055683374404907,1
7018,7034,0.18055683374404907,0.18055683374404907,1
418,434,0.18055683374404907,0.18055683374404907,1
868,884,0.18055683374404907,0.18055683374404907,1
968,984,0.18055683374404907,0.18055683374404907,1
1168,1184,0.18055683374404907,0.18055683374404907,1
1518,1534,0.18055683374404907,0.18055683374404907,1
18,34,0.18055683374404907,0.18055683374404907,1
3618,3634,0.18055683374404907,0.18055683374404907,1
5768,5784,0.18055683374404907,0.18055683374404907,1
6018,6034,0.18055683374404907,0.18055683374404907,1
6518,6534,0.18055683374404907,0.18055683374404907,1
6718,6734,0.18055683374404907,0.18055683374404907,1
5718,5734,0.18055683374404907,0.18055683374404907,1
10451,10469,0.1805221140384674,0.1805221140384674,1
8551,8569,0.1805221140384674,0.1805221140384674,1
8651,8669,0.1805221140384674,0.1805221140384674,1
9401,9419,0.1805221140384674,0.1805221140384674,1
9901,9919,0.1805221140384674,0.1805221140384674,1
10051,10069,0.1805221140384674,0.1805221140384674,1
11601,11619,0.1805221140384674,0.1805221140384674,1
11001,11019,0.1805221140384674,0.1805221140384674,1
11051,11069,0.1805221140384674,0.1805221140384674,1
11701,11719,0.1805221140384674,0.1805221140384674,1
12201,12219,0.1805221140384674,0.1805221140384674,1
12801,12819,0.1805221140384674,0.1805221140384674,1
13501,13519,0.1805221140384674,0.1805221140384674,1
7751,7769,0.1805221140384674,0.1805221140384674,1
7701,7719,0.1805221140384674,0.1805221140384674,1
7651,7669,0.1805221140384674,0.1805221140384674,1
1851,1869,0.1805221140384674,0.1805221140384674,1
1,19,0.1805221140384674,0.1805221140384674,1
401,419,0.1805221140384674,0.1805221140384674,1
851,869,0.1805221140384674,0.1805221140384674,1
951,969,0.1805221140384674,0.1805221140384674,1
1151,1169,0.1805221140384674,0.1805221140384674,1
1501,1519,0.1805221140384674,0.1805221140384674,1
7001,7019,0.1805221140384674,0.1805221140384674,1
3601,3619,0.1805221140384674,0.1805221140384674,1
5751,5769,0.1805221140384674,0.1805221140384674,1
6001,6019,0.1805221140384674,0.1805221140384674,1
6501,6519,0.1805221140384674,0.1805221140384674,1
6701,6719,0.1805221140384674,0.1805221140384674,1
5701,5719,0.1805221140384674,0.1805221140384674,1
10451,10470,0.18048593401908875,0.18048593401908875,1
7751,7770,0.18048593401908875,0.18048593401908875,1
8551,8570,0.18048593401908875,0.18048593401908875,1
8651,8670,0.18048593401908875,0.18048593401908875,1
9401,9420,0.18048593401908875,0.18048593401908875,1
9901,9920,0.18048593401908875,0.18048593401908875,1
10051,10070,0.18048593401908875,0.18048593401908875,1
11601,11620,0.18048593401908875,0.18048593401908875,1
11001,11020,0.18048593401908875,0.18048593401908875,1
11051,11070,0.18048593401908875,0.18048593401908875,1
11701,11720,0.18048593401908875,0.18048593401908875,1
12201,12220,0.18048593401908875,0.18048593401908875,1
12801,12820,0.18048593401908875,0.18048593401908875,1
7701,7720,0.18048593401908875,0.18048593401908875,1
13501,13520,0.18048593401908875,0.18048593401908875,1
7651,7670,0.18048593401908875,0.18048593401908875,1
7001,7020,0.18048593401908875,0.18048593401908875,1
1501,1520,0.18048593401908875,0.18048593401908875,1
6701,6720,0.18048593401908875,0.18048593401908875,1
1,20,0.18048593401908875,0.18048593401908875,1
401,420,0.18048593401908875,0.18048593401908875,1
851,870,0.18048593401908875,0.18048593401908875,1
1151,1170,0.18048593401908875,0.18048593401908875,1
951,970,0.18048593401908875,0.18048593401908875,1
1851,1870,0.18048593401908875,0.18048593401908875,1
3601,3620,0.18048593401908875,0.18048593401908875,1
5701,5720,0.18048593401908875,0.18048593401908875,1
5751,5770,0.18048593401908875,0.18048593401908875,1
6001,6020,0.18048593401908875,0.18048593401908875,1
6501,6520,0.18048593401908875,0.18048593401908875,1
10468,10480,0.18014661967754364,0.18014661967754364,1
7718,7730,0.18014661967754364,0.18014661967754364,1
8668,8680,0.18014661967754364,0.18014661967754364,1
9418,9430,0.18014661967754364,0.18014661967754364,1
9918,9930,0.18014661967754364,0.18014661967754364,1
10068,10080,0.18014661967754364,0.18014661967754364,1
11618,11630,0.18014661967754364,0.18014661967754364,1
11018,11030,0.18014661967754364,0.18014661967754364,1
11068,11080,0.18014661967754364,0.18014661967754364,1
11718,11730,0.18014661967754364,0.18014661967754364,1
12218,12230,0.18014661967754364,0.18014661967754364,1
12818,12830,0.18014661967754364,0.18014661967754364,1
13518,13530,0.18014661967754364,0.18014661967754364,1
7768,7780,0.18014661967754364,0.18014661967754364,1
8568,8580,0.18014661967754364,0.18014661967754364,1
7668,7680,0.18014661967754364,0.18014661967754364,1
1868,1880,0.18014661967754364,0.18014661967754364,1
18,30,0.18014661967754364,0.18014661967754364,1
418,430,0.18014661967754364,0.18014661967754364,1
868,880,0.18014661967754364,0.18014661967754364,1
968,980,0.18014661967754364,0.18014661967754364,1
1168,1180,0.18014661967754364,0.18014661967754364,1
1518,1530,0.18014661967754364,0.18014661967754364,1
7018,7030,0.18014661967754364,0.18014661967754364,1
3618,3630,0.18014661967754364,0.18014661967754364,1
5768,5780,0.18014661967754364,0.18014661967754364,1
6018,6030,0.18014661967754364,0.18014661967754364,1
6518,6530,0.18014661967754364,0.18014661967754364,1
6718,6730,0.18014661967754364,0.18014661967754364,1
5718,5730,0.18014661967754364,0.18014661967754364,1
8668,8687,0.17995303869247437,0.17995303869247437,1
9918,9937,0.17995303869247437,0.17995303869247437,1
7718,7737,0.17995303869247437,0.17995303869247437,1
8568,8587,0.17995303869247437,0.17995303869247437,1
10468,10487,0.17995303869247437,0.17995303869247437,1
10068,10087,0.17995303869247437,0.17995303869247437,1
13518,13537,0.17995303869247437,0.17995303869247437,1
11018,11037,0.17995303869247437,0.17995303869247437,1
11068,11087,0.17995303869247437,0.17995303869247437,1
11618,11637,0.17995303869247437,0.17995303869247437,1
11718,11737,0.17995303869247437,0.17995303869247437,1
12218,12237,0.17995303869247437,0.17995303869247437,1
12818,12837,0.17995303869247437,0.17995303869247437,1
7768,7787,0.17995303869247437,0.17995303869247437,1
9418,9437,0.17995303869247437,0.17995303869247437,1
7668,7687,0.17995303869247437,0.17995303869247437,1
1518,1537,0.17995303869247437,0.17995303869247437,1
18,37,0.17995303869247437,0.17995303869247437,1
418,437,0.17995303869247437,0.17995303869247437,1
868,887,0.17995303869247437,0.17995303869247437,1
968,987,0.17995303869247437,0.17995303869247437,1
1168,1187,0.17995303869247437,0.17995303869247437,1
1868,1887,0.17995303869247437,0.17995303869247437,1
3618,3637,0.17995303869247437,0.17995303869247437,1
5718,5737,0.17995303869247437,0.17995303869247437,1
5768,5787,0.17995303869247437,0.17995303869247437,1
6018,6037,0.17995303869247437,0.17995303869247437,1
6518,6537,0.17995303869247437,0.17995303869247437,1
6718,6737,0.17995303869247437,0.17995303869247437,1
7018,7037,0.17995303869247437,0.17995303869247437,1
10318,10321,0.1796516627073288,0.1796516627073288,1
13868,13871,0.1796516627073288,0.1796516627073288,1
818,821,0.1796516627073288,0.1796516627073288,1
518,521,0.1796516627073288,0.1796516627073288,1
13520,13530,0.17936044931411743,0.17936044931411743,1
12820,12830,0.17936044931411743,0.17936044931411743,1
12220,12230,0.17936044931411743,0.17936044931411743,1
11720,11730,0.17936044931411743,0.17936044931411743,1
11620,11630,0.17936044931411743,0.17936044931411743,1
11070,11080,0.17936044931411743,0.17936044931411743,1
11020,11030,0.17936044931411743,0.17936044931411743,1
10470,10480,0.17936044931411743,0.17936044931411743,1
10070,10080,0.17936044931411743,0.17936044931411743,1
9920,9930,0.17936044931411743,0.17936044931411743,1
9420,9430,0.17936044931411743,0.17936044931411743,1
8670,8680,0.17936044931411743,0.17936044931411743,1
8570,8580,0.17936044931411743,0.17936044931411743,1
7770,7780,0.17936044931411743,0.17936044931411743,1
7720,7730,0.17936044931411743,0.17936044931411743,1
7670,7680,0.17936044931411743,0.17936044931411743,1
7020,7030,0.17936044931411743,0.17936044931411743,1
6720,6730,0.17936044931411743,0.17936044931411743,1
6520,6530,0.17936044931411743,0.17936044931411743,1
6020,6030,0.17936044931411743,0.17936044931411743,1
5770,5780,0.17936044931411743,0.17936044931411743,1
5720,5730,0.17936044931411743,0.17936044931411743,1
3620,3630,0.17936044931411743,0.17936044931411743,1
1870,1880,0.17936044931411743,0.17936044931411743,1
1520,1530,0.17936044931411743,0.17936044931411743,1
1170,1180,0.17936044931411743,0.17936044931411743,1
970,980,0.17936044931411743,0.17936044931411743,1
870,880,0.17936044931411743,0.17936044931411743,1
420,430,0.17936044931411743,0.17936044931411743,1
20,30,0.17936044931411743,0.17936044931411743,1
13870,13871,0.17902806401252747,0.17902806401252747,1
10320,10321,0.17902806401252747,0.17902806401252747,1
820,821,0.17902806401252747,0.17902806401252747,1
520,521,0.17902806401252747,0.17902806401252747,1
13852,13853,0.17897376418113708,0.17897376418113708,1
10302,10303,0.17897376418113708,0.17897376418113708,1
502,503,0.17897376418113708,0.17897376418113708,1
802,803,0.17897376418113708,0.17897376418113708,1
7720,7737,0.1787676364183426,0.1787676364183426,1
10470,10487,0.1787676364183426,0.1787676364183426,1
8570,8587,0.1787676364183426,0.1787676364183426,1
8670,8687,0.1787676364183426,0.1787676364183426,1
9420,9437,0.1787676364183426,0.1787676364183426,1
9920,9937,0.1787676364183426,0.1787676364183426,1
10070,10087,0.1787676364183426,0.1787676364183426,1
11070,11087,0.1787676364183426,0.1787676364183426,1
11020,11037,0.1787676364183426,0.1787676364183426,1
11620,11637,0.1787676364183426,0.1787676364183426,1
11720,11737,0.1787676364183426,0.1787676364183426,1
12220,12237,0.1787676364183426,0.1787676364183426,1
12820,12837,0.1787676364183426,0.1787676364183426,1
13520,13537,0.1787676364183426,0.1787676364183426,1
7770,7787,0.1787676364183426,0.1787676364183426,1
7020,7037,0.1787676364183426,0.1787676364183426,1
7670,7687,0.1787676364183426,0.1787676364183426,1
1870,1887,0.1787676364183426,0.1787676364183426,1
420,437,0.1787676364183426,0.1787676364183426,1
870,887,0.1787676364183426,0.1787676364183426,1
970,987,0.1787676364183426,0.1787676364183426,1
1170,1187,0.1787676364183426,0.1787676364183426,1
1520,1537,0.1787676364183426,0.1787676364183426,1
20,37,0.1787676364183426,0.1787676364183426,1
3620,3637,0.1787676364183426,0.1787676364183426,1
5770,5787,0.1787676364183426,0.1787676364183426,1
6020,6037,0.1787676364183426,0.1787676364183426,1
6520,6537,0.1787676364183426,0.1787676364183426,1
6720,6737,0.1787676364183426,0.1787676364183426,1
5720,5737,0.1787676364183426,0.1787676364183426,1
11007,11010,0.17863723635673523,0.17863723635673523,1
8557,8560,0.17863723635673523,0.17863723635673523,1
8657,8660,0.17863723635673523,0.17863723635673523,1
9907,9910,0.17863723635673523,0.17863723635673523,1
10057,10060,0.17863723635673523,0.17863723635673523,1
10457,10460,0.17863723635673523,0.17863723635673523,1
11607,11610,0.17863723635673523,0.17863723635673523,1
11057,11060,0.17863723635673523,0.17863723635673523,1
11707,11710,0.17863723635673523,0.17863723635673523,1
12207,12210,0.17863723635673523,0.17863723635673523,1
12807,12810,0.17863723635673523,0.17863723635673523,1
13507,13510,0.17863723635673523,0.17863723635673523,1
7707,7710,0.17863723635673523,0.17863723635673523,1
7757,7760,0.17863723635673523,0.17863723635673523,1
9407,9410,0.17863723635673523,0.17863723635673523,1
7657,7660,0.17863723635673523,0.17863723635673523,1
1857,1860,0.17863723635673523,0.17863723635673523,1
7007,7010,0.17863723635673523,0.17863723635673523,1
7,10,0.17863723635673523,0.17863723635673523,1
407,410,0.17863723635673523,0.17863723635673523,1
857,860,0.17863723635673523,0.17863723635673523,1
957,960,0.17863723635673523,0.17863723635673523,1
1507,1510,0.17863723635673523,0.17863723635673523,1
1157,1160,0.17863723635673523,0.17863723635673523,1
3607,3610,0.17863723635673523,0.17863723635673523,1
5707,5710,0.17863723635673523,0.17863723635673523,1
5757,5760,0.17863723635673523,0.17863723635673523,1
6007,6010,0.17863723635673523,0.17863723635673523,1
6507,6510,0.17863723635673523,0.17863723635673523,1
6707,6710,0.17863723635673523,0.17863723635673523,1
13518,13536,0.17763465642929077,0.17763465642929077,1
12818,12836,0.17763465642929077,0.17763465642929077,1
12218,12236,0.17763465642929077,0.17763465642929077,1
11718,11736,0.17763465642929077,0.17763465642929077,1
11618,11636,0.17763465642929077,0.17763465642929077,1
11068,11086,0.17763465642929077,0.17763465642929077,1
11018,11036,0.17763465642929077,0.17763465642929077,1
10468,10486,0.17763465642929077,0.17763465642929077,1
10068,10086,0.17763465642929077,0.17763465642929077,1
9918,9936,0.17763465642929077,0.17763465642929077,1
9418,9436,0.17763465642929077,0.17763465642929077,1
7718,7736,0.17763465642929077,0.17763465642929077,1
8668,8686,0.17763465642929077,0.17763465642929077,1
8568,8586,0.17763465642929077,0.17763465642929077,1
7768,7786,0.17763465642929077,0.17763465642929077,1
6518,6536,0.17763465642929077,0.17763465642929077,1
7668,7686,0.17763465642929077,0.17763465642929077,1
1518,1536,0.17763465642929077,0.17763465642929077,1
7018,7036,0.17763465642929077,0.17763465642929077,1
18,36,0.17763465642929077,0.17763465642929077,1
418,436,0.17763465642929077,0.17763465642929077,1
868,886,0.17763465642929077,0.17763465642929077,1
1168,1186,0.17763465642929077,0.17763465642929077,1
968,986,0.17763465642929077,0.17763465642929077,1
1868,1886,0.17763465642929077,0.17763465642929077,1
3618,3636,0.17763465642929077,0.17763465642929077,1
5718,5736,0.17763465642929077,0.17763465642929077,1
5768,5786,0.17763465642929077,0.17763465642929077,1
6018,6036,0.17763465642929077,0.17763465642929077,1
6718,6736,0.17763465642929077,0.17763465642929077,1
11020,11036,0.17692096531391144,0.17692096531391144,1
8570,8586,0.17692096531391144,0.17692096531391144,1
8670,8686,0.17692096531391144,0.17692096531391144,1
9420,9436,0.17692096531391144,0.17692096531391144,1
9920,9936,0.17692096531391144,0.17692096531391144,1
10070,10086,0.17692096531391144,0.17692096531391144,1
10470,10486,0.17692096531391144,0.17692096531391144,1
11720,11736,0.17692096531391144,0.17692096531391144,1
11070,11086,0.17692096531391144,0.17692096531391144,1
11620,11636,0.17692096531391144,0.17692096531391144,1
12220,12236,0.17692096531391144,0.17692096531391144,1
12820,12836,0.17692096531391144,0.17692096531391144,1
13520,13536,0.17692096531391144,0.17692096531391144,1
7720,7736,0.17692096531391144,0.17692096531391144,1
7770,7786,0.17692096531391144,0.17692096531391144,1
7020,7036,0.17692096531391144,0.17692096531391144,1
7670,7686,0.17692096531391144,0.17692096531391144,1
1870,1886,0.17692096531391144,0.17692096531391144,1
420,436,0.17692096531391144,0.17692096531391144,1
870,886,0.17692096531391144,0.17692096531391144,1
970,986,0.17692096531391144,0.17692096531391144,1
1170,1186,0.17692096531391144,0.17692096531391144,1
1520,1536,0.17692096531391144,0.17692096531391144,1
20,36,0.17692096531391144,0.17692096531391144,1
3620,3636,0.17692096531391144,0.17692096531391144,1
5770,5786,0.17692096531391144,0.17692096531391144,1
6020,6036,0.17692096531391144,0.17692096531391144,1
6520,6536,0.17692096531391144,0.17692096531391144,1
6720,6736,0.17692096531391144,0.17692096531391144,1
5720,5736,0.17692096531391144,0.17692096531391144,1
11011,11014,0.17651128768920898,0.17651128768920898,1
8661,8664,0.17651128768920898,0.17651128768920898,1
9411,9414,0.17651128768920898,0.17651128768920898,1
9911,9914,0.17651128768920898,0.17651128768920898,1
10061,10064,0.17651128768920898,0.17651128768920898,1
10461,10464,0.17651128768920898,0.17651128768920898,1
11711,11714,0.17651128768920898,0.17651128768920898,1
11061,11064,0.17651128768920898,0.17651128768920898,1
11611,11614,0.17651128768920898,0.17651128768920898,1
12211,12214,0.17651128768920898,0.17651128768920898,1
12811,12814,0.17651128768920898,0.17651128768920898,1
13511,13514,0.17651128768920898,0.17651128768920898,1
7761,7764,0.17651128768920898,0.17651128768920898,1
8561,8564,0.17651128768920898,0.17651128768920898,1
7711,7714,0.17651128768920898,0.17651128768920898,1
1161,1164,0.17651128768920898,0.17651128768920898,1
3611,3614,0.17651128768920898,0.17651128768920898,1
11,14,0.17651128768920898,0.17651128768920898,1
7661,7664,0.17651128768920898,0.17651128768920898,1
411,414,0.17651128768920898,0.17651128768920898,1
861,864,0.17651128768920898,0.17651128768920898,1
961,964,0.17651128768920898,0.17651128768920898,1
1511,1514,0.17651128768920898,0.17651128768920898,1
1861,1864,0.17651128768920898,0.17651128768920898,1
5711,5714,0.17651128768920898,0.17651128768920898,1
5761,5764,0.17651128768920898,0.17651128768920898,1
6011,6014,0.17651128768920898,0.17651128768920898,1
6511,6514,0.17651128768920898,0.17651128768920898,1
6711,6714,0.17651128768920898,0.17651128768920898,1
7011,7014,0.17651128768920898,0.17651128768920898,1
13870,13898,0.17608825862407684,0.17608825862407684,1
10320,10348,0.17608825862407684,0.17608825862407684,1
820,848,0.17608825862407684,0.17608825862407684,1
520,548,0.17608825862407684,0.17608825862407684,1
7768,7790,0.17603765428066254,0.17603765428066254,1
13518,13540,0.17603765428066254,0.17603765428066254,1
12818,12840,0.17603765428066254,0.17603765428066254,1
12218,12240,0.17603765428066254,0.17603765428066254,1
11718,11740,0.17603765428066254,0.17603765428066254,1
11618,11640,0.17603765428066254,0.17603765428066254,1
11068,11090,0.17603765428066254,0.17603765428066254,1
11018,11040,0.17603765428066254,0.17603765428066254,1
10468,10490,0.17603765428066254,0.17603765428066254,1
10068,10090,0.17603765428066254,0.17603765428066254,1
9918,9940,0.17603765428066254,0.17603765428066254,1
9418,9440,0.17603765428066254,0.17603765428066254,1
8668,8690,0.17603765428066254,0.17603765428066254,1
8568,8590,0.17603765428066254,0.17603765428066254,1
7718,7740,0.17603765428066254,0.17603765428066254,1
968,990,0.17603765428066254,0.17603765428066254,1
7668,7690,0.17603765428066254,0.17603765428066254,1
7018,7040,0.17603765428066254,0.17603765428066254,1
6718,6740,0.17603765428066254,0.17603765428066254,1
6518,6540,0.17603765428066254,0.17603765428066254,1
6018,6040,0.17603765428066254,0.17603765428066254,1
5768,5790,0.17603765428066254,0.17603765428066254,1
5718,5740,0.17603765428066254,0.17603765428066254,1
3618,3640,0.17603765428066254,0.17603765428066254,1
1868,1890,0.17603765428066254,0.17603765428066254,1
1518,1540,0.17603765428066254,0.17603765428066254,1
1168,1190,0.17603765428066254,0.17603765428066254,1
18,40,0.17603765428066254,0.17603765428066254,1
868,890,0.17603765428066254,0.17603765428066254,1
418,440,0.17603765428066254,0.17603765428066254,1
13851,13898,0.17583829164505005,0.17583829164505005,1
10301,10348,0.17583829164505005,0.17583829164505005,1
801,848,0.17583829164505005,0.17583829164505005,1
501,548,0.17583829164505005,0.17583829164505005,1
10470,10490,0.17575080692768097,0.17575080692768097,1
8570,8590,0.17575080692768097,0.17575080692768097,1
8670,8690,0.17575080692768097,0.17575080692768097,1
9420,9440,0.17575080692768097,0.17575080692768097,1
9920,9940,0.17575080692768097,0.17575080692768097,1
10070,10090,0.17575080692768097,0.17575080692768097,1
13520,13540,0.17575080692768097,0.17575080692768097,1
11020,11040,0.17575080692768097,0.17575080692768097,1
11070,11090,0.17575080692768097,0.17575080692768097,1
11620,11640,0.17575080692768097,0.17575080692768097,1
11720,11740,0.17575080692768097,0.17575080692768097,1
12220,12240,0.17575080692768097,0.17575080692768097,1
12820,12840,0.17575080692768097,0.17575080692768097,1
7720,7740,0.17575080692768097,0.17575080692768097,1
7770,7790,0.17575080692768097,0.17575080692768097,1
6520,6540,0.17575080692768097,0.17575080692768097,1
7670,7690,0.17575080692768097,0.17575080692768097,1
1520,1540,0.17575080692768097,0.17575080692768097,1
20,40,0.17575080692768097,0.17575080692768097,1
420,440,0.17575080692768097,0.17575080692768097,1
870,890,0.17575080692768097,0.17575080692768097,1
7020,7040,0.17575080692768097,0.17575080692768097,1
1170,1190,0.17575080692768097,0.17575080692768097,1
970,990,0.17575080692768097,0.17575080692768097,1
1870,1890,0.17575080692768097,0.17575080692768097,1
3620,3640,0.17575080692768097,0.17575080692768097,1
5720,5740,0.17575080692768097,0.17575080692768097,1
5770,5790,0.17575080692768097,0.17575080692768097,1
6020,6040,0.17575080692768097,0.17575080692768097,1
6720,6740,0.17575080692768097,0.17575080692768097,1
11001,11004,0.17515620589256287,0.17515620589256287,1
8551,8554,0.17515620589256287,0.17515620589256287,1
8651,8654,0.17515620589256287,0.17515620589256287,1
9401,9404,0.17515620589256287,0.17515620589256287,1
9901,9904,0.17515620589256287,0.17515620589256287,1
10451,10454,0.17515620589256287,0.17515620589256287,1
7701,7704,0.17515620589256287,0.17515620589256287,1
11051,11054,0.17515620589256287,0.17515620589256287,1
11601,11604,0.17515620589256287,0.17515620589256287,1
11701,11704,0.17515620589256287,0.17515620589256287,1
12201,12204,0.17515620589256287,0.17515620589256287,1
12801,12804,0.17515620589256287,0.17515620589256287,1
13501,13504,0.17515620589256287,0.17515620589256287,1
7751,7754,0.17515620589256287,0.17515620589256287,1
10051,10054,0.17515620589256287,0.17515620589256287,1
7651,7654,0.17515620589256287,0.17515620589256287,1
3601,3604,0.17515620589256287,0.17515620589256287,1
401,404,0.17515620589256287,0.17515620589256287,1
851,854,0.17515620589256287,0.17515620589256287,1
951,954,0.17515620589256287,0.17515620589256287,1
1151,1154,0.17515620589256287,0.17515620589256287,1
1501,1504,0.17515620589256287,0.17515620589256287,1
1851,1854,0.17515620589256287,0.17515620589256287,1
7001,7004,0.17515620589256287,0.17515620589256287,1
5701,5704,0.17515620589256287,0.17515620589256287,1
5751,5754,0.17515620589256287,0.17515620589256287,1
6001,6004,0.17515620589256287,0.17515620589256287,1
6501,6504,0.17515620589256287,0.17515620589256287,1
6701,6704,0.17515620589256287,0.17515620589256287,1
1,4,0.17515620589256287,0.17515620589256287,1
13853,13854,0.1702307164669037,0.1702307164669037,1
10303,10304,0.1702307164669037,0.1702307164669037,1
503,504,0.1702307164669037,0.1702307164669037,1
803,804,0.1702307164669037,0.1702307164669037,1
7718,7721,0.1692071259021759,0.1692071259021759,1
10468,10471,0.1692071259021759,0.1692071259021759,1
8568,8571,0.1692071259021759,0.1692071259021759,1
8668,8671,0.1692071259021759,0.1692071259021759,1
9418,9421,0.1692071259021759,0.1692071259021759,1
9918,9921,0.1692071259021759,0.1692071259021759,1
10068,10071,0.1692071259021759,0.1692071259021759,1
11068,11071,0.1692071259021759,0.1692071259021759,1
11018,11021,0.1692071259021759,0.1692071259021759,1
11618,11621,0.1692071259021759,0.1692071259021759,1
11718,11721,0.1692071259021759,0.1692071259021759,1
12218,12221,0.1692071259021759,0.1692071259021759,1
12818,12821,0.1692071259021759,0.1692071259021759,1
13518,13521,0.1692071259021759,0.1692071259021759,1
7768,7771,0.1692071259021759,0.1692071259021759,1
6718,6721,0.1692071259021759,0.1692071259021759,1
7668,7671,0.1692071259021759,0.1692071259021759,1
1868,1871,0.1692071259021759,0.1692071259021759,1
7018,7021,0.1692071259021759,0.1692071259021759,1
418,421,0.1692071259021759,0.1692071259021759,1
868,871,0.1692071259021759,0.1692071259021759,1
968,971,0.1692071259021759,0.1692071259021759,1
1518,1521,0.1692071259021759,0.1692071259021759,1
1168,1171,0.1692071259021759,0.1692071259021759,1
3618,3621,0.1692071259021759,0.1692071259021759,1
5718,5721,0.1692071259021759,0.1692071259021759,1
5768,5771,0.1692071259021759,0.1692071259021759,1
6018,6021,0.1692071259021759,0.1692071259021759,1
6518,6521,0.1692071259021759,0.1692071259021759,1
18,21,0.1692071259021759,0.1692071259021759,1
11020,11021,0.168876513838768,0.168876513838768,1
8570,8571,0.168876513838768,0.168876513838768,1
8670,8671,0.168876513838768,0.168876513838768,1
9420,9421,0.168876513838768,0.168876513838768,1
9920,9921,0.168876513838768,0.168876513838768,1
10070,10071,0.168876513838768,0.168876513838768,1
13520,13521,0.168876513838768,0.168876513838768,1
11070,11071,0.168876513838768,0.168876513838768,1
11620,11621,0.168876513838768,0.168876513838768,1
11720,11721,0.168876513838768,0.168876513838768,1
12220,12221,0.168876513838768,0.168876513838768,1
12820,12821,0.168876513838768,0.168876513838768,1
7720,7721,0.168876513838768,0.168876513838768,1
7770,7771,0.168876513838768,0.168876513838768,1
10470,10471,0.168876513838768,0.168876513838768,1
7670,7671,0.168876513838768,0.168876513838768,1
1870,1871,0.168876513838768,0.168876513838768,1
20,21,0.168876513838768,0.168876513838768,1
420,421,0.168876513838768,0.168876513838768,1
870,871,0.168876513838768,0.168876513838768,1
970,971,0.168876513838768,0.168876513838768,1
1170,1171,0.168876513838768,0.168876513838768,1
1520,1521,0.168876513838768,0.168876513838768,1
7020,7021,0.168876513838768,0.168876513838768,1
3620,3621,0.168876513838768,0.168876513838768,1
5770,5771,0.168876513838768,0.168876513838768,1
6020,6021,0.168876513838768,0.168876513838768,1
6520,6521,0.168876513838768,0.168876513838768,1
6720,6721,0.168876513838768,0.168876513838768,1
5720,5721,0.168876513838768,0.168876513838768,1
7703,7704,0.15828143060207367,0.15828143060207367,1
13503,13504,0.15828143060207367,0.15828143060207367,1
12803,12804,0.15828143060207367,0.15828143060207367,1
12203,12204,0.15828143060207367,0.15828143060207367,1
11703,11704,0.15828143060207367,0.15828143060207367,1
11603,11604,0.15828143060207367,0.15828143060207367,1
11053,11054,0.15828143060207367,0.15828143060207367,1
11003,11004,0.15828143060207367,0.15828143060207367,1
10453,10454,0.15828143060207367,0.15828143060207367,1
10053,10054,0.15828143060207367,0.15828143060207367,1
9403,9404,0.15828143060207367,0.15828143060207367,1
8653,8654,0.15828143060207367,0.15828143060207367,1
8553,8554,0.15828143060207367,0.15828143060207367,1
7753,7754,0.15828143060207367,0.15828143060207367,1
9903,9904,0.15828143060207367,0.15828143060207367,1
7653,7654,0.15828143060207367,0.15828143060207367,1
1853,1854,0.15828143060207367,0.15828143060207367,1
7003,7004,0.15828143060207367,0.15828143060207367,1
403,404,0.15828143060207367,0.15828143060207367,1
853,854,0.15828143060207367,0.15828143060207367,1
953,954,0.15828143060207367,0.15828143060207367,1
1153,1154,0.15828143060207367,0.15828143060207367,1
1503,1504,0.15828143060207367,0.15828143060207367,1
3,4,0.15828143060207367,0.15828143060207367,1
3603,3604,0.15828143060207367,0.15828143060207367,1
5753,5754,0.15828143060207367,0.15828143060207367,1
6003,6004,0.15828143060207367,0.15828143060207367,1
6503,6504,0.15828143060207367,0.15828143060207367,1
5703,5704,0.15828143060207367,0.15828143060207367,1
6703,6704,0.15828143060207367,0.15828143060207367,1
